tree
version=v4
num_class=1
num_tree_per_iteration=1
label_index=0
max_feature_idx=26
objective=binary sigmoid:1
feature_names=cms_segid final_gender_code age_level pvalue_level shopping_level occupation new_user_class_level customer price brand cate_id pid user_count_1H user_ctr_1H user_count_1D user_ctr_1D user_count_3D user_ctr_3D gender_cate age_cate hour_cate user_cate_affinity dayofweek is_weekend hour time_since_last_click price_bucket
feature_infos=[-1:96] [-1:2] [-1:6] [-1:3] [-1:3] [-1:1] [-1:4] [3:255847] [0.0099011522708205169:2.837748559730799] [0:1] [0:1] [0.050087399695853893:0.053899918528364996] [0:24] [0:1] [0:44] [0:1] [0:78] [0:1] [0:1] [0:1] [0:0.17499999999999999] [0:1] [0:6] [0:1] [0:23] [0:999999] none
tree_sizes=3440 3566 3561 3574 3578 3561 3558 3570 3583 3552 3576 3567 3588 3543 3604 3570 3543 3570 3584 3574 3544 3581 3552 3568 3605 3561 3586 3538 3563 3566 3560 3524 3547 3559 3545 3541 3531 3508 3552 3503 3505 3525 3559 3551 3524 3530 3557 3524 3495 3534 3521 3522 3517 3536 3520 3502 3493 3529 3530 3530 3532 3508 3467 3502 3508 3476 3499 3496 3441 3478 3463 3479 3491 3488 3473 3474 3473 3452 3486 3507 3449 3417 3462 3471 3468 3470 3445 3499 3440 3509 3401 3483 3425 3482 3422 3432 3430 3460 3469 3422 3450 3423 3450 3437 3427 3451 3482 3420 3465 3492 3410 3436 3412 3424 3437 3445 3439 3440 3456 3420 3416 3413 3446 3500 3540 3466 3415 3423 3441 3442 3429 3478 3424 3485 3475 3416 3427 3443 3434 3446 3483 3434 3410 3412 3410 3411 3486 3476 3457 3443 3480 3442 3482 3434 3458 3470 3458 3423 3416 3427 3428 3397 3454 3437 3419 3444 3443 3430 3425 3479 3464 3450 3433 3446 3402 3455 3470 3515 3430 3403 3491 3424 3490 3452 3421 3434 3416 3412 3431 3418 3446 3454 3448 3432 3474 3400 3441 3456 3427 3420

Tree=0
num_leaves=31
num_cat=0
split_feature=16 10 17 9 8 25 9 16 21 12 25 8 21 12 10 21 9 10 8 21 25 9 21 8 17 21 21 9 8 11
split_gain=1669.68 591.294 243.642 181.231 180.996 133.949 109.598 86.9618 86.4907 86.4073 84.283 80.4801 55.4872 52.547 51.4068 49.8985 41.2912 39.2099 37.1964 36.3879 42.1142 35.809 43.4669 35.7063 33.2959 32.5955 32.2518 29.4855 26.808 35.8023
threshold=1.5000000000000002 0.05325138309541548 0.20416666666666669 0.052702433187076195 1.61537906892284 9636.5000000000018 0.046241424648953956 3.5000000000000004 0.080128205128205135 1.0000000180025095e-35 73020.000000000015 1.5102425125215306 0.30384615384615393 1.0000000180025095e-35 0.054681522447164906 0.059714795008912663 0.34313725490196084 0.043391752850937347 1.8210463534389751 0.12250000000000001 74340.500000000015 0.055366492971767219 0.30384615384615393 1.61537906892284 0.40833333333333338 0.46428571428571436 0.096399535423925681 0.28991596638655465 0.52805973025047626 0.050168168696291163
decision_type=2 2 2 2 2 2 2 2 2 2 2 2 2 2 2 2 2 2 2 2 2 2 2 2 2 2 2 2 2 2
left_child=1 4 5 11 21 8 19 14 23 15 25 -3 18 -13 -7 17 -10 -8 28 20 -6 -1 -23 -2 -4 -5 -9 -14 29 -12
right_child=2 3 24 10 6 7 9 26 16 -11 12 13 27 -15 -16 -17 -18 -19 -20 -21 -22 22 -24 -25 -26 -27 -28 -29 -30 -31
leaf_value=-2.9046696339203075 -2.9256717535303673 -2.8838758598668228 -2.9089821087597376 -2.904045101523272 -2.9286635195856072 -2.9218359194377341 -2.9134133547137102 -2.9288743269755018 -2.9107710773269346 -2.9343267503572852 -2.6917671756693924 -2.9061565826160454 -2.8558225498139356 -2.9317145628019836 -2.9083993271949029 -2.8638299998868537 -2.6357996603103362 -2.9049532512844851 -2.8952307250801907 -2.8782979660280308 -2.9172993212643008 -2.8923695143654315 -2.7718471778827447 -2.935222786720094 -2.8900980456774312 -2.8590793774888486 -2.9075554677796083 -2.5926626425434751 -2.8882292470748254 -2.8611434530144342
leaf_weight=1003.6051370725036 1195.8722809106112 394.75918158516288 585.65648317709565 1606.3846483267844 989.02610173821449 1536.4248478971422 2279.3685746975243 3001.6668219305575 410.02313804253936 325.23968759179115 3.6692203022539642 3531.5022335760295 96.329263668507338 213.25508396700025 1326.349754858762 63.697664447128773 1.3698422461748112 3431.2591349184513 2944.6715999022126 54.646921034902334 4639.9003024809062 1062.06804722175 7.5341323539614669 5384.8009467758238 388.10566210374236 41.3398820720613 188.54900059849024 1.0763046219944943 4253.0177138112485 20.841171316802502
leaf_count=20514 24444 8069 11971 32835 20216 31405 46591 61355 8381 6648 75 72185 1969 4359 27111 1302 28 70136 60190 1117 94841 21709 154 110067 7933 845 3854 22 86933 426
internal_value=-2.91159 -2.90431 -2.92558 -2.89669 -2.91151 -2.92738 -2.91391 -2.92194 -2.9321 -2.90925 -2.8927 -2.90535 -2.8904 -2.90761 -2.91561 -2.90784 -2.90986 -2.90833 -2.89091 -2.9189 -2.9193 -2.89789 -2.89152 -2.93349 -2.90146 -2.90292 -2.92761 -2.85291 -2.88793 -2.83579
internal_weight=40982 26963.2 14018.8 13106.8 13856.3 13045.1 11783.1 6052.99 6992.07 6099.57 8967.33 4139.52 7319.61 3744.76 2862.77 5774.33 411.393 5710.63 7222.2 5683.57 5628.93 2073.21 1069.6 6580.67 973.762 1647.72 3190.22 97.4056 4277.53 24.5104
internal_count=837685 551136 286549 267908 283228 266645 240851 123725 142920 124677 183295 84613 149615 76544 58516 118029 8409 116727 147624 116174 115057 42377 21863 134511 19904 33680 65209 1991 87434 501
is_linear=0
shrinkage=1


Tree=1
num_leaves=31
num_cat=0
split_feature=16 10 17 8 9 12 9 16 12 25 8 21 21 10 25 21 25 10 21 21 25 8 9 21 15 21 18 17 19 25
split_gain=1516.35 522.698 223.882 161.581 157.588 127.624 99.6145 96.572 80.5376 72.6947 70.1002 53.0368 51.0523 50.4074 48.5519 45.4801 42.8141 42.7734 40.5536 33.9698 38.0523 31.7127 31.1023 33.1149 30.0402 29.1301 37.2585 29.1068 24.8936 23.6885
threshold=1.5000000000000002 0.05325138309541548 0.20416666666666669 1.61537906892284 0.052702433187076195 1.0000000180025095e-35 0.045669549412649828 3.5000000000000004 1.0000000180025095e-35 73020.000000000015 1.5102425125215306 0.059714795008912663 0.11651583710407241 0.054681522447164906 11721.000000000002 0.30384615384615393 100.50000000000001 0.043391752850937347 0.059714795008912663 0.12250000000000001 74340.500000000015 1.8210463534389751 0.055366492971767219 0.30384615384615393 0.87500000000000011 0.30384615384615393 0.095311355311355331 0.40833333333333338 0.057940215706995764 239364.50000000003
decision_type=2 2 2 2 2 2 2 2 2 2 2 2 2 2 2 2 2 2 2 2 2 2 2 2 2 2 2 2 2 2
left_child=1 3 5 22 10 7 19 13 17 24 29 16 28 -2 -12 21 -7 -8 -19 20 -5 -11 -1 -24 -6 -15 -27 -4 -9 -3
right_child=2 4 27 6 9 11 8 12 -10 15 14 -13 -14 25 -16 -17 -18 18 -20 -21 -22 -23 23 -25 -26 26 -28 -29 -30 -31
leaf_value=0.0065280859763127393 -0.010601016768328447 0.0064385975479909893 0.0024669892779764341 -0.016454679377479478 0.006744943830296714 -0.027941252439851301 -0.001761920383205986 -0.019980526793775082 -0.022186706181440585 0.021988918900499421 -0.010960516773006964 -0.0017904952974637891 0.0058470423763734717 0.00068161639140262549 0.0059539314178247357 0.052782356319447603 -0.018409406447652859 0.0063498788444857389 0.052412220727358197 0.031883290434440763 -0.0055285446152780054 0.015304771329074891 0.017935120681818 0.11683044215445088 0.039945286778796725 0.041482902848915724 0.3296732094875956 0.020013415610542346 -0.011377070376009922 0.033274586931178858
leaf_weight=1009.8465607389808 1837.9254747889936 114.79800483584404 587.02511754259467 964.96996579691768 1589.4222363978624 2154.179984472692 2317.7974827773869 2913.8022372685373 321.60882109776139 4369.1861778795719 487.49385400116444 322.99359907954931 248.39226199686527 1577.756668869406 3270.674189645797 102.67834838852286 2599.9043569155037 3476.2192500606179 48.449421472847462 55.493365488946438 4574.4146200492978 2988.1407985463738 1080.5099300742149 8.5315315797924978 71.184478349983692 23.882893495261673 1.176779843866824 395.64813888072968 1181.783876016736 289.87875401973724
leaf_count=20514 37982 2289 11971 20029 32249 44906 47440 60554 6709 87434 10015 6602 5061 32279 66529 1991 54197 70640 949 1101 93983 60190 21709 154 1431 487 24 7933 24553 5780
internal_value=-5.82804e-06 0.0068629 -0.0134716 6.94961e-05 0.0139501 -0.0152291 -0.00221152 -0.0112068 0.00217286 0.0176293 0.00588898 -0.0213965 -0.0161631 -0.00494945 0.00375986 0.0197354 -0.0227285 0.00351378 0.00698304 -0.00704194 -0.0074319 0.0192742 0.0128488 0.0187099 0.00816813 0.00153112 0.0550161 0.00953161 -0.017498 0.0256618
internal_weight=40985.8 27141.3 13844.5 13857.8 13283.5 12861.8 11759 7784.72 6164.07 9120.61 4162.84 5077.08 4343.98 3440.74 3758.17 7460.01 4754.08 5842.47 3524.67 5594.88 5539.38 7357.33 2098.89 1089.04 1660.61 1602.82 25.0597 982.673 4095.59 404.677
internal_count=837685 551136 286549 283228 267908 266645 240851 160940 125738 183295 84613 105705 90168 70772 76544 149615 99103 119029 71589 115113 114012 147624 42377 21863 33680 32790 511 19904 85107 8069
is_linear=0
shrinkage=0.05


Tree=2
num_leaves=31
num_cat=0
split_feature=16 10 17 8 9 25 16 12 9 25 8 21 10 21 12 21 17 21 8 10 21 11 8 9 21 21 17 0 22 12
split_gain=1377.1 462.695 205.646 144.361 137.395 121.482 106.148 92.7174 96.4992 63.068 61.1915 55.7485 50.8233 47.4841 45.16 41.323 38.467 36.1741 31.4787 31.2945 30.0555 29.0137 32.0058 27.0859 26.2816 26.2687 25.5228 25.3397 31.657 24.9058
threshold=1.5000000000000002 0.05325138309541548 0.20416666666666669 1.61537906892284 0.052702433187076195 206.50000000000003 3.5000000000000004 1.0000000180025095e-35 0.047206952904471855 57538.500000000007 1.5102425125215306 0.11651583710407241 0.052858011707171582 0.059714795008912663 1.0000000180025095e-35 0.38750000000000007 0.10471491228070177 0.059714795008912663 1.4201310989905285 0.043391752850937347 0.46428571428571436 0.051963024990569533 1.1898064135664306 0.055366492971767219 0.30384615384615393 0.10818713450292398 0.34313725490196084 -1.0000000180025095e-35 3.5000000000000004 1.0000000180025095e-35
decision_type=2 2 2 2 2 2 2 2 2 2 2 2 2 2 2 2 2 2 2 2 2 2 2 2 2 2 2 2 2 2
left_child=1 3 5 23 10 13 12 8 20 -6 -3 16 18 29 -12 21 -8 19 -7 -10 -5 22 -11 -1 -14 -25 -4 28 -22 -2
right_child=2 4 26 7 9 6 11 -9 17 15 14 -13 24 -15 -16 -17 -18 -19 -20 -21 27 -23 -24 25 -26 -27 -28 -29 -30 -31
leaf_value=0.0061645697830550929 -0.015807207300157229 0.02380759017581445 0.0019769833252081983 -0.0062082047603326833 0.0072544353852145686 0.017217619958368454 -0.018948197278780915 -0.021219936049220171 -0.001589895118004981 0.037055646387771021 0.0048787694389912711 0.0050297297946815863 7.4892950705190615e-06 -0.0012469649505342756 -0.019123101202289286 0.050310809255996181 -0.0038269120509278965 0.039684051986231483 -0.012548997531333067 0.0060000619169166157 0.024233243774847084 0.021926224054404142 0.014763077344609141 0.016706884342910837 0.047185302002150632 0.095193301259366064 0.018174845333599417 0.026988420964490729 0.38536925699676194 -0.025502981949798498
leaf_weight=1015.7695397436619 858.25995063409209 414.07611076161265 562.96551309525967 5344.8546849563718 1544.4743876382709 93.738359309732914 4210.9721405021846 601.96201004087925 2246.6818329580128 166.8074056878686 3563.5072711482644 293.41083347797394 1879.1668072789907 261.30334772914648 207.38142527639866 99.658328823745251 467.25007036700845 67.999679028987885 1691.8599136397243 3433.7461483664811 1.29641406238079 2823.2486640810966 4631.4332027509809 1096.660197775811 29.991119865328074 10.765450298786162 428.14765268191695 38.17655012384057 1.1408443748950956 2901.3132826387882
leaf_count=20514 18105 8069 11455 110597 31097 1956 88942 12737 46071 3254 72185 5960 38643 5343 4359 1845 9866 1288 35364 69375 25 55724 91375 21683 591 180 8449 736 22 61875
internal_value=-1.08032e-05 0.0064753 -0.0129607 6.37417e-05 0.0130816 -0.0146742 -0.0113416 -0.00210679 -0.00107342 0.0164778 0.00556227 -0.0161119 -0.00492265 -0.0218571 0.00355878 0.0183227 -0.0174379 0.0034321 -0.0109863 0.00299814 -0.0058826 0.0179044 0.0155381 0.0120612 0.000748609 0.0174699 0.00897424 0.0369674 0.193276 -0.0232896
internal_weight=40988 27309.6 13678.4 13859.1 13450.6 12687.3 8666.39 11735.9 11133.9 9265.62 4184.96 4971.63 3694.76 4020.88 3770.89 7721.15 4678.22 5748.43 1785.6 5680.43 5385.47 7621.49 4798.24 2123.2 1909.16 1107.43 991.113 40.6138 2.43726 3759.57
internal_count=837685 551136 286549 283228 267908 266645 181322 240851 228114 183295 84613 104768 76554 85323 76544 152198 98808 116734 37320 115446 111380 150353 94629 42377 39234 21863 19904 783 47 79980
is_linear=0
shrinkage=0.05


Tree=3
num_leaves=31
num_cat=0
split_feature=16 10 17 8 9 25 12 9 21 16 12 8 21 12 10 8 10 21 8 10 2 9 10 19 10 19 21 19 12 25
split_gain=1250.55 410.097 188.817 129.07 120.05 115.332 85.6149 88.8148 72.1949 69.6021 56.5998 53.5605 49.4395 41.1818 39.7727 39.1444 37.9961 40.3211 35.1443 29.3295 28.9802 28.7206 26.1003 25.3062 25.1571 24.7852 24.3418 24.2496 22.617 22.3419
threshold=1.5000000000000002 0.05325138309541548 0.20416666666666669 1.61537906892284 0.052702433187076195 9636.5000000000018 1.0000000180025095e-35 0.030747743876235498 0.080128205128205135 3.5000000000000004 1.0000000180025095e-35 1.5102425125215306 0.38750000000000007 1.0000000180025095e-35 0.054681522447164906 1.8210463534389751 0.043391752850937347 0.059714795008912663 1.61537906892284 0.052245028332489861 5.5000000000000009 0.34313725490196084 0.065979412609398866 0.043948615184038552 0.05481159252979189 0.028639781271360222 0.088932806324110686 1.0000000180025095e-35 1.0000000180025095e-35 100177.00000000001
decision_type=2 2 2 2 2 2 2 2 2 2 2 2 2 2 2 2 2 2 2 2 2 2 2 2 2 2 2 2 2 2
left_child=1 3 5 23 11 8 7 -5 18 14 12 -3 15 26 -7 25 20 -18 -2 -11 -9 22 -10 27 28 -6 -13 -1 -4 -17
right_child=2 4 24 6 10 9 -8 16 21 19 -12 13 -14 -15 -16 29 17 -19 -20 -21 -22 -23 -24 -25 -26 -27 -28 -29 -30 -31
leaf_value=0.014168890545525456 -0.012056380519267391 0.022130452404517914 0.008150161748337003 -0.0069106725674095495 0.0031530378467781437 -0.0089812118666346853 -0.020558567099850086 -0.00276168178024802 -0.0018262553087018418 -0.019714754664269585 -0.0012953157101619614 0.0040655417986674765 0.046730756123687607 -0.018490904871864843 0.0028985096164912622 0.0028238640867244511 0.0048113559609655535 0.045894522946508413 -0.021769054893214849 -0.0098602948859985665 0.033943354121733625 0.20386310299160218 0.062351299785690643 0.01680621428665233 0.016443573314433059 0.0193749717437313 0.035609570033373887 -0.00086642735222199378 -0.014263488513438064 0.013560557804231241
leaf_weight=490.41933700814843 1140.09484186396 422.94581876695156 333.02639158815145 4063.8290648832917 247.12018201127648 1494.6333977468312 590.55587805435061 2817.5051279067993 393.94316082075238 1365.9818674847484 480.64940287545323 3516.8706322051585 131.66328225657344 203.83989704400301 1332.8308022320271 578.90431201085448 4126.5428016595542 60.60041394457221 5087.0180625058711 1688.2444941326976 54.822537079453468 1.747923832386731 16.506124053150415 1064.014954071492 496.0744653493166 4992.5174541659653 62.241174645721912 591.77751526609063 170.00825662910938 2972.0923347659409
leaf_count=9723 24444 8069 6623 84519 4782 31405 12737 57980 8047 29231 9609 70928 2369 4359 27111 11535 83388 1099 110067 35978 1128 28 334 20969 9884 96876 1257 11685 3397 58124
internal_value=-1.50885e-05 0.00611203 -0.0124636 5.83371e-05 0.0122775 -0.0141327 -0.00200698 -0.00102204 -0.0186494 -0.0090343 0.0154183 0.00525575 0.0163186 0.00336911 -0.00338126 0.0158631 0.00236778 0.00540595 -0.0199908 -0.0142676 -0.00206111 0.00161591 0.00075463 0.0113307 0.00845408 0.0186099 0.0046141 0.00594713 0.000575126 0.0118102
internal_weight=40989 27468.9 13520.1 13860.1 13608.8 12521 11713.9 11123.3 6639.31 5881.69 9402.95 4205.9 8922.3 3782.95 2827.46 8790.63 7059.47 4187.14 6227.11 3054.23 2872.33 412.197 410.449 2146.21 999.109 5239.64 3579.11 1082.2 503.035 3551
internal_count=837685 551136 286549 283228 267908 266645 240851 228114 142920 123725 183295 84613 173686 76544 58516 171317 143595 84487 134511 65209 59108 8409 8381 42377 19904 101658 72185 21408 10020 69659
is_linear=0
shrinkage=0.05


Tree=4
num_leaves=31
num_cat=0
split_feature=16 10 17 8 25 9 16 12 9 17 12 8 10 21 21 25 21 8 21 18 21 8 25 12 7 9 21 19 17 19
split_gain=1135.51 363.86 173.264 115.465 110.835 105.114 93.3771 79.0021 81.2405 51.8416 49.6749 46.9824 43.6294 42.2254 41.4913 38.7028 35.3682 33.8504 31.8349 29.5828 29.8815 28.6631 24.8636 24.3169 24.1313 23.3767 22.3526 22.6939 22.1943 21.5404
threshold=1.5000000000000002 0.05325138309541548 0.20416666666666669 1.61537906892284 206.50000000000003 0.052702433187076195 3.5000000000000004 1.0000000180025095e-35 0.051598366234747957 0.10471491228070177 1.0000000180025095e-35 1.5102425125215306 0.052858011707171582 0.059714795008912663 0.38750000000000007 11721.000000000002 0.46428571428571436 1.8210463534389751 0.11651583710407241 0.044714981086981249 0.059714795008912663 1.4201310989905285 262579.50000000006 1.0000000180025095e-35 243333.00000000003 0.055366492971767219 0.30384615384615393 0.0492336941452396 0.40833333333333338 0.028639781271360222
decision_type=2 2 2 2 2 2 2 2 2 2 2 2 2 2 2 2 2 2 2 2 2 2 2 2 2 2 2 2 2 2
left_child=1 3 4 25 13 11 12 8 16 18 14 -3 21 23 17 -13 22 29 -8 -10 24 -6 -5 -2 -21 -1 -14 -28 -4 -7
right_child=2 5 28 7 6 10 9 -9 19 -11 -12 15 26 -15 -16 -17 -18 -19 -20 20 -22 -23 -24 -25 -26 -27 27 -29 -30 -31
leaf_value=0.0052029154058477502 -0.014505035319543861 0.020604151311212158 0.0017785409226297858 -0.010788139395527089 0.016726434568744418 0.0029867661579650721 -0.01776859171443388 -0.019906445123887267 -0.00066948734529929011 -0.00094023716578287876 -0.0012320157507700272 -0.010106315391839782 0.00015956740858904939 -0.0011871566453902256 0.042560838289273151 0.0051076090547500638 0.037709767312653797 0.011098700034703956 0.0041792711036470259 0.0075144015446534738 0.047447966404181884 -0.011603339650967172 -0.0033491297976930845 -0.024251408030655022 -0.01394640111311618 0.01559879613662679 0.22504487848084118 0.032807985978732551 0.016873394176041858 0.01808330964498709
leaf_weight=1031.7562860697508 830.95578022673726 431.33803702518344 594.03901570662856 1487.1511825509369 94.374594159424305 247.81498466432095 4079.0708770751953 579.68833462148905 2144.0240127369761 579.68206997588277 480.09287259355187 478.31900620833039 1874.0138404667377 261.00490812957287 137.18423330783844 3316.0942983403802 48.473960239440203 3588.5954792611301 172.19312585890293 2660.3258986100554 45.179078578948975 1655.4271483123302 4590.2348547540605 2784.5169811844826 137.77033980190754 1136.3077990040183 1.6188586130738283 29.720272552222013 412.68626019358635 5079.3493275940418
leaf_count=20514 18105 8069 11971 31160 1956 4782 88942 12737 43812 12321 9609 10015 38643 5343 2369 66529 896 69659 3505 53337 786 35364 95361 61875 2762 21863 31 560 7933 96876
internal_value=-1.8717e-05 0.00577126 -0.0119803 5.35542e-05 -0.0136046 0.0115314 -0.0104048 -0.0019115 -0.00097284 -0.014967 0.0144411 0.00496731 -0.00437506 -0.0206093 0.0152723 0.00318976 -0.00483017 0.0148524 -0.0168796 0.00376509 0.00710906 -0.0100754 -0.00516947 -0.0220114 0.00645773 0.0106515 0.000859898 0.0427382 0.00796636 0.017381
internal_weight=40989 27619.7 13369.3 13860.9 12362.6 13758.8 8486.1 11692.8 11113.2 4830.95 9533.04 4225.75 3655.15 3876.48 9052.94 3794.41 6125.86 8915.76 4251.26 4987.3 2843.28 1749.8 6077.39 3615.47 2798.1 2168.06 1905.35 31.3391 1006.73 5327.16
internal_count=837685 551136 286549 283228 266645 267908 181322 240851 228114 104768 183295 84613 76554 85323 173686 76544 127417 171317 92447 100697 56885 37320 126521 79980 56099 42377 39234 591 19904 101658
is_linear=0
shrinkage=0.05


Tree=5
num_leaves=31
num_cat=0
split_feature=16 10 12 17 12 8 9 9 25 12 16 21 25 8 15 25 8 22 25 21 21 10 21 4 22 21 17 10 7 10
split_gain=1032.14 357.223 138.848 126.548 125.688 117.363 85.6814 84.5512 53.6616 52.8855 36.6936 36.6439 35.8896 35.1766 34.4263 34.3577 33.9216 33.9139 32.3126 29.0562 29.0351 31.0939 28.9323 28.2879 26.0706 25.7899 24.5224 24.3527 23.6077 23.4248
threshold=2.5000000000000004 0.05325138309541548 1.0000000180025095e-35 0.10380747126436783 1.0000000180025095e-35 1.6551823067761404 0.051598366234747957 0.038341497247388279 786214.00000000012 1.0000000180025095e-35 4.5000000000000009 0.052107704095528944 110.50000000000001 1.3071536191976747 0.87500000000000011 413.50000000000006 1.4735903442617271 4.5000000000000009 339631.00000000006 0.46428571428571436 0.38750000000000007 0.12095088819226753 0.075498575498575513 1.5000000000000002 5.5000000000000009 0.13484848484848486 0.44505494505494508 0.043391752850937347 222149.00000000003 0.052796801353196907
decision_type=2 2 2 2 2 2 2 2 2 2 2 2 2 2 2 2 2 2 2 2 2 2 2 2 2 2 2 2 2 2
left_child=1 2 5 9 7 11 18 13 14 10 29 16 -6 -3 -9 -4 -1 -10 19 26 -5 23 -12 24 -22 -15 -7 -8 -29 -2
right_child=3 4 15 20 12 6 27 8 17 -11 22 -13 -14 25 -16 -17 -18 -19 -20 -21 21 -23 -24 -25 -26 -27 -28 28 -30 -31
leaf_value=0.01670276888436438 -0.01362702490679717 0.027347021930903742 -0.023438627817512436 -0.0030565255032051226 -0.017026390748874087 -0.012701140140815532 -0.0014453068955171181 0.0080110656069007757 0.018035831635086635 -0.021217285864601001 -0.017902687135686431 0.067772068218529227 0.001006514342307844 0.001087891760651322 0.039475546214406521 -0.0049037832989614442 0.005029884979041211 0.010810976355917511 -0.0031819186199946096 0.032640366407985455 0.060829379404152173 0.20090259743357058 0.0033911030163679156 0.01051445020330344 0.2713999632406513 0.038436983691567034 0.01362158972770474 0.007209361274832498 -0.006016939488671099 -0.0024675466572202818
leaf_weight=951.44547620788217 887.93320494145155 141.79818083718419 792.7983583137393 1391.2425362952054 455.2196382060647 1984.5745196826756 1943.4326365999877 4460.6435665600002 4738.6626639738679 3517.9670281708241 2745.1553194820881 26.841485098004341 700.50282110646367 2535.1599308364093 88.661871761083603 365.20055012404919 1799.5671726129949 2471.3937228694558 4281.2844237312675 37.915791597217321 11.003056466579434 2.3641012869775286 169.36241113767028 120.87318040430546 1.6965775378048427 47.07834480702877 92.608126245439053 2843.1191981099546 382.80413197726011 999.67861772328615
leaf_count=18516 19326 2620 17460 29157 9688 42124 40063 86870 90018 78865 60735 471 14606 50609 1659 7941 35700 46899 89153 698 221 46 3487 2429 34 910 1858 56765 7687 21070
internal_value=-2.18114e-05 0.00443992 -0.000938973 -0.0141315 0.00977152 0.000405575 -0.00181096 0.0110377 0.0128764 -0.0165599 -0.0131479 0.00963423 -0.00609634 0.00310028 0.00862428 -0.0175933 0.00906698 0.0155594 -0.00567977 -0.0107358 -0.000901491 0.0211541 -0.0166653 0.0179728 0.0889601 0.00176883 -0.0115276 0.00297617 0.00563986 -0.00771697
internal_weight=40988 31140.7 15501.6 9847.28 15639.1 14343.6 11565.7 14483.4 11759.4 8320.1 4802.13 2777.85 1155.72 2724.04 4549.31 1158 2751.01 7210.06 6396.38 2115.1 1527.18 135.937 2914.52 133.573 12.6996 2582.24 2077.18 5169.36 3225.92 1887.61
internal_count=837685 622315 318436 215370 303879 293035 238348 279585 225446 183483 104618 54687 24294 54139 88529 25401 54216 136917 133833 44680 31887 2730 64222 2684 255 51519 43982 104515 64452 40396
is_linear=0
shrinkage=0.05


Tree=6
num_leaves=31
num_cat=0
split_feature=16 18 17 9 8 25 16 9 21 25 17 25 12 8 21 25 8 10 8 11 21 19 8 20 10 7 21 8 8 9
split_gain=942.484 292.212 150.156 107.811 101.695 99.79 79.0187 48.1356 47.3056 51.6218 44.9388 44.171 39.6733 39.699 39.0897 38.3223 36.7826 36.028 33.2564 30.775 29.6396 28.7426 27.9749 27.2278 26.4769 24.1364 23.6551 31.0696 23.641 23.4505
threshold=1.5000000000000002 0.050568311543921309 0.20416666666666669 0.054996501002597342 1.7675465131152872 206.50000000000003 3.5000000000000004 0.030747743876235498 0.12916666666666668 104334.00000000001 0.10471491228070177 181650.50000000003 1.0000000180025095e-35 1.4735903442617271 0.059714795008912663 21239.500000000004 1.6966258529460039 0.05481159252979189 1.3279269674104242 0.051963024990569533 0.30384615384615393 0.040992942230852543 1.2206001792295977 0.053091882442914899 0.045730867432641271 69545.000000000015 0.30384615384615393 1.3071536191976747 1.7009089079363073 0.038482694423288492
decision_type=2 2 2 2 2 2 2 2 2 2 2 2 2 2 2 2 2 2 2 2 2 2 2 2 2 2 2 2 2 2
left_child=1 4 5 11 12 14 16 -6 9 -5 20 -3 13 26 -2 -9 -7 -18 -13 22 -8 -15 -11 -24 -10 -21 -1 -28 -25 -23
right_child=2 3 -4 8 7 6 10 15 24 19 -12 18 -14 21 -16 -17 17 -19 -20 25 -22 29 23 28 -26 -27 27 -29 -30 -31
leaf_value=0.01561331262333613 -0.020807601816963124 -0.0037972723320431655 0.0073723685543117664 0.0051864211186629147 -0.0090991932539363218 0.0044896107191618306 -0.016235820868335166 -0.012746385608497227 0.21430808183330197 0.030305033978957414 -0.00082015132672358989 0.026819220572236954 -0.014706122175713685 -0.0012512244412546819 -0.00065615876333103608 0.0007944923449726114 -0.012433010546216513 -0.00085035765977734218 0.0055549285926844039 0.022581172513452506 0.017965504006667948 -0.001179181102746652 0.0063916700520613426 0.023245447783160362 0.033952567953716012 0.013588154051933341 0.29966527474863697 0.024008829857798699 0.011762885190958978 0.01106424357039559
leaf_weight=818.8508981987834 3488.6268679574132 1379.468043141067 1016.1102335900068 2102.4152001515031 3001.9114310108125 935.36275212466717 4060.2879856005311 600.62075101584196 2.0541843101382247 192.44719270989299 578.39882285892963 193.34828173369169 236.11667092889547 1488.5394256748259 258.48267186060548 4018.0383548550308 1435.8744006864727 1260.9642854854465 3751.2792259790003 1468.3028226606548 64.351152651011944 527.99369376525283 1999.520333301276 556.53161406517029 217.06827195733786 1516.9192269034684 1.6971891224384297 2.5702571272850037 2304.0596056841314 1508.4294349960983
leaf_count=15538 79980 28198 19904 41060 63465 19573 91139 12746 35 3510 12321 3534 5039 30230 5343 81368 31139 25842 74823 27377 1308 10897 37782 10331 3718 28476 26 40 43257 29686
internal_value=-2.45336e-05 0.00517167 -0.0110879 0.00968662 -0.000630161 -0.0126403 -0.00959366 -0.00417008 0.0126586 0.0121619 -0.013872 0.00390401 0.00525445 0.00633838 -0.0194175 -0.000966394 -0.00405404 -0.00701729 0.00659721 0.0139864 -0.0157022 0.0040297 0.0116083 0.010868 0.0356433 0.0180114 0.0162252 0.133639 0.0139968 0.00788983
internal_weight=40986.6 27888.2 13098.5 15683.4 12204.8 12082.3 8335.24 7620.57 10359.3 10140.2 4703.04 5324.1 4584.2 4348.08 3747.11 4618.66 3632.2 2696.84 3944.63 8037.78 4124.64 3524.96 5052.56 4860.11 219.122 2985.22 823.118 4.26745 2860.59 2036.42
internal_count=837685 551136 286549 302101 249035 266645 181322 157579 195546 191793 104768 106555 91456 86417 85323 94114 76554 56981 78357 150733 92447 70813 94880 91370 3753 55853 15604 66 53588 40583
is_linear=0
shrinkage=0.05


Tree=7
num_leaves=31
num_cat=0
split_feature=16 10 12 17 12 9 9 8 12 21 8 25 16 25 25 25 17 22 15 8 21 21 4 21 8 8 10 10 22 8
split_gain=860.673 289.326 120.213 109.109 103.245 98.8451 67.4657 51.7164 49.0604 47.4931 42.8898 41.0066 32.6969 32.1716 32.1645 30.2823 36.9727 29.1651 28.8276 28.1934 25.96 25.1113 23.8489 22.4087 22.3067 22.1911 21.5646 21.5418 29.836 21.2296
threshold=2.5000000000000004 0.05325138309541548 1.0000000180025095e-35 0.10380747126436783 1.0000000180025095e-35 0.053629141429378142 0.038341497247388279 1.4735903442617271 1.0000000180025095e-35 0.052107704095528944 1.5959077852307157 786214.00000000012 4.5000000000000009 110.50000000000001 413.50000000000006 786214.00000000012 0.44505494505494508 4.5000000000000009 0.87500000000000011 1.3071536191976747 0.075498575498575513 0.38750000000000007 1.5000000000000002 0.13484848484848486 1.0160080785657655 1.5959077852307157 0.043538281648400519 1.0000000180025095e-35 1.0000000180025095e-35 1.8210463534389751
decision_type=2 2 2 2 2 2 2 2 2 2 2 2 2 2 2 2 2 2 2 2 2 2 2 2 2 2 2 2 2 2
left_child=1 2 5 8 6 7 19 -1 12 10 24 18 26 -6 -4 16 -9 29 25 -3 -14 -5 -23 -21 -7 -8 -2 28 -18 -13
right_child=3 4 14 21 13 9 11 15 -10 -11 -12 17 20 -15 -16 -17 27 -19 -20 23 -22 22 -24 -25 -26 -27 -28 -29 -30 -31
leaf_value=0.013039291852013156 -0.017324424216527766 0.024018890922979069 -0.022386161056627385 -0.0028872781929003928 -0.016226933247304454 0.034480240368513507 0.014987088266803814 -0.010105780731215763 -0.020009399000498945 0.040315692363005376 0.0024710757823991204 0.018919826740276015 -0.016709869414171175 0.00095115248306421128 -0.0042840454946051851 -0.0020545755405812836 0.36449242263305642 0.0094083888676480664 0.03537651590554481 0.00091204869409094612 0.003496380218079723 0.080825799113975319 0.012419432413103459 0.035122706411879638 0.010842582742991078 0.0056197658744337031 -0.004164583491169588 0.012592623588846464 0.061186591917884996 0.012258298352617396
leaf_weight=449.63820674270391 395.46074098721147 147.64463895186782 767.33188562095165 1386.7104638256133 445.88989799842238 110.26835726574063 760.1426669433713 2491.1220328621566 3396.6697442010045 93.353694036602974 5253.5645052455366 2758.0060131438076 2659.9680616892874 701.16206777095795 360.76114758476615 4774.3603621907532 0.95850096270441909 2524.0512512028217 92.609930813312531 2542.9834378995001 169.05703232437372 14.188692182302473 124.90482107177377 48.785080812871456 1052.1421534642577 3757.7547706216574 1462.7698750011623 125.20335463806987 5.2621200270950794 2111.783661313355
leaf_count=8675 8812 2620 17460 29157 9688 2046 14441 53166 78865 1591 105823 50378 60735 14606 7941 99334 19 46899 1659 50609 3487 261 2469 910 19848 72429 31584 2429 104 39640
internal_value=-2.68243e-05 0.00398318 -0.000880951 -0.0131191 0.00872277 0.000354037 0.00984691 -0.00342483 -0.0154337 0.0049092 0.00439403 0.0114626 -0.0121179 -0.00572643 -0.0165972 -0.00442564 -0.00874218 0.0137703 0.00776189 0.00276667 -0.0155024 -0.000855785 0.0193974 0.001556 0.0130849 0.00719583 -0.0069652 0.0171048 0.107921 0.0160311
internal_weight=40984.5 31374.8 15484 9609.73 15890.8 14355.9 14743.8 7846.54 8083.93 6509.33 6415.98 12004.3 4687.26 1147.05 1128.09 7396.91 2622.55 7393.84 4610.51 2739.41 2829.03 1525.8 139.094 2591.77 1162.41 4517.9 1858.23 131.424 6.22062 4869.79
internal_count=837685 622315 318436 215370 303879 293035 279585 163727 183483 129308 127717 225446 104618 24294 25401 155052 55718 136917 88529 54139 64222 31887 2730 51519 21894 86870 40396 2552 123 90018
is_linear=0
shrinkage=0.05


Tree=8
num_leaves=31
num_cat=0
split_feature=16 10 12 17 12 9 9 8 12 8 21 25 14 21 25 25 22 25 17 21 19 8 19 21 8 17 21 18 20 9
split_gain=783.572 258.327 110.276 101.202 92.1157 89.0637 59.5675 46.4484 46.2933 41.7977 40.1377 40.5782 31.4863 41.0535 30.2277 29.6119 27.7654 27.7374 33.3508 27.0275 25.1773 24.9136 24.8005 23.6094 22.7476 22.426 20.6283 19.8258 29.2037 19.5701
threshold=2.5000000000000004 0.05325138309541548 1.0000000180025095e-35 0.10380747126436783 1.0000000180025095e-35 0.053629141429378142 0.038341497247388279 1.4735903442617271 1.0000000180025095e-35 1.5959077852307157 0.059714795008912663 786214.00000000012 2.5000000000000004 0.30384615384615393 413.50000000000006 110.50000000000001 4.5000000000000009 786214.00000000012 0.44505494505494508 0.052107704095528944 0.044107670205124121 1.6311456883551434 0.041693004635482513 0.059714795008912663 1.6311456883551434 0.40833333333333338 0.46428571428571436 0.047795167453054684 0.054359805769415077 0.030747743876235498
decision_type=2 2 2 2 2 2 2 2 2 2 2 2 2 2 2 2 2 2 2 2 2 2 2 2 2 2 2 2 2 2
left_child=1 2 5 8 6 7 21 -1 12 19 11 24 20 -14 -4 -6 -13 18 26 -7 -2 -3 -5 -11 -8 -24 -9 28 -21 -19
right_child=3 4 14 22 15 9 10 17 -10 23 -12 16 13 -15 -16 -17 -18 29 -20 27 -22 -23 25 -25 -26 -27 -28 -29 -30 -31
leaf_value=0.012240715160033116 -0.016101423924134335 0.012813436157618586 -0.021715324483131768 -0.014070047914844591 -0.015649241636380703 0.012282285425905547 0.013799099676783623 -0.010150869191534054 -0.019367659828733966 0.0023406607003149281 0.029145337646947586 0.014785052282385129 -0.016830358461287408 0.035696632726932361 -0.0040860584009685215 0.00090280262591981909 0.008296425347457231 -0.0043892711110806526 0.015968226629040155 0.09138625866971202 -0.0045875464429151903 0.00039553573716997309 0.00091377038519757723 0.029351963534753417 0.0047946327335998502 0.036075487311998798 0.035708078598670298 0.02527309457385056 0.35010930553561392 0.0022628654283912519
leaf_weight=454.88421081379056 649.77989503368735 492.08129991963506 751.88405277580023 286.57788075134158 439.40101299807429 1175.9893060103059 872.10099122673273 2443.7534390836954 3335.3444164283574 5265.3431068025529 290.25524538382888 4895.5505209416151 2185.3312636725605 37.842607695609331 359.36605989187956 701.76149126887321 2485.8593490608037 3022.0480407066643 133.48779290542006 5.4856324419379217 1763.0891594067216 2254.0932491086423 1190.9232980124652 82.159550882875919 3583.1382905356586 47.142327547073364 24.770537026226521 7.5322238765656948 1.3613917306065557 1743.5041662119329
leaf_count=8675 14770 9179 17460 6061 9688 21894 16400 52713 78865 105826 4955 89317 49917 749 7941 14606 45906 63587 2552 75 39182 44960 24946 1387 68868 880 453 105 21 35747
internal_value=-2.8729e-05 0.00376815 -0.000839542 -0.012618 0.00821971 0.000334725 0.00927012 -0.00326513 -0.0148754 0.00464189 0.0107759 0.0103255 -0.0116435 -0.0159363 -0.0160142 -0.00547051 0.0125999 -0.00422248 -0.00837435 0.0131154 -0.00768821 0.00262067 -0.000815438 0.00275566 0.00655723 0.00225264 -0.0096907 0.0812497 0.142828 -0.00195555
internal_weight=40981.8 31485.8 15471.6 9496.03 16014.2 14360.3 14873.1 7822.45 7971.39 6537.87 12126.9 11836.6 4636.04 2223.17 1111.25 1141.16 7381.41 7367.56 2602.01 1190.37 2412.87 2746.17 1524.64 5347.5 4455.24 1238.07 2468.52 14.3792 6.84702 4765.55
internal_count=837685 622315 318436 215370 303879 293035 279585 163727 183483 129308 225446 220491 104618 50666 25401 24294 135223 155052 55718 22095 53952 54139 31887 107213 85268 25826 53166 201 96 99334
is_linear=0
shrinkage=0.05


Tree=9
num_leaves=31
num_cat=0
split_feature=16 18 17 25 8 9 9 14 21 12 21 11 9 25 8 21 25 25 8 8 2 7 24 19 8 20 19 8 10 19
split_gain=714.982 216.596 123.96 91.0568 82.7068 77.6796 59.6039 44.8535 51.8164 41.3182 40.6666 39.6756 38.7259 35.805 34.5469 34.3101 31.7536 31.2814 26.1648 25.1664 23.4358 28.1899 33.8412 34.0649 22.7837 22.7609 22.5101 25.5158 22.3261 21.9579
threshold=1.5000000000000002 0.050568311543921309 0.25657894736842107 206.50000000000003 1.7675465131152872 0.054996501002597342 0.051598366234747957 3.5000000000000004 0.34848484848484856 1.0000000180025095e-35 0.059714795008912663 0.051963024990569533 0.052702433187076195 181650.50000000003 1.7009089079363073 0.30384615384615393 568.50000000000011 104334.00000000001 1.5387593379103157 1.4735903442617271 1.5000000000000002 102006.50000000001 2.5000000000000004 0.058860703027419269 1.2206001792295977 0.053091882442914899 0.032288728075555016 1.4404182288811544 0.043538281648400519 0.040992942230852543
decision_type=2 2 2 2 2 2 2 2 2 2 2 2 2 2 2 2 2 2 2 2 2 2 2 2 2 2 2 2 2 2
left_child=1 4 3 10 16 13 14 26 -9 12 28 15 -6 -3 -5 17 -1 -7 -15 -18 21 22 -17 -24 -19 -26 -8 -28 -2 -21
right_child=2 5 -4 6 9 11 7 8 -10 -11 -12 -13 -14 18 -16 20 19 24 -20 29 -22 -23 23 -25 25 -27 27 -29 -30 -31
leaf_value=-0.0083372755234791384 -0.027041090078903807 -0.0036352154604934136 0.0096861315279933042 -0.0038528833346525198 -0.0060917668027672209 0.0009831746570354166 -0.014308629147272576 -0.013998118282826223 0.052603881342778838 -0.020551029942368199 0.00081160244940765229 0.01463375158190847 0.0013454441060934289 0.017341120203711678 -0.01606193447910062 0.36028872574211274 0.013841224693688932 0.02600844295722304 0.0043107956123605894 -0.0006608998108347566 0.025643170111436537 0.022597498310380833 0.34214204168764106 0.057610905932315527 0.004873896079281563 0.011725482049796083 0.017510736369533649 -0.0016568428987784895 -0.01708450462391178 0.0074983681937098277
leaf_weight=427.20188906416297 713.56734192743897 1375.047512140125 762.45567414164543 744.23367291688919 4234.5004855357111 1324.0311644822359 328.63522682338953 1317.1595439612865 29.865537475794554 352.41050424426794 274.91853068396449 3998.9745984189212 2983.6208828985691 431.87635570392013 2616.21401174739 1.5702639184892193 817.94504087790847 203.0416470207274 3568.7275409251451 1422.6546445414424 102.74458376690745 8.5155739337205869 1.2631343118846414 6.2912530079483986 2050.6959467567503 2964.1913773976266 183.9198464602232 3102.0550642572343 2668.8719827719033 1961.4039137996733
leaf_count=8902 17221 28198 14585 16529 89788 25573 7286 30491 585 8288 5755 73024 59503 7736 58967 25 14938 3513 70621 28903 1623 133 20 100 37812 53723 3900 67303 63927 38713
internal_value=-3.0293e-05 0.00440629 -0.009862 -0.0111062 -0.000614516 0.00822575 -0.00821633 -0.00473394 -0.0125215 -0.00383377 -0.0176819 0.0106968 -0.00301758 0.00332512 -0.013358 0.00833363 0.00465021 0.00784688 0.00571746 0.00597059 0.0347842 0.0880258 0.149087 0.105186 0.00958853 0.00892372 -0.00183183 -0.000584011 -0.019185 0.00406822
internal_weight=40978.6 28236.7 12741.9 11979.4 12199.7 16037 8322.08 4961.64 1347.03 7570.53 3657.36 10661.3 7218.12 5375.65 3360.45 6662.34 4629.21 6541.96 4000.6 4202 120.385 17.6402 9.12465 7.55439 5217.93 5014.89 3614.61 3285.97 3382.44 3384.06
internal_count=837685 551136 286549 271964 249035 302101 185061 109565 31076 157579 86903 195546 149291 106555 75496 122522 91456 120621 78357 82554 1901 278 145 120 95048 91535 78489 71203 81148 67616
is_linear=0
shrinkage=0.05


Tree=10
num_leaves=31
num_cat=0
split_feature=16 18 12 17 8 25 21 9 9 12 12 20 21 16 15 11 19 8 9 8 7 15 21 25 19 21 25 18 8 18
split_gain=655.532 211.428 90.5859 90.4526 85.566 81.4905 54.1887 45.435 43.4264 41.8867 33.9989 29.8313 29.7558 29.5536 28.8316 24.9091 30.9578 27.3285 24.2541 24.4943 23.8953 23.5987 22.8344 22.4309 22.2367 22.046 21.8332 20.7263 20.543 20.179
threshold=2.5000000000000004 0.050568311543921309 1.0000000180025095e-35 0.10380747126436783 1.7219218375107521 157014.50000000003 0.059714795008912663 0.037645656183920469 0.051598366234747957 1.0000000180025095e-35 1.0000000180025095e-35 0.043057100482017066 0.46428571428571436 4.5000000000000009 0.46428571428571436 0.051963024990569533 0.057149865956440234 0.52805973025047626 0.054341543101281732 1.5959077852307157 74180.500000000015 0.87500000000000011 0.075498575498575513 184.50000000000003 0.041693004635482513 0.30384615384615393 110.50000000000001 0.087778568041725943 1.3071536191976747 0.060971360584685989
decision_type=2 2 2 2 2 2 2 2 2 2 2 2 2 2 2 2 2 2 2 2 2 2 2 2 2 2 2 2 2 2
left_child=1 2 4 9 11 6 10 28 -6 13 18 -1 21 -2 26 16 -9 -18 -3 -20 -17 -13 -15 -4 -5 -19 -12 -8 -7 -24
right_child=3 5 23 24 8 7 27 15 -10 -11 14 12 -14 22 -16 20 17 25 19 -21 -22 -23 29 -25 -26 -27 -28 -29 -30 -31
leaf_value=-0.0031576916790355316 -0.0058485828438189016 -0.0025526127869313657 -0.023664046406538325 -0.013236067909747566 -0.0060628057010760957 0.022662709056417315 0.020959045175785031 0.0048949780882750872 0.0010542042355694402 -0.018236557739478867 -0.01719106746162093 0.0072916154661661001 0.063094962995538281 -0.015250841337735072 0.025599504332550489 0.017907523379672934 0.078024051442098175 0.011117933422035396 0.015613738286918165 0.0034203416482022127 0.0099244323325094717 0.066938094516940258 -0.0030095652731321988 -0.00829441917133328 0.0023487703496110112 0.042436728802402596 -0.0029387631479468718 0.087016991966637425 0.0020678339104466268 0.048029518675665184
leaf_weight=732.91078954562545 1816.1848005503416 1342.142502527684 489.29278976842761 280.8989627212286 4915.1966621018946 127.62606369331479 249.38823363184929 2851.702751878649 3800.8027426600456 3232.0066983923316 439.94162617996335 3143.4873339533806 24.346492331475019 2562.1767678707838 65.642975628376007 1864.9928074516356 15.57451321557164 3364.1651964113116 503.41181372478604 2264.847209982574 1884.587077204138 16.670737951993942 145.95609134435654 461.09953767806292 1235.919732067734 57.14457668736577 690.40673918649554 12.468054365366696 2361.9392095319927 22.328260809183121
leaf_count=14563 40396 27398 11803 6061 105089 2179 4454 52200 76102 78865 10051 61043 374 60735 1291 33394 250 61250 9401 43571 34249 311 3031 10495 25826 879 14666 217 47085 456
internal_value=-3.16626e-05 0.00339405 -0.0013205 -0.0117068 -0.000200596 0.00693304 0.00190024 0.00916998 -0.00295928 -0.0138848 0.000804528 0.00593729 0.0080305 -0.0107913 -0.00661508 0.0106695 0.00874629 0.0119419 0.00296339 0.00563773 0.0138951 0.00760627 -0.014079 -0.0162072 -0.000537379 0.011641 -0.00848589 0.0241043 0.00312362 0.00376239
internal_weight=40975.3 31679.8 13583.8 9295.47 12633.4 18096 5568.25 12527.7 8716 7778.65 5306.39 3917.42 3184.5 4546.65 1195.99 10038.2 6288.59 3436.88 4110.4 2768.26 3749.58 3160.16 2730.46 950.392 1516.82 3421.31 1130.35 261.856 2489.57 168.284
internal_count=837685 622315 279780 215370 257482 342535 111049 231486 181191 183483 106378 76291 61728 104618 26008 182222 114579 62379 80370 52972 67643 61354 64222 22298 31887 62129 24717 4671 49264 3487
is_linear=0
shrinkage=0.05


Tree=11
num_leaves=31
num_cat=0
split_feature=14 9 17 25 16 19 19 10 21 21 25 8 8 17 8 8 21 8 8 8 19 21 21 9 10 11 13 19 16 25
split_gain=599.178 171.601 148.382 124.703 74.7977 62.9325 54.3257 45.1705 40.5531 39.1424 32.9284 30.6173 27.7929 27.1966 26.2133 25.9578 24.2305 23.4596 23.0679 20.8268 19.783 19.5188 18.7603 48.1199 18.0207 17.8681 18.9601 19.3766 17.654 16.6439
threshold=1.0000000180025095e-35 0.053488128198674392 0.25657894736842107 184.50000000000003 4.5000000000000009 0.056753073802223671 0.047638118122699628 0.05325138309541548 0.11651583710407241 0.059714795008912663 478788.00000000006 1.5102425125215306 1.8234171397687837 0.12060606060606062 1.4404182288811544 1.8324162270420492 0.46428571428571436 1.6808428667646478 1.0160080785657655 1.5454598162143023 0.063682026806090142 0.30384615384615393 0.12250000000000001 0.28991596638655465 0.060006858710562418 0.051963024990569533 0.22500000000000003 0.060963182858047839 1.5000000000000002 568.50000000000011
decision_type=2 2 2 2 2 2 2 2 2 2 2 2 2 2 2 2 2 2 2 2 2 2 2 2 2 2 2 2 2 2
left_child=1 5 3 9 7 10 18 14 13 15 -1 -7 22 -6 -5 -2 20 -9 -3 -12 -13 -16 28 -24 -14 26 -19 29 -8 -28
right_child=2 6 -4 4 8 11 12 17 -10 -11 19 16 24 -15 21 -17 -18 25 -20 -21 -22 -23 23 -25 -26 -27 27 -29 -30 -31
leaf_value=-0.0077899956054578393 -0.014804751902820087 0.024761869286225188 0.01248856239337807 0.010853869339152805 -0.015528909326182977 0.020136727875964332 0.012015393945298679 0.0087335535986534773 0.0065912219922397144 0.0012458009908883276 0.0082597484532061834 0.0070613517893060238 0.0040672056259750044 -0.00088012096768772105 -0.0092917691819440259 -0.023266190244180779 0.039861096371933982 -0.0053334212597540391 0.0024006150778603554 -0.0017023936256453879 -0.0014266522060154038 0.030538226513221401 0.026266443747173907 0.29135592284654088 0.010598793770830265 0.0037456930413133811 0.34515666304686349 -0.052805511080095013 0.0025584688050148178 0.081750604668948235
leaf_weight=2280.4206942804158 2225.7814363539219 118.59069906175137 809.43499939516187 180.52190243825316 2803.6722572669387 325.86013793572783 6076.7596118710935 761.16878669708967 262.15561821311712 276.39522238820791 584.55022314190865 1574.1496071182191 2769.5874099358916 357.21793226152658 2651.8580231182277 1529.0817705728114 46.218778464943171 1380.0299546085298 4199.3495408780873 5118.3609910570085 1217.3367187641561 31.119972769171 143.12175207957625 1.7326301112771023 1706.8186807371676 999.26350402459502 1.0051181577146051 1.2567506991326807 537.11523036286235 1.4868703894317148
leaf_count=48733 53830 2085 15354 3571 67631 5786 108459 15196 5373 5795 10766 31315 52142 7801 58687 37476 827 28342 82224 106030 24562 599 2266 22 31024 20379 20 25 11335 30
internal_value=-3.26869e-05 0.00438796 -0.00830313 -0.00955328 -0.00640698 -0.000346886 0.00778143 -0.0030458 -0.0123061 -0.0169138 -0.00271186 0.00562119 0.00961338 -0.0138734 -0.00758887 -0.0182505 0.00395434 0.00109168 0.00301476 -0.000681271 0.00335983 -0.00882978 0.0116372 0.0294372 0.00655765 -0.00134921 -0.00502838 0.107266 0.0112474 0.187993
internal_weight=40971.4 26700 14271.5 13462 9430.76 11146.9 15553.1 6007.71 3423.05 4031.26 7983.33 3163.57 11235.1 3160.89 2863.5 3754.86 2837.71 3144.21 4317.94 5702.91 2791.49 2682.98 6758.73 144.854 4476.41 2383.04 1383.78 3.74874 6613.87 2.49199
internal_count=837685 517576 320109 304755 207654 228019 289557 126849 80805 97101 165529 62490 205248 75432 62857 91306 56704 63992 84309 116796 55877 59286 122082 2288 83166 48796 28417 75 119794 50
is_linear=0
shrinkage=0.05


Tree=12
num_leaves=31
num_cat=0
split_feature=16 10 25 21 8 12 14 18 19 11 8 9 12 21 9 17 21 21 12 13 0 9 8 8 22 8 18 20 17 25
split_gain=551.293 176.278 87.4668 78.3319 66.7774 56.0554 49.1805 48.4732 41.942 41.0518 55.2362 33.7158 30.8701 27.6113 27.3582 26.7601 25.8476 25.4166 24.4752 23.7757 23.7069 22.1611 22.0822 22.0531 21.8323 21.6311 21.5986 21.0873 20.3336 20.1926
threshold=2.5000000000000004 0.0544187344875506 520.50000000000011 0.072751322751322761 1.7219218375107521 1.0000000180025095e-35 3.5000000000000004 0.043978021978021982 0.043948615184038552 0.051963024990569533 1.2206001792295977 0.041612554112554122 1.0000000180025095e-35 0.24264705882352944 0.057727020272146636 0.089572192513368995 0.46428571428571436 0.27922077922077926 1.0000000180025095e-35 0.58333333333333337 10.500000000000002 0.53571428571428581 1.4735903442617271 1.6073621060253098 4.5000000000000009 1.4495421108679336 0.060425435746772511 0.050176661956464766 0.44505494505494508 385819.00000000006
decision_type=2 2 2 2 2 2 2 2 2 2 2 2 2 2 2 2 2 2 2 2 2 2 2 2 2 2 2 2 2 2
left_child=1 2 12 6 20 9 8 -6 -2 10 -3 16 13 -1 -9 18 -12 -16 26 21 22 -5 -4 -8 29 -17 -10 -11 -7 -13
right_child=3 5 4 19 7 28 23 14 15 27 11 24 -14 -15 17 25 -18 -19 -20 -21 -22 -23 -24 -25 -26 -27 -28 -29 -30 -31
leaf_value=-0.0064631918528855366 -0.016696993415700637 0.024102960386365956 0.015679169161766465 0.0020813253581817514 -0.0052671728214784067 -0.0063371166759270507 -0.0083596834441979715 -0.00026070751581370322 -0.007870692742310675 0.0069600123645206062 -0.0024224370833662071 0.0042604316276270227 -0.018323852969658518 0.044306290809806081 0.0072765212587906029 0.041439058060994488 0.050923197728898029 0.065001342894279571 -0.014788478556489158 0.047177479191739091 0.00021563933621581105 0.18359576208281136 0.0058143358983835103 -0.01889176265712653 0.0016276045311729818 0.001149406533861143 0.0042772212187737416 0.013502569859356054 0.018815893635262575 0.010689178234260355
leaf_weight=923.32659617066383 1344.040843192488 388.35702126100659 729.34622935578227 749.02269765734673 4683.0942314937711 958.83595475181937 607.16284206882119 4200.8435176089406 1654.2338882572949 1901.7155736684799 1598.2915397770703 2076.5525603555143 798.79368349909782 27.580581590533257 1227.6006131097674 35.588079001754522 23.034397173672915 19.370080199092627 964.43384317308664 30.991888143122196 1390.0044962652028 1.685333166271447 2553.0610423870385 2740.0706840977073 1800.1538400910795 521.44069981947541 469.81812026724219 3495.0614590533078 87.696519419550896 2966.273630104959
leaf_count=19431 32144 6537 13128 15383 99279 21023 14761 86156 38090 34879 31395 38822 19530 453 23901 738 401 304 24248 612 26913 27 50185 67746 32683 11012 10609 63283 1639 52373
internal_value=-3.35756e-05 0.00306995 -0.000505835 -0.0108735 0.00074372 0.0069396 -0.0122926 -0.00153689 -0.00914717 0.00775989 0.00566448 0.00481849 -0.0110777 -0.00499065 0.00166976 -0.00636368 -0.00166455 0.0081732 -0.00818296 0.00426059 0.00568863 0.00248882 0.00800629 -0.0169813 0.00635454 0.00372348 -0.0051837 0.0111971 -0.00422936 0.00804193
internal_weight=40967.5 31849 16553 9118.49 14803.3 15296 8336.79 10130.9 4989.56 14249.4 8852.66 8464.31 1749.7 950.907 5447.81 3645.51 1621.33 1246.97 3088.49 781.7 4672.41 750.708 3282.41 3347.23 6842.98 557.029 2124.05 5396.78 1046.53 5042.83
internal_count=837685 622315 339280 215370 299866 283035 199348 209640 116841 260373 162211 155674 39414 19884 110361 84697 31796 24205 72947 16022 90226 15410 63313 82507 123878 11750 48699 98162 22662 91195
is_linear=0
shrinkage=0.05


Tree=13
num_leaves=31
num_cat=0
split_feature=16 19 21 14 9 25 25 19 9 18 11 8 8 8 21 20 2 21 12 17 9 17 10 8 21 9 8 10 2 2
split_gain=501.586 152.456 94.7863 82.6479 61.8043 59.0492 46.7982 39.469 37.4614 31.1041 31.0233 29.7358 28.5475 27.0636 25.9106 30.8318 25.9099 31.3347 24.7301 24.4077 24.607 24.0972 23.8934 22.1891 21.3918 20.7897 20.7507 20.3508 23.1476 19.8416
threshold=1.5000000000000002 0.047638118122699628 0.072751322751322761 3.5000000000000004 0.054996501002597342 291.50000000000006 786214.00000000012 0.0395040742928209 0.046560898699251091 0.085553610020033768 0.051963024990569533 1.4404182288811544 1.6073621060253098 1.575014178292883 0.61250000000000016 0.049907189624989308 1.5000000000000002 0.12250000000000001 1.0000000180025095e-35 0.10912698412698414 0.051598366234747957 0.77500000000000013 0.038454692335076819 1.125557420482757 0.24264705882352944 0.061851179999281587 1.6073621060253098 0.10026455026455028 4.5000000000000009 4.5000000000000009
decision_type=2 2 2 2 2 2 2 2 2 2 2 2 2 2 2 2 2 2 2 2 2 2 2 2 2 2 2 2 2 2
left_child=1 6 3 5 13 22 21 -7 -8 -4 12 -9 -6 -3 -11 -16 17 -14 -15 20 -13 24 -2 29 -1 -18 -5 -17 -29 -10
right_child=2 4 9 26 10 7 8 11 23 14 -12 19 16 18 15 27 25 -19 -20 -21 -22 -23 -24 -25 -26 -27 -28 28 -30 -31
leaf_value=-0.0072893730256654125 -0.026987251933547719 0.011268500313097821 0.0050717553211234896 -0.0080042274772439137 0.01278135362736546 -0.012503274361879271 -0.002814428839391214 0.014004489406966039 0.014587180090229338 0.021227347453675327 0.011760467739689374 -0.010070018091339811 0.011700030635028709 0.0019023367860090791 0.28176886098232962 0.0065399946645682359 0.0013475497251992563 0.076445751775001375 -0.013765789403561272 0.0064163918857255255 -0.001797094884692235 0.015329931231746903 -0.011945115788448937 0.0037908286341670153 0.033703730016380745 0.0079989381090812411 -0.018268730103977865 0.23288066594832341 -0.01666113115995491 0.061678315276066431
leaf_weight=3239.6810402199626 308.02707495167851 751.35791089385748 913.21474837884307 602.54061581939459 1453.1409374810755 1208.7879641614854 3247.1178459785879 261.5527919344604 107.40913849696517 20.19300577417016 4471.1434451974928 1393.2354434914887 805.70802214741707 5326.9042129032314 2.2374836206436184 5.0103229358792287 3378.492814257741 19.130867805331945 264.34142214804888 561.03104534745216 2532.9539088197052 126.78349608182907 1846.8819111473858 3557.6087711043656 32.14046236500144 1801.0930836871266 2693.0600144825876 2.9643672071397305 1.3536786511540411 28.252346731722355
leaf_count=68155 7843 13578 18351 14761 25273 27685 67661 5415 1816 379 79522 31837 14778 106780 38 87 61516 274 6185 11078 55683 2492 45578 69159 554 32913 67746 46 22 480
internal_value=-3.42481e-05 0.00360131 -0.00845438 -0.00971493 0.00634689 -0.00700243 -0.00125076 -0.00443688 0.00110323 0.00676342 0.00846736 -0.0023836 0.00649299 0.00235887 0.0554067 0.115081 0.00497113 0.0132017 0.00116158 -0.00333883 -0.0047328 -0.0060579 -0.0140953 0.00454763 -0.00688668 0.00366043 -0.0163921 0.0750997 0.154651 0.0243942
internal_weight=40963.4 28610.3 12353 11408.1 18271.3 8112.47 10339 5957.56 6940.39 944.974 11928.7 4748.77 7457.57 6342.6 31.7589 11.5659 6004.42 824.839 5591.25 4487.22 3926.19 3398.6 2154.91 3693.27 3271.82 5179.59 3295.6 9.32837 4.31805 135.661
internal_count=837685 551136 286549 267626 340819 185119 210317 131698 139116 18923 214276 104013 134754 126543 572 193 109481 15052 112965 98598 87520 71201 53421 71455 68709 94429 82507 155 68 2296
is_linear=0
shrinkage=0.05


Tree=14
num_leaves=31
num_cat=0
split_feature=16 18 17 12 8 25 21 9 9 25 9 17 12 20 17 20 8 8 16 21 25 8 25 11 8 11 8 19 25 2
split_gain=460.638 147.298 71.0416 69.1904 64.8623 55.7473 42.0288 39.4183 32.1617 28.3779 27.1672 26.2477 28.3561 21.8748 24.8774 21.3323 22.5313 20.2534 20.1257 24.2639 19.2406 18.6263 18.5794 18.5509 18.2148 17.877 17.4454 17.425 17.2903 18.18
threshold=2.5000000000000004 0.050568311543921309 0.10380747126436783 1.0000000180025095e-35 1.7675465131152872 169548.00000000003 0.059714795008912663 0.051856027391540362 0.030747743876235498 150.50000000000003 0.037645656183920469 0.44505494505494508 1.0000000180025095e-35 0.041681643901270077 0.77500000000000013 0.053091882442914899 1.5454598162143023 1.6966258529460039 4.5000000000000009 0.15192307692307697 184.50000000000003 1.7067704367390351 110.50000000000001 0.051963024990569533 1.5503683849619125 0.050260215400075865 1.4735903442617271 0.041693004635482513 786214.00000000012 5.5000000000000009
decision_type=2 2 2 2 2 2 2 2 2 2 2 2 2 2 2 2 2 2 2 2 2 2 2 2 2 2 2 2 2 2
left_child=1 3 7 4 13 6 11 24 -6 21 -7 12 17 -1 26 16 -12 -3 -11 -20 -5 -9 -14 -19 -2 -18 -15 -4 -10 -30
right_child=2 5 27 20 8 10 -8 9 28 18 15 -13 22 14 -16 -17 25 23 19 -21 -22 -23 -24 -25 -26 -27 -28 -29 29 -31
leaf_value=-0.0027642766251909953 -0.0052158241314310821 0.0076750447939801765 -0.011647912999258818 -0.021696552982922293 -0.0071358333716637209 0.0028363793977327165 0.020485191672711258 -0.0070256639306897281 -0.0045646272778621438 -0.0013320188489186805 0.013006901826882418 0.01474968555379887 -0.015601015164787253 0.011613283058973391 0.044125243173189527 0.010676059971217185 -0.0020296791261235343 -0.0036931809476677619 -0.010811333173080353 0.017201315475563916 -0.0071554440037599511 -0.019366258171549779 -0.0022132126641838628 0.0042039916293343318 -0.017839655990994227 0.0062699648710471574 0.0036685221941380967 0.002359945946573148 0.0011816990508373461 0.029516914737496298
leaf_weight=895.46996650472283 319.85388054326177 1058.629075743258 270.64410403370857 459.9905503205955 2987.5981300584972 2475.7992087304592 280.73906693607569 466.55957863107324 1704.092780251056 1189.6799480840564 922.80336168035865 311.55079553648829 419.49834876134992 894.6389985717833 42.083977978676558 5774.4543766751885 861.37418445199728 1758.1207719631493 1821.9082181788981 80.72743533551693 450.0792513936758 887.24944061040878 677.99026644974947 1288.7421474643052 2679.7641067989171 2629.1477654278278 3035.1477845050395 1235.4243658483028 3021.7949551306665 57.689107459038496
leaf_count=17980 7746 19839 6061 11803 65444 48565 4774 11878 35459 26992 15668 5633 10021 15818 740 100779 15682 34763 45277 1627 10495 22963 14613 24972 67000 47226 60125 25826 60773 1143
internal_value=-3.47445e-05 0.00276942 -0.0100611 -0.0011897 -0.000230886 0.00567537 0.00161355 -0.0120644 -0.00306567 -0.0090762 0.0075342 0.000652815 -0.000191296 0.00429513 0.00588669 0.00867584 0.00605873 0.00171717 -0.00643315 -0.00962278 -0.0145052 -0.0151134 -0.0073305 -0.000352887 -0.0164936 0.00422182 0.00547719 -0.0001573 -0.000523644 0.00171251
internal_weight=40959.2 32007.4 8951.81 13548.6 12638.5 18458.8 5795.27 7445.74 7771.17 4446.12 12663.6 5514.53 5202.98 4867.34 3971.87 10187.8 4413.33 4105.49 3092.32 1902.64 910.07 1353.81 1097.49 3046.86 2999.62 3490.52 3929.79 1506.07 4783.58 3079.48
internal_count=837685 622315 215370 279780 257482 342535 114615 183483 162819 108737 227920 109841 104208 94663 76683 179355 78576 79574 73896 46904 22298 34841 24634 59735 74746 62908 75943 31887 97375 61916
is_linear=0
shrinkage=0.05


Tree=15
num_leaves=31
num_cat=0
split_feature=14 19 17 25 16 9 9 17 10 21 8 8 8 8 25 21 21 8 7 9 7 8 20 7 25 8 11 19 11 19
split_gain=421.584 120.494 115.391 100.482 53.2873 44.9674 37.8257 36.3416 34.0964 30.4206 29.6173 27.8022 24.396 23.8304 23.3171 21.8443 21.2669 20.24 18.4001 22.1848 20.1153 21.3689 50.7735 19.5483 23.1278 18.1856 17.5238 28.7159 17.4605 17.3953
threshold=1.0000000180025095e-35 0.047077759422342026 0.25657894736842107 150.50000000000003 3.5000000000000004 0.037645656183920469 0.046241424648953956 0.10471491228070177 0.048201045089605418 0.059714795008912663 1.5387593379103157 1.8210463534389751 1.4886432771608176 1.8382827596129274 786214.00000000012 0.28991596638655465 0.30384615384615393 1.3714370152171624 73203.500000000015 0.11180555555555556 60210.000000000007 1.8116732992109206 0.062572505800464043 60306.000000000007 406168.00000000006 1.6465210611582444 0.051963024990569533 0.056792465357652068 0.053601648584168347 1.0000000180025095e-35
decision_type=2 2 2 2 2 2 2 2 2 2 2 2 2 2 2 2 2 2 2 2 2 2 2 2 2 2 2 2 2 2
left_child=1 6 3 9 8 10 29 15 16 13 -3 18 -10 -2 -8 -6 25 -16 20 -20 -7 23 -23 24 -22 -5 27 -13 -28 -1
right_child=2 5 -4 4 7 11 14 -9 12 -11 -12 26 -14 -15 17 -17 -18 -19 19 -21 21 22 -24 -25 -26 -27 28 -29 -30 -31
leaf_value=0.0010114411338213315 -0.013230176179323528 0.014788616464816499 0.011003667713320406 0.0015201612039174208 -0.012498599664618155 0.010288014021850461 -0.0033535937054482374 0.00065141919252358895 0.01326172771663852 0.001110071635565946 -0.00035478088438017875 -0.0029839509146404467 -0.00084976354105068853 -0.021876031948578907 0.016791397336055402 0.017291501227861036 0.051644939309633847 0.0030210913078614083 0.0061335146558179378 0.020186987477809192 -0.00024329615499188757 0.009631876327578677 0.13708028814082271 0.01115292291310643 0.040598100078585234 -0.011185990457452562 0.016298578165792995 0.006250484568279673 0.0058573652535466088 -0.0062271817683895361
leaf_weight=1115.9640129879117 2003.3248128332198 357.79444056004286 827.09303375333548 354.65367487818003 3361.3534386120737 3013.7918354347348 1464.1660804972053 686.50389367341995 337.48133895173669 259.32713625580072 3308.577837228775 1423.4450872577727 3312.3922835588455 1323.5493833906949 289.99127813801169 62.684403609484434 14.789934441447256 3343.6042610444129 4077.7914871945977 301.58962184563279 45.380820199847221 19.901301462203264 12.867159910500048 354.86848070845008 146.77863745391369 1367.185903955251 502.80876342952251 2060.5046487301588 1965.883494976908 3238.5430334843695
leaf_count=23095 50813 6262 15354 7246 84535 52990 29777 14759 6448 5419 67936 27078 68103 34497 4900 1221 276 64960 73012 5298 827 357 221 6273 2454 31438 9188 37663 35800 69485
internal_value=-3.49707e-05 0.00360327 -0.00710839 -0.00825339 -0.00556074 0.00604967 -0.000949803 -0.00984812 -0.00228897 -0.0153841 0.00112304 0.00734676 0.000455039 -0.0166698 0.00197351 -0.0119532 -0.00805605 0.00412008 0.00927716 0.00710132 0.0119288 0.0204576 0.0596769 0.0181082 0.0309529 -0.00856886 0.00476118 0.00247755 0.00798397 -0.00437208
internal_weight=40954.6 27044.3 13910.3 13083.2 9497.04 17592 9452.27 4110.54 5386.5 3586.2 3666.37 13925.6 3649.87 3326.87 5097.76 3424.04 1736.63 3633.6 7972.97 4379.38 3593.59 579.796 32.7685 547.028 192.159 1721.84 5952.64 3483.95 2468.69 4354.51
internal_count=837685 517576 320109 304755 214026 325359 192217 100515 113511 90729 74198 251161 74551 85310 99637 85756 38960 69860 141432 78310 63122 10132 578 9554 3281 38684 109729 64741 44988 92580
is_linear=0
shrinkage=0.05


Tree=16
num_leaves=31
num_cat=0
split_feature=16 10 25 17 8 11 8 25 18 10 14 21 12 8 21 21 21 3 8 21 9 9 9 6 3 9 0 15 25 8
split_gain=386.251 123.215 66.664 60.5843 49.4613 39.0256 41.9071 39.5383 38.1213 37.2516 34.7861 35.6271 24.4454 24.0451 23.7959 22.4086 22.2505 21.2414 19.7018 18.2258 25.0854 18.1913 17.5002 17.929 16.8346 18.9963 20.0709 16.1398 17.0757 24.8325
threshold=2.5000000000000004 0.0544187344875506 520.50000000000011 0.10380747126436783 1.7219218375107521 0.051963024990569533 1.5959077852307157 139736.50000000003 0.043978021978021982 0.043538281648400519 3.5000000000000004 0.61250000000000016 1.0000000180025095e-35 1.5400539389416557 0.059714795008912663 0.46428571428571436 0.24264705882352944 1.5000000000000002 1.3518273169216737 0.13484848484848486 0.14218328840970354 0.057727020272146636 0.0556420383022476 2.5000000000000004 1.5000000000000002 0.051498711172493106 20.500000000000004 0.87500000000000011 1.0000000180025095e-35 1.8795197596158675
decision_type=2 2 2 2 2 2 2 2 2 2 2 2 2 2 2 2 2 2 2 2 2 2 2 2 2 2 2 2 2 2
left_child=1 2 12 9 17 6 19 15 -6 13 -11 -12 16 -2 21 -8 -1 18 -4 -3 -21 -10 -9 -24 -13 -26 -27 -7 29 -29
right_child=3 5 4 -5 8 27 7 22 14 10 11 24 -14 -15 -16 -17 -18 -19 -20 20 -22 -23 23 -25 25 26 -28 28 -30 -31
leaf_value=-0.0058603244566557411 -0.00035749355520696744 0.0097036512488696477 0.016092300911052241 -0.00018680961481189412 -0.0047384904327153711 0.0086117476260913119 -0.0045199330460727631 0.00084408269776822798 -0.00061399508090987916 -0.0061853395496310115 -0.014485221967534941 0.031825849132859949 -0.016534436073691178 -0.020625628996941755 0.026002432287132393 0.023063352355604073 0.038439307830571035 -0.00087171409411787918 0.0052638601243363342 0.035388371843950349 0.21648090741947953 0.0062836495401310845 0.009126956883448235 0.0014025664883703182 0.015212422463837525 0.37868343664756432 0.085719272470011154 0.041920393892741131 0.026196013840488849 0.28175115783168514
leaf_weight=912.01917378231883 164.94910996034741 1869.6880785562098 487.805051792413 1506.7561102434993 4634.0270669385791 5847.5021690316498 2124.4131459034979 2172.1588799320161 4130.0292559489608 3435.7433824539185 2386.2413114309311 9.4355291910469514 761.08216703310609 1296.5219995267689 96.742237534373999 76.274850144982338 29.254396829754114 1228.0665340647101 3024.8483831249177 34.182463463395834 2.0256391540169707 1243.7302356213331 2285.4552144706249 1119.0471299625933 1.471009969711303 1.273986164480448 1.0804287269711492 3.1507990807294837 63.441894829273224 1.6416938528418539
leaf_count=19431 4119 32474 8439 31887 99279 104965 42844 40888 84924 83288 62086 182 19530 33734 1584 1229 453 23589 58198 525 26 23853 39548 19378 30 24 20 55 1074 29
internal_value=-3.52317e-05 0.00250596 -0.000499524 -0.00931459 0.000575157 0.00569422 0.00373947 0.00211116 -0.00140169 -0.0111995 -0.00941156 -0.014031 -0.00987119 -0.0183381 0.00142489 -0.00356391 -0.00448351 0.00478867 0.00676761 0.0103841 0.0455195 0.000982431 0.00435068 0.00658798 0.0676967 0.156173 0.244244 0.00889387 0.0330707 0.124076
internal_weight=40950.1 32146.6 16547.6 8803.47 14845.2 15599 9683.25 7777.35 10104.5 7296.72 5835.25 2399.5 1702.36 1461.47 5470.5 2200.69 941.274 4740.72 3512.65 1905.9 36.2081 5373.76 5576.66 3404.5 13.261 3.82542 2.35441 5915.74 68.2344 4.79249
internal_count=837685 622315 339280 215370 299866 283035 176912 143887 209640 183483 145630 62342 39414 37853 110361 44073 19884 90226 66637 33025 551 108777 99814 58926 256 74 44 106123 1158 84
is_linear=0
shrinkage=0.05


Tree=17
num_leaves=31
num_cat=0
split_feature=14 9 21 25 12 17 19 21 10 8 10 8 8 25 9 16 8 8 10 19 19 25 7 9 9 20 7 2 9 11
split_gain=353.754 126.601 67.6149 58.6387 49.3813 40.6257 38.0539 35.9781 34.2765 29.0523 27.7583 27.2122 26.6629 25.9967 23.9829 23.4639 22.1654 20.8143 20.0057 19.9215 19.5903 19.5228 19.4339 21.0238 17.7127 16.7365 16.4711 15.9475 15.4874 17.4383
threshold=1.5000000000000002 0.053488128198674392 0.30384615384615393 176609.50000000003 1.0000000180025095e-35 0.10380747126436783 0.040992942230852543 0.088932806324110686 0.049978111963743119 1.0160080785657655 0.040565473222299801 1.3954701144813642 1.8234171397687837 110.50000000000001 0.28991596638655465 4.5000000000000009 1.244579944061633 1.5387593379103157 0.060006858710562418 0.042473252570667343 0.083538587848932686 135.50000000000003 222149.00000000003 0.13691420331651047 0.53571428571428581 0.10385185185185186 217746.50000000003 5.5000000000000009 0.064967532467532479 0.051963024990569533
decision_type=2 2 2 2 2 2 2 2 2 2 2 2 2 2 2 2 2 2 2 2 2 2 2 2 2 2 2 2 2 2
left_child=1 3 5 7 6 9 16 11 -5 14 -11 -1 22 -12 -2 -15 -3 -10 -14 -13 -9 -6 28 -24 -4 -20 -22 -18 29 -8
right_child=2 4 24 8 21 -7 12 20 17 10 13 19 18 15 -16 -17 27 -19 25 -21 26 -23 23 -25 -26 -27 -28 -29 -30 -31
leaf_value=0.0094651036545830292 0.01346689569290924 0.014733557884731199 0.013130284678550729 -0.001916678578577771 -0.013390403122947845 -0.0015732077831222921 0.0054933022714463561 0.011060738294644679 0.013999155888465994 -0.020254374213360002 -0.016470800676040145 -0.012904491233063252 0.0017968062941924061 -0.004249061156165748 0.26773979122009217 -0.012259908683171155 -0.0017041796597803097 0.0029229736801455503 0.0073615059636776966 -0.0055214294499500447 0.047592628261171145 0.00015540481821053523 -0.00087252541207669598 0.033656287267464967 0.21185085875065501 0.05003165229501827 0.18886157319182634 0.021913904434576179 0.01225682320486658 0.011035236598890793
leaf_weight=234.67873652279377 88.935160532593727 241.45038860663772 291.83423118665814 5123.4132455028594 460.07055995613337 1068.5166475102305 3966.5991132967174 156.67228480800986 481.80737007781863 977.59946195036173 1575.2290271893144 1388.4580965787172 4086.0140167362988 1605.5897898003459 0.93711772561073203 2122.3543496020138 2662.4324345104396 3544.4880632162094 2032.6632591299713 2671.9015045650303 12.374031543731688 630.55445195361972 828.81433399766684 46.56127754971385 1.1256729848682869 23.243149112910032 2.4762376695871344 73.444652758538723 2334.7760055623949 2210.4772321283817
leaf_count=4522 2142 4096 5542 107900 11159 22843 71038 2916 8010 25806 42366 32428 76976 36792 22 55074 52778 68676 35996 59012 211 13785 14926 812 15 411 42 1397 41188 38804
internal_value=-3.52936e-05 0.00220709 -0.00966748 -0.00149629 0.00478024 -0.0105953 0.00538954 -0.00619253 0.000796245 -0.0121086 -0.0125125 -0.0070893 0.00638231 -0.0110853 0.0161183 -0.00880971 0.000211471 0.00424841 0.00382098 -0.0080461 0.0162631 -0.00555878 0.00805815 0.000964064 0.0138939 0.00784392 0.0711488 -0.00107015 0.00878772 0.00747649
internal_weight=40945.5 33213.4 7732.12 13616.3 19597.1 7439.16 18506.5 4466.56 9149.71 6370.64 6280.77 4295.04 15529.1 5303.17 89.8723 3727.94 2977.33 4026.3 6141.92 4060.36 171.523 1090.63 9387.23 875.376 292.96 2055.91 14.8503 2735.88 8511.85 6177.08
internal_count=837685 647083 190602 283717 363366 185045 338422 99131 184586 162202 160038 95962 280151 134232 2164 91866 58271 76686 113383 91440 3169 24944 166768 15738 5557 36407 253 54175 151030 109842
is_linear=0
shrinkage=0.05


Tree=18
num_leaves=31
num_cat=0
split_feature=16 19 12 21 25 21 8 9 9 25 8 9 11 13 15 8 22 8 15 25 4 20 10 8 20 2 12 20 16 9
split_gain=324.164 104.834 58.9861 54.6949 47.7601 46.6735 43.7196 39.2871 37.3785 32.8804 32.6269 26.5979 23.3806 22.1373 19.8311 18.9499 18.6493 18.5366 18.4993 18.4015 18.0276 17.9038 16.8317 22.1403 21.9554 16.5535 16.134 16.0143 15.8564 15.5777
threshold=2.5000000000000004 0.047077759422342026 1.0000000180025095e-35 0.059714795008912663 481.50000000000006 0.059714795008912663 1.5655538540707761 0.038341497247388279 0.051856027391540362 150.50000000000003 1.3714370152171624 0.046846863745498207 0.051963024990569533 0.58333333333333337 0.46428571428571436 1.7067704367390351 4.5000000000000009 1.3279269674104242 0.34523809523809529 339631.00000000006 2.5000000000000004 0.025339387268391123 0.060006858710562418 1.9939271702601953 0.065998224187901036 4.5000000000000009 1.0000000180025095e-35 0.054090026139715593 7.5000000000000009 0.096894559460760726
decision_type=2 2 2 2 2 2 2 2 2 2 2 2 2 2 2 2 2 2 2 2 2 2 2 2 2 2 2 2 2 2
left_child=1 4 5 8 -1 6 -3 25 17 15 -6 -12 16 -5 -4 -10 19 21 28 -9 -7 -2 23 -21 -24 -8 -17 -13 -11 -22
right_child=3 2 14 13 10 20 7 12 9 18 11 27 -14 -15 -16 26 -18 -19 -20 22 29 -23 24 -25 -26 -27 -28 -29 -30 -31
leaf_value=-0.01149179805447537 0.19709663113635167 0.010766523093611667 -0.0074393497729475112 0.0020302722045259492 0.010122819040500088 0.04054850335748706 -0.0029302167264810969 0.0011293925023145484 -0.0056485247180240207 -0.0023869241330732554 -0.0041620261054107219 8.6546620132997627e-05 0.007575609159121803 0.043815816857357574 0.014082749709746312 -0.0064547610150043682 -0.00079627973870256613 -0.014859904240252374 0.019307319832789018 0.0060593010579620028 0.013091072891652187 0.0032276109506494083 0.0092436978305892505 -0.010856745428656401 0.029746331433994438 0.0048785432333681425 -0.021894536315069345 0.0085578693442183561 -0.0097090717877285505 0.052289787046135072
leaf_weight=1111.5961080677807 1.2029313221573819 2535.5567006878555 1270.9738386012614 779.64597400650382 666.23512963205576 89.349908292293549 2654.7635500244796 2220.1208053193986 486.73181229457259 2100.5561517700553 4392.2631949856877 4309.8998777084053 5234.720525931567 33.039848960936069 116.87572747468948 227.69669234380126 2079.9525793269277 3041.5562268793583 80.453734129667282 2304.5676153488457 376.64630379900336 118.86600258201361 966.0618568956852 211.1532995402813 150.98256936296821 911.77048039808869 658.60338317975402 640.83619991317391 1141.0085804350674 27.17402708530426
leaf_count=26258 29 42964 29518 16056 11329 1335 54680 42251 12770 49515 94733 85054 92559 619 2169 5853 37964 78485 1625 41061 5821 2862 16525 3965 2554 18825 18266 12371 29290 379
internal_value=-3.52535e-05 0.00227074 0.00433715 -0.00861926 -0.00165937 0.00503688 0.00464816 0.0037211 -0.00989655 -0.00706649 -0.00056741 -0.00132971 0.00498195 0.00372907 -0.0056269 -0.013575 0.00327045 -0.0140992 -0.00437645 0.00471565 0.0202255 0.00516992 0.00690735 0.00463948 0.0120149 -0.000933938 -0.0179279 0.0011831 -0.00496427 0.0157288
internal_weight=40940.9 32271.5 21150.7 8669.36 11120.8 19762.8 19269.6 16734.1 7856.68 4695.05 10009.2 9343 13167.6 812.686 1387.85 1373.03 7932.84 3161.63 3322.02 5852.89 493.17 120.069 3632.77 2515.72 1117.04 3566.53 886.3 4950.74 3241.56 403.82
internal_count=837685 622315 392570 215370 229745 360883 353348 310384 198695 117319 203487 192158 236879 16675 31687 36889 144320 81376 80430 106356 7535 2891 64105 45026 19079 73505 24119 97425 78805 6200
is_linear=0
shrinkage=0.05


Tree=19
num_leaves=31
num_cat=0
split_feature=14 25 9 17 16 10 19 20 8 8 18 25 9 21 17 8 10 7 7 10 10 21 21 12 0 21 9 11 8 20
split_gain=298.289 90.8098 83.8736 73.3319 48.1318 38.3033 37.9001 30.4213 25.2359 24.9989 27.4329 22.5341 21.3853 19.8102 19.6672 18.5535 21.6722 21.5758 31.3158 19.3554 18.7705 18.3793 18.0447 17.8502 19.1933 17.8367 23.5483 19.3122 17.5337 16.6224
threshold=1.0000000180025095e-35 206.50000000000003 0.053488128198674392 0.16904761904761909 3.5000000000000004 0.04768727464953796 0.056753073802223671 0.052927423898563017 1.0160080785657655 1.6796605839506467 0.044326578593819978 478788.00000000006 0.04942397834554698 0.34848484848484856 0.34313725490196084 1.6808428667646478 0.061095969453638703 76296.000000000015 62249.000000000007 0.043538281648400519 0.077058029689608662 0.052107704095528944 0.088932806324110686 4.5000000000000009 1.5000000000000002 0.059714795008912663 0.28991596638655465 0.051963024990569533 1.2206001792295977 0.032900750505147701
decision_type=2 2 2 2 2 2 2 2 2 2 2 2 2 2 2 2 2 2 2 2 2 2 2 2 2 2 2 2 2 2
left_child=2 5 6 4 9 -2 11 8 -4 -3 -11 -1 -6 28 21 -9 19 18 -18 -17 -20 -7 -8 -5 -25 27 -27 -10 -14 -13
right_child=1 3 7 23 12 14 22 15 25 10 -12 29 13 -15 -16 16 17 -19 20 -21 -22 -23 -24 24 -26 26 -28 -29 -30 -31
leaf_value=-0.006498391929222077 -0.020079586103044351 0.0042618739949615595 0.017686015115758829 0.0096009875280014152 -0.014749799111893112 -0.011354946574344636 0.0036022804259031567 0.013249599823246623 0.0007136669932132373 -0.011396162423072932 -0.0014870657317378698 -0.0087730459350948108 0.018334665245629315 0.025866203137002625 0.013753915470741666 -0.014542421707196896 0.024859197793628763 0.0091186555457843724 0.11568783847513207 0.0063931916889721418 -0.032774833711401656 0.0026297592323459447 0.02762426805871019 0.026190647417579899 0.32576857315726671 0.017451419719093832 0.14498301522703486 0.0056437504457158829 -0.0079825784869183725 0.00033085286270870582
leaf_weight=2219.5123319290578 1156.9032175503671 1276.7032488882542 295.72005267813802 922.57850446179509 1218.3898615688086 2498.7629914581776 3157.2167491652071 1240.9001418203115 5338.6038827970624 910.80536410585046 2995.9197411239147 555.66842108219862 65.191013429313898 46.190417394042015 89.669223375618458 112.58055150508881 58.750787436962128 113.57684556022286 17.40432991087437 5701.5814124643803 2.4257587157189837 259.32564731687307 80.160600442439318 1.2688142098486417 0.92400883510708798 128.7616141140461 3.7243278808891764 3163.4392438717186 2169.8293623179197 5133.4427241832018
leaf_count=48733 31465 25183 4686 17369 31812 65631 61150 21049 99261 21410 62583 11888 1606 841 1633 2295 981 1918 267 98969 41 5406 1340 27 18 1944 43 58103 55125 104908
internal_value=-3.51156e-05 -0.00608206 0.00297745 -0.00344549 -0.00487105 -0.0124076 -0.000359967 0.00527687 0.00332362 -0.00181225 -0.00379725 -0.00222539 -0.00940159 -0.00654512 -0.00929084 0.00768373 0.00653382 0.0230547 0.0431971 0.00598781 0.0975268 -0.0100401 0.00419709 0.00993966 0.152426 0.00283173 0.0210365 0.00254805 -0.00721496 -0.000558346
internal_weight=40935.9 13612.5 27323.5 9607.8 8683.03 4004.66 11146 16177.5 8930.25 5183.43 3906.73 7908.62 3499.6 2281.21 2847.76 7247.22 6006.32 192.158 78.5809 5814.16 19.8301 2758.09 3237.38 924.771 2.19282 8634.53 132.486 8502.04 2235.02 5689.11
internal_count=837685 320109 517576 215974 198560 104135 228019 289557 164037 109176 83993 165529 89384 57572 72670 125520 104471 3207 1289 101264 308 71037 62490 17414 45 159351 1987 157364 56731 116796
is_linear=0
shrinkage=0.05


Tree=20
num_leaves=31
num_cat=0
split_feature=16 19 21 14 10 9 8 8 15 18 25 25 21 11 17 10 20 19 8 22 25 8 7 21 21 22 2 8 8 16
split_gain=274.513 82.2903 62.6448 53.5447 41.3685 32.5288 31.5483 29.3922 26.5654 22.8184 22.2396 20.6565 19.7631 19.9051 20.1319 19.3373 18.7946 18.7782 18.0493 18.0062 17.9144 17.8393 17.5851 16.9615 16.3605 23.6753 22.0507 16.1506 24.7783 16.0035
threshold=1.5000000000000002 0.047638118122699628 0.072751322751322761 3.5000000000000004 0.052796801353196907 0.054996501002597342 1.7935858848371169 1.3518273169216737 0.46428571428571436 0.085553610020033768 17899.000000000004 274.50000000000006 0.12916666666666668 0.051963024990569533 0.77500000000000013 0.044362298114643338 0.078028256219745587 0.0395040742928209 1.6966258529460039 4.5000000000000009 26183.500000000004 0.92579609661032014 11603.000000000002 0.059714795008912663 0.61250000000000016 5.5000000000000009 4.5000000000000009 1.8210463534389751 1.8206904827239094 5.5000000000000009
decision_type=2 2 2 2 2 2 2 2 2 2 2 2 2 2 2 2 2 2 2 2 2 2 2 2 2 2 2 2 2 2
left_child=1 6 3 4 7 20 -1 -2 11 -4 -8 21 13 19 -15 -12 -16 -9 -5 27 -3 22 -6 -17 -11 26 -26 28 -7 -24
right_child=2 5 9 18 8 12 10 17 -10 24 15 -13 -14 14 16 23 -18 -19 -20 -21 -22 -23 29 -25 25 -27 -28 -29 -30 -31
leaf_value=0.0019300871034638103 0.012251358205849123 -0.0051290803167651881 0.0042985865405000484 -0.0071261925438407224 0.25472295644614767 0.0073072435105983689 -0.012355327854996073 -0.015178569465278595 0.017308367939219457 0.017937079965659079 -0.0050203608246336302 -0.00075676791964621355 0.018851804513679279 0.0079416654833744573 0.032668208813998095 0.0010008266626186141 0.22962160406414098 -0.0074882568286154822 -0.01562895442396461 0.00020555753385593205 0.0026834896829067666 -0.0097769229675539054 -0.0029201211340265224 0.050850138678216632 0.10214209900804364 0.24816709961096503 -0.053787798353668287 0.002170863087321308 0.04551712817794179 0.13263190408172901
leaf_weight=4823.0811347775161 151.94920828938484 845.01141598075628 924.51801347732544 877.85818216949701 0.97723811864852805 3331.9446829259396 642.63320051133633 1230.0589901730418 171.14725420624018 21.071512017399073 2911.5729615017772 3047.5456351898611 293.90049010142684 4509.1922283433378 60.973357740789652 1897.2785256877542 1.2358324527740467 2238.0890490747988 2159.4876295849681 2091.1283546052873 5573.3873909190297 987.81267728284001 8.1103550605475885 17.219102554023266 8.6164520196616596 1.9776852466166026 3.0769133567810067 2054.3819905854762 42.975903633981943 2.976546309888362
leaf_count=94141 3358 18407 18351 23183 24 57045 15259 31332 3164 379 62758 66508 4136 76836 1021 37885 20 54550 59324 37414 108136 25907 200 274 119 26 48 37075 729 76
internal_value=-3.49561e-05 0.00257659 -0.00645519 -0.00753552 -0.00535169 0.00454378 -0.00101767 -0.00927277 -0.00198687 0.0057935 -0.00361743 -0.00280278 0.00604081 0.00572943 0.0083314 -0.0024539 0.0365808 -0.0102158 -0.0131715 0.00414778 0.00165493 -0.00903886 0.0513942 0.00144917 0.0455741 0.0881716 0.0611118 0.00566615 0.0077938 0.0334721
internal_weight=40931.2 29095.9 11835.3 10876 7838.67 18804.1 10291.8 3620.1 4218.57 959.261 5468.7 4047.42 12385.7 12091.8 4571.4 4826.07 62.2092 3468.15 3037.35 7520.43 6418.4 999.877 12.0641 1914.5 34.7426 13.6711 11.6934 5429.3 3374.92 11.0869
internal_count=837685 551136 286549 267626 185119 340819 210317 89240 95879 18923 116176 92715 214276 210140 77877 100917 1041 85882 82507 132263 126543 26207 300 38159 572 193 167 94849 57774 276
is_linear=0
shrinkage=0.05


Tree=21
num_leaves=31
num_cat=0
split_feature=14 9 21 8 25 25 17 10 19 21 8 17 20 25 19 25 12 8 20 21 16 8 19 10 7 10 3 11 2 10
split_gain=251.65 87.4448 52.7745 45.2598 42.5866 34.3537 41.1499 32.9647 32.5855 31.4563 29.7088 29.6815 23.2492 20.6237 20.3477 18.6167 18.4684 18.3335 17.9756 17.1808 16.0525 15.73 14.5592 14.4663 14.2772 20.8379 14.4782 16.2405 14.2037 13.9232
threshold=1.5000000000000002 0.053488128198674392 0.41428571428571431 1.5102425125215306 786214.00000000012 786214.00000000012 0.53571428571428581 0.052796801353196907 0.032883354580222186 0.063508064516129045 1.7406301415123466 0.26969696969696971 0.052927423898563017 100.50000000000001 0.045280807676327882 1.0000000180025095e-35 1.0000000180025095e-35 1.125557420482757 0.041681643901270077 0.059714795008912663 9.5000000000000018 1.8854194327710776 0.083538587848932686 0.074580513581162522 1915.5000000000002 0.058101863935576661 1.5000000000000002 0.050343962067630442 4.5000000000000009 0.078192934782608706
decision_type=2 2 2 2 2 2 2 2 2 2 2 2 2 2 2 2 2 2 2 2 2 2 2 2 2 2 2 2 2 2
left_child=1 3 7 -1 9 6 8 10 -3 14 -2 13 17 15 -5 -9 -10 -7 -6 -19 -15 -18 -11 -14 25 26 -22 -28 -20 -16
right_child=2 5 -4 4 18 12 -8 11 16 22 -12 -13 23 20 29 -17 21 19 28 -21 24 -23 -24 -25 -26 -27 27 -29 -30 -31
leaf_value=0.0078024972068483668 -0.0066047920781192983 -0.0088761629273178943 0.016805810160898819 -0.010347196517270564 -0.005428188313255305 0.015991199101773698 0.019868507897236445 -0.0058935611067185553 0.0028306898753939782 0.0098831198880294374 -0.016387650739368553 0.013217913866875148 0.0080491097512060666 -0.0022025474485154648 -0.0044037652951060807 -0.019198456124496964 -0.00092038341261485655 0.0028880942982363934 5.3973800485287898e-05 0.031136511826028473 0.051707588402654193 -0.015906481508537126 0.059888709050214733 0.038846237728813252 -0.011488035098997172 -0.033458831173796631 0.3833647926436734 0.098579611081337171 0.0058310625744247939 0.015945006782758602
leaf_weight=1247.4036339819431 1244.8704564236104 775.99383726343513 203.4835605584085 2010.4911102615297 1160.3092840760946 290.87288303300738 295.3835379332304 501.57452679798007 6510.6048849746585 180.788639575243 2060.7083534002304 192.18312184140086 4962.3570588007569 1952.4868271425366 2789.1029801517725 552.56011839583516 691.12189972400665 6012.5109781771898 4691.0447205379605 54.312759287655354 5.2999642454087716 234.52081551030278 15.830565854907034 38.426163729280233 782.03710141777992 5.3493011966347694 0.80396668985486064 1.3267799392342565 1376.0528246723115 86.675176318734884
leaf_count=22155 32023 16367 3664 47818 24670 4450 4856 13445 123181 3287 55207 3494 82751 46469 61129 15418 15983 108835 94861 742 140 5577 248 624 20549 137 22 34 27749 1800
internal_value=-3.46415e-05 0.00182293 -0.00830997 -0.00127286 -0.00219247 0.00393567 0.00153321 -0.00901014 0.000873715 -0.00569925 -0.0127035 -0.00595313 0.00573514 -0.00692233 -0.00648828 -0.0128678 0.00189114 0.0037289 0.000273773 0.00314099 -0.00464107 -0.00471726 0.0139093 0.00828576 -0.0106314 0.0417897 0.0959604 0.206034 0.00136425 -0.00379046
internal_weight=40926.5 33423.8 7502.68 13557.7 12310.3 19866.1 8507.62 7299.2 8212.24 5082.89 3305.58 3993.62 11358.5 3801.44 4886.27 1054.13 7436.25 6357.7 7227.41 6066.82 2747.3 925.643 196.619 5000.78 794.817 12.78 7.43071 2.13075 6067.1 2875.78
internal_count=837685 647083 190602 283717 261562 363366 165964 186938 161108 114282 87230 99708 197402 96214 110747 28863 144741 114027 147280 109577 67351 21560 3535 83375 20882 333 196 56 122610 62929
is_linear=0
shrinkage=0.05


Tree=22
num_leaves=31
num_cat=0
split_feature=16 10 12 17 8 21 25 18 9 9 11 25 3 17 9 8 7 8 20 8 20 19 8 24 11 25 11 8 25 8
split_gain=231.995 85.8505 66.2368 44.909 41.1049 33.5179 31.2136 27.1404 22.358 21.951 20.4461 19.459 18.6386 18.5164 18.5137 22.6561 18.6647 17.0284 28.2772 16.7341 16.3307 16.2508 15.0358 16.8557 22.8403 14.8307 14.8025 14.3049 14.1453 14.1157
threshold=3.5000000000000004 0.054826582585496005 1.0000000180025095e-35 0.10380747126436783 1.7219218375107521 0.059714795008912663 425664.50000000006 0.043978021978021982 0.064967532467532479 0.04942397834554698 0.051963024990569533 206.50000000000003 1.5000000000000002 0.61250000000000016 0.057464913951863851 0.52805973025047626 109743.50000000001 1.8210463534389751 0.05721950915301071 1.8282602472305853 0.051811854353043162 0.044107670205124121 1.0160080785657655 21.500000000000004 0.053601648584168347 21239.500000000004 0.050168168696291163 1.8033333389191528 262579.50000000006 1.3518273169216737
decision_type=2 2 2 2 2 2 2 2 2 2 2 2 2 2 2 2 2 2 2 2 2 2 2 2 2 2 2 2 2 2
left_child=1 2 4 9 12 6 10 -6 28 -2 14 -4 13 29 -3 16 -16 18 -17 -8 -21 -7 23 -11 -25 -24 -15 -10 -9 -1
right_child=3 5 11 -5 7 21 19 8 27 22 -12 -13 -14 26 15 17 -18 -19 -20 20 -22 -23 25 24 -26 -27 -28 -29 -30 -31
leaf_value=0.012566171020021485 -0.014956686426426511 -0.0030255070270583922 -0.016740937067509492 9.3715448222166542e-05 -0.004350884648749366 0.1030599933958732 0.0077016353905259519 -0.0044045316455219767 0.015689603985245843 0.0075164689490457032 0.0047227145851761482 -0.0049159983286474248 -0.0012786407688167134 0.10107011187834594 0.22191659847731082 0.0014576239570468046 0.015081335336935425 -0.0028003215821743289 0.023729484659113148 -0.00127106674813074 0.0056089791402697403 0.016037289004401056 -0.01096489992254638 0.039302908344064191 0.2555665539798701 -0.0040180332263958793 0.024413404476255254 0.0033887299777592447 0.0010393246268124024 0.0038937791277622968
leaf_weight=544.00605338811874 1867.3273244909942 2940.6139061450958 742.00604659691453 1207.5792651884258 4948.9149792641401 5.4231942407786837 5035.7268599309027 1813.1474602520466 326.17882868647575 48.535783261060715 2615.5329077728093 655.03600931167603 1378.3007097654045 7.4401473701000205 2.1765665337443343 386.1372471600771 2.1863268800079823 494.18451336026192 225.8859866335988 1287.1272942945361 2614.4426024444401 497.91433358937502 2318.1810409389436 4.914178177714347 1.6244686730206011 1149.1280787214637 41.009654246270657 858.20102727413177 3490.309787645936 3412.5196811929345
leaf_count=9143 51792 58561 20550 26425 108151 87 83490 38776 5938 1197 49858 15720 26400 125 35 7249 37 9734 4218 23322 45279 7742 63666 120 40 28892 673 16186 68960 65319
internal_value=-3.43223e-05 0.00161617 -0.000735156 -0.00862151 0.000133748 0.00427547 0.00386582 -0.00156205 0.000565262 -0.0105742 0.00127659 -0.0111965 0.00373648 0.00546241 -0.000948299 0.00455182 0.118268 0.00410332 0.00967774 0.00579724 0.00333925 0.0169749 -0.00825087 0.0176692 0.0930317 -0.00866258 0.0361851 0.0067764 -0.000821822 0.0050862
internal_weight=40921.7 34324.4 18217.1 6597.29 16820 16107.4 15604 11436.8 6487.84 5389.71 6666.72 1397.04 5383.28 4004.98 4051.18 1110.57 4.36289 1106.21 612.023 8937.3 3901.57 503.338 3522.38 55.0744 6.53865 3467.31 48.4498 1184.38 5303.46 3956.53
internal_count=837685 665553 375941 172132 339671 289612 281783 238011 129860 145707 129692 36270 101660 75260 79834 21273 72 21201 11467 152091 68601 7829 93915 1357 160 92558 798 22124 107736 74462
is_linear=0
shrinkage=0.05


Tree=23
num_leaves=31
num_cat=0
split_feature=16 19 12 17 21 8 25 8 11 19 9 8 9 2 7 18 18 9 18 21 19 18 25 7 17 11 20 25 21 19
split_gain=210.826 77.3546 60.6522 41.2796 34.9972 37.4846 34.9453 25.8749 24.2149 24.1974 22.6536 21.8402 20.4549 18.7078 18.4891 19.1666 23.5832 19.9071 18.1703 17.958 17.8552 35.6149 16.5735 16.1752 15.9424 14.8795 19.8764 14.5515 14.2631 14.0063
threshold=3.5000000000000004 0.040992942230852543 1.0000000180025095e-35 0.10380747126436783 0.059714795008912663 1.8234171397687837 216613.50000000003 1.4404182288811544 0.051963024990569533 0.056792465357652068 0.064967532467532479 1.4805463759804518 0.04942397834554698 4.5000000000000009 232769.50000000003 0.095311355311355331 0.07015422473959991 0.019308137999596135 0.05032168597485058 0.13484848484848486 0.34848484848484856 0.050885230581625272 478788.00000000006 128787.00000000001 0.44505494505494508 0.050343962067630442 0.0499194627147923 218.50000000000003 0.14642857142857144 0.031551733322679028
decision_type=2 2 2 2 2 2 2 2 2 2 2 2 2 2 2 2 2 2 2 2 2 2 2 2 2 2 2 2 2 2
left_child=1 6 4 12 5 10 19 -8 9 -7 11 -3 -2 -9 15 16 17 -13 -4 24 22 -22 -19 -21 -1 -25 29 -20 -14 -27
right_child=3 2 18 -5 -6 8 7 13 -10 -11 -12 14 28 -15 -16 -17 -18 20 27 23 21 -23 -24 25 -26 26 -28 -29 -30 -31
leaf_value=-0.0088399654166693275 -0.014412032505950235 0.009853456489091467 -0.012860134771475313 8.9021959644707016e-05 0.014991445134367183 -0.0042271609490608254 0.0095333478842568996 -0.0033239890553641211 0.0037433305136691389 0.0021125486663733893 0.0091660536369175538 -0.0023614068875855757 -0.0085774669018532819 0.0045750157268347391 -0.0044425872477660087 0.022018868909015856 -0.011098827519842326 0.0018697913307563205 -0.0070918711422341312 -0.0046883014818617681 -0.020838598762591275 0.349306363624871 0.0067925111006370102 0.013685167350199293 0.0093275631155088738 0.056894603180109186 -0.031193033731402881 0.0029470725456853947 0.0071750080179835366 0.192913232449618
leaf_weight=2518.5738693606108 1841.6689192913473 1367.451806165278 589.78025991469622 1207.6813716553152 646.2018219679594 3057.2102334499359 579.28004343435168 3613.1512376256287 4496.450352113694 2964.6718116365373 2580.5336838364601 1094.6167534552515 3345.5800319053233 945.79530071094632 749.59086512029171 141.12494923174381 270.0582316108048 2841.6901336126029 781.2330246604979 21.625220034271479 1.5519834160804742 1.1180354729294775 4292.5419489853084 9.7124327383935469 126.83520739153028 3.1810391880571824 2.2344017922878265 671.01341021060944 150.14874243736267 4.6728357970714569
leaf_count=58613 51792 22473 15480 26425 9691 61526 9583 74546 85232 55194 43970 22688 90832 19406 14217 2599 4930 54113 19321 394 29 20 74388 176 2446 59 39 14334 3083 86
internal_value=-3.39391e-05 0.00153222 0.00282002 -0.00825872 0.00350993 0.00319896 -0.0028367 -0.000420489 0.000967016 -0.00110602 0.00495876 0.00394972 -0.0101475 -0.00168527 0.00309017 0.0037435 0.00344013 0.00391712 -0.00545905 -0.00745739 0.00488009 0.134155 0.00483171 0.0252081 -0.00796892 0.0578593 0.100388 -0.00245336 -0.00790087 0.137822
internal_weight=40917 34371.9 26546.8 6545.08 24504.8 23858.6 7825.06 5138.23 10518.3 6021.88 13340.3 10759.7 5337.4 4558.95 9392.29 8642.7 8501.58 8231.52 2042.03 2686.84 7136.9 2.67002 7134.23 41.4259 2645.41 19.8007 10.0883 1452.25 3495.73 7.85387
internal_count=837685 665553 500205 172132 451070 441379 165348 103535 201952 116720 239427 195457 145707 93952 172984 158767 156168 151238 49135 61813 128550 49 128501 754 61059 360 184 33655 93915 145
is_linear=0
shrinkage=0.05


Tree=24
num_leaves=31
num_cat=0
split_feature=14 9 21 8 25 8 10 12 7 21 10 25 25 8 17 10 11 10 2 25 25 17 19 8 6 19 9 0 19 11
split_gain=194.354 69.5333 44.8531 35.9878 34.6861 31.3749 29.2422 25.8606 24.6921 23.4139 19.0177 17.7919 19.4166 17.7349 18.3121 16.8757 15.8004 15.6685 15.6506 15.334 14.2742 15.8529 14.2444 14.0985 14.2395 13.8733 13.5423 13.4263 15.0469 14.6567
threshold=1.5000000000000002 0.053488128198674392 0.41428571428571431 1.5102425125215306 176609.50000000003 1.5956893491701694 0.052796801353196907 1.0000000180025095e-35 69545.000000000015 0.063508064516129045 0.0465533049929149 100.50000000000001 1.0000000180025095e-35 1.244579944061633 0.61250000000000016 0.089228844404003652 0.051963024990569533 0.060006858710562418 4.5000000000000009 135.50000000000003 206.50000000000003 0.16064516129032261 0.057199651216828289 1.7574875106093129 2.5000000000000004 0.037064512583800426 0.14307966177125056 57.500000000000007 0.046126921955081467 0.053601648584168347
decision_type=2 2 2 2 2 2 2 2 2 2 2 2 2 2 2 2 2 2 2 2 2 2 2 2 2 2 2 2 2 2
left_child=1 3 5 -1 9 -2 20 8 16 15 -6 12 -8 -10 17 25 22 18 -15 -9 -7 -22 23 24 -3 -5 -14 29 -29 -18
right_child=2 7 -4 4 10 6 11 19 13 -11 -12 -13 26 14 -16 -17 27 -19 -20 -21 21 -23 -24 -25 -26 -27 -28 28 -30 -31
leaf_value=0.006837252601944642 -0.00084594553029357963 0.0094619210385061686 0.015551248929857285 -0.012346119874459958 -0.0030699302372925474 -0.01824431594752916 -0.0047357096923339396 -0.011316993091093673 0.011679033979613881 0.012078832773684663 0.0017953848815664246 -0.0040864204355151659 -0.020956992435068624 -0.0003487670111096909 0.019934249787086324 0.019734789089628491 0.016489394961604353 0.0050927785425046029 0.0053801205280292084 0.00089651973280975279 -0.012299017439927628 0.0035320555477625771 0.0075035720281720654 -0.0019344844930352717 -0.0020324862721039999 -0.0053368843058786862 0.04028669715358657 -0.027887126326534773 0.0045346675698366666 0.007797161317561906
leaf_weight=1266.1117650642991 1245.0240232907236 796.96420078352094 206.98065591603518 947.82160818949342 3387.9755171462893 977.18449973873794 419.57199669629335 437.89988510124385 493.97885325551033 173.57418750599027 4932.9540003165603 2339.7827176265419 439.39618142694235 6690.7657451927662 140.40791859105229 59.411782182753086 605.47500909119844 2658.9257339984179 1450.6150888428092 622.04469603300095 1541.7827862873673 176.20843956246972 1806.7795418724418 1299.0812823846936 407.05917558446527 2766.5448715053499 9.2155788503587228 49.995862070471048 125.9092932343483 2436.7215540595353
leaf_count=22155 30975 14035 3664 23505 73514 28641 11374 11159 7790 3071 96713 57717 12641 124112 2211 1263 10413 45443 26942 13785 41601 3726 30928 24337 7205 63496 263 983 2123 41900
internal_value=-3.35575e-05 0.00157985 -0.00739455 -0.00118847 -0.00201674 -0.00805896 -0.00958025 0.00345111 0.00387594 -0.00587675 -0.000185592 -0.00635464 -0.0124676 0.00241199 0.00199358 -0.00670261 0.00609962 0.00176035 0.000671995 -0.00414931 -0.0134196 -0.0106753 0.00412023 0.00167808 0.00557586 -0.00712548 -0.0196989 0.00875054 -0.00468027 0.00952714
internal_weight=40912.2 33557 7355.15 13534.4 12268.3 7148.17 5903.14 20022.6 18962.7 3947.35 8320.93 3207.97 868.184 11434.7 10940.7 3773.78 7527.99 10800.3 8141.38 1059.94 2695.18 1717.99 4309.88 2503.1 1204.02 3714.37 448.612 3218.1 175.905 3042.2
internal_count=837685 647083 190602 283717 261562 186938 155963 363366 338422 91335 170227 81995 24278 206498 198708 88264 131924 196497 151054 24944 73968 45327 76505 45577 21240 87001 12904 55419 3106 52313
is_linear=0
shrinkage=0.05


Tree=25
num_leaves=31
num_cat=0
split_feature=16 9 25 17 17 19 25 20 20 12 8 9 25 2 8 10 8 13 21 15 22 8 7 2 18 16 8 11 8 4
split_gain=178.245 66.0371 43.3982 36.8092 35.5159 32.2003 31.8533 25.8666 21.687 20.8913 18.6575 18.3691 17.7403 17.6079 17.266 15.8978 15.8104 21.2013 15.1987 18.1375 20.544 14.2946 13.8471 13.354 13.3528 23.0243 15.2396 32.3731 15.1123 13.9887
threshold=3.5000000000000004 0.037826481944129013 786214.00000000012 0.10380747126436783 0.44505494505494508 0.037571696038515269 413.50000000000006 0.053091882442914899 0.041681643901270077 1.0000000180025095e-35 1.7618319981651027 0.04942397834554698 1.0000000180025095e-35 5.5000000000000009 1.8978342393963354 0.03607175028954631 1.5102425125215306 0.45000000000000007 0.46428571428571436 0.63333333333333341 2.5000000000000004 1.4886432771608176 207929.50000000003 4.5000000000000009 0.10050505050505053 38.500000000000007 1.0160080785657655 0.053657989013283586 2.149217472278119 1.5000000000000002
decision_type=2 2 2 2 2 2 2 2 2 2 2 2 2 2 2 2 2 2 2 2 2 2 2 2 2 2 2 2 2 2
left_child=1 6 4 11 5 -3 12 10 15 21 -4 -2 18 -12 -11 -8 17 -10 19 -1 -21 -7 -23 -18 -13 26 27 -26 29 -28
right_child=3 2 7 -5 -6 9 8 -9 16 14 13 24 -14 -15 -16 -17 23 -19 -20 20 -22 22 -24 -25 25 -27 28 -29 -30 -31
leaf_value=-0.0075185551126244936 -0.013553154677091561 -0.0073345057213066184 0.0052910190674156843 0.00022873364125211988 0.011525386837612893 0.0091358946078201799 -0.016850577866184598 0.0070718320360832268 0.0062965241257303354 -0.0016681868348895432 7.9998449684356716e-05 -0.0077076408694034164 -0.018944479159175711 0.02331651048559703 -0.014413998680132677 -0.0039489141826873344 -0.0022020022996689951 0.16790383408029422 0.04165725353715094 0.17838709785001527 -0.0063467554658788207 0.0020641453470443476 -0.0045656582094729557 0.0032624903775600651 0.033346647634231855 0.26153477156154725 0.063801448738141392 0.31336394823635405 0.16398536243796558 -0.016262525635251917
leaf_weight=584.637206396088 1802.4574265554547 1424.1591442190111 3833.4335703849792 1204.5637214779854 670.0412907525897 615.73280592635274 320.73352327570319 5933.5182469263673 751.45905925706029 1125.3749881274998 4315.3629186600447 3401.348103268072 391.46046013385057 83.097543712705374 347.82421605847776 934.38751634582877 4812.9851117506623 2.0349561870098105 16.760300818830729 2.8115209974348536 3.2385690212249756 5913.9275249764323 908.58926305547357 1456.3171697109938 6.4154928438365451 0.95249830931424995 6.4695287570357314 1.2300842478871343 1.3885838259011496 34.810501232743263
leaf_count=14016 51792 31639 66162 26425 11121 10502 7393 98651 12785 27289 81162 92604 10708 1520 8776 20534 102399 36 262 58 69 112265 17608 30598 151 21 169 28 37 905
internal_value=-3.30221e-05 0.0013962 0.00272522 -0.00765476 0.000369835 -0.000353362 -0.00220987 0.00455521 -0.0011921 0.000762311 0.00274123 -0.00946181 -0.0106441 0.000518992 -0.00467749 -0.0072458 -0.000110174 0.00673298 -0.00529503 -0.00662727 0.0795004 0.0018397 0.00118122 -0.000932637 -0.00732589 0.0180015 0.0133912 0.0783982 0.00174288 -0.00371466
internal_weight=40907.5 34447.9 25171.1 6459.64 11005.6 10335.6 9276.83 14165.4 8277.92 8911.45 8231.89 5255.07 998.908 4398.46 1473.2 1255.12 7022.8 753.494 607.448 590.687 6.05009 7438.25 6822.52 6269.3 3452.61 51.2667 50.3142 7.64558 42.6686 41.28
internal_count=837685 665553 466695 172132 219200 208079 198858 247495 173745 176440 148844 145707 25113 82682 36065 27927 145818 12821 14405 14143 127 140375 129873 132997 93915 1311 1290 179 1111 1074
is_linear=0
shrinkage=0.05


Tree=26
num_leaves=31
num_cat=0
split_feature=14 19 21 12 10 8 25 15 11 19 8 9 18 17 25 25 2 21 25 10 8 18 10 10 11 21 21 19 22 7
split_gain=162.533 58.7388 39.736 35.5993 27.9145 26.9182 26.0743 25.8466 22.3485 24.6053 20.4144 20.1625 19.2951 19.0481 16.5888 15.9037 15.656 15.1834 14.9873 14.6808 14.6557 17.2617 15.9855 14.4659 14.4155 13.7196 13.1818 13.1797 13.7447 12.8318
threshold=1.5000000000000002 0.040992942230852543 0.30384615384615393 1.0000000180025095e-35 0.04768727464953796 1.8228279714546614 216613.50000000003 0.27922077922077926 0.051963024990569533 0.056792465357652068 1.4404182288811544 0.064967532467532479 0.095311355311355331 0.38750000000000007 135.50000000000003 206.50000000000003 4.5000000000000009 0.088932806324110686 100.50000000000001 0.039522628879635778 1.4805463759804518 0.07015422473959991 0.055468732830466973 0.24568965517241384 0.051963024990569533 0.24264705882352944 0.051432940262870375 0.10566188197767147 4.5000000000000009 243333.00000000003
decision_type=2 2 2 2 2 2 2 2 2 2 2 2 2 2 2 2 2 2 2 2 2 2 2 2 2 2 2 2 2 2
left_child=1 6 4 5 15 11 13 18 9 -7 -8 12 20 17 -5 -2 -12 -1 -6 -19 -3 22 26 24 -24 -11 -22 -27 -29 -28
right_child=2 3 -4 14 7 8 10 -9 -10 25 16 -13 -14 -15 -16 -17 -18 19 -20 -21 21 -23 23 -25 -26 27 29 28 -30 -31
leaf_value=-0.0081362224686477008 -0.018729451378282119 0.0082315378112539275 0.010815528394825047 -0.011625021779410456 -0.011140593201232951 -0.0039177198751451786 0.0083239952657623104 0.0079582800675946086 0.0037621354284858226 0.0017634998306769074 -0.0030634096719802384 0.008398436609617364 0.015868815544645632 0.012956684053500797 -0.00062324097681393383 -0.0093035464460577613 0.0041447188872230463 -0.00020710443717059904 -0.0048152569876820988 0.073891892284332128 -0.0043577904643151153 -0.0091156206280241046 0.0028457181485023646 0.12472690257350781 0.0088698940788125413 0.016033170878599717 0.0029067121612535037 0.042446206027322769 0.20038845024122437 -0.009777869940168625
leaf_weight=2295.0080386269838 695.56130125746131 1268.3868704289198 306.1277832724154 582.55871271528304 1294.5402473211288 3144.9285016767681 590.71427608653903 327.81241489201784 4712.0965784527361 3035.4438948333263 3601.0307948514819 2651.7746301479638 308.52721674740314 117.35912247747183 831.94300403818488 1254.7868487127125 952.58922430872917 17.024089600890878 3385.7174997292459 11.005807679146526 947.13833057135344 309.00340364873409 2705.2859260030091 2.5268110819160929 1569.0086730644107 86.958411578088999 3680.6785529665649 4.6411857530474654 1.9588100314140318 210.79529116302729
leaf_count=54112 21043 20618 5557 15199 37391 63435 9598 6467 88541 56367 74631 44464 5163 2202 18901 33640 19427 324 86504 200 19151 5661 47280 44 26354 1272 69984 64 25 4066
internal_value=-3.2546e-05 0.00143216 -0.00681484 0.00255949 -0.00759047 0.00300233 -0.00244023 -0.00561418 0.00115996 -0.00079443 -0.000421068 0.00448479 0.00354144 -0.00669661 -0.00515429 -0.0126651 -0.00155551 -0.00768949 -0.00656482 0.0288875 0.00318575 0.00250667 0.00290065 0.00512778 0.00505707 0.00234476 0.000932109 0.0212033 0.0893218 0.00221961
internal_weight=40902.9 33638.4 7264.55 26053.7 6958.42 24639.2 7584.73 5008.07 10986 6273.93 5144.33 13653.1 11001.4 2440.4 1414.5 1950.35 4553.62 2323.04 4680.26 28.0299 10692.8 9424.44 9115.43 4276.82 4274.29 3129 4838.61 93.5584 6.6 3891.47
internal_count=837685 647083 190602 486589 185045 452489 160494 130362 209704 121163 103656 242785 198321 56838 34100 54683 94058 54636 123895 524 193158 172540 166879 73678 73634 57728 93201 1361 89 74050
is_linear=0
shrinkage=0.05


Tree=27
num_leaves=31
num_cat=0
split_feature=16 9 25 17 17 25 10 20 12 20 8 10 21 8 25 8 2 10 8 13 17 20 2 19 6 21 10 18 3 20
split_gain=150.347 57.0652 36.2514 32.5864 30.2468 27.5754 26.5959 22.4158 21.9707 19.3012 18.1671 19.7234 19.3935 17.8911 16.1649 15.4473 15.368 14.5599 13.8674 15.5527 22.2858 14.1959 15.6389 13.5751 13.5745 18.3632 21.312 17.2052 13.7145 15.3568
threshold=3.5000000000000004 0.037826481944129013 786214.00000000012 0.10380747126436783 0.44505494505494508 413.50000000000006 0.05325138309541548 0.053091882442914899 1.0000000180025095e-35 0.041681643901270077 1.5956893491701694 0.043538281648400519 0.10818713450292398 2.1004882481485976 1.0000000180025095e-35 1.7618319981651027 5.5000000000000009 0.03607175028954631 1.6468130175846498 0.45000000000000007 0.77500000000000013 0.042274796817156728 3.5000000000000004 0.091160916645681198 2.5000000000000004 0.15587044534412958 0.053978134273068239 0.058495085230807521 1.5000000000000002 0.0499194627147923
decision_type=2 2 2 2 2 2 2 2 2 2 2 2 2 2 2 2 2 2 2 2 2 2 2 2 2 2 2 2 2 2
left_child=1 5 4 10 6 14 8 15 -3 17 12 -12 -2 -8 -1 -4 -17 -7 19 21 -21 22 -11 -16 28 27 -27 -26 -14 -30
right_child=3 2 7 -5 -6 9 13 -9 -10 18 11 -13 24 -15 23 16 -18 -19 -20 20 -22 -23 -24 -25 25 26 -28 -29 29 -31
leaf_value=-0.0048987593885193546 -0.0039745896131567439 -0.0018165320118304865 0.0047861353720680755 0.00033288485748346838 0.010565452505335568 -0.016171433256982014 0.0020911736074753591 0.0064964435811674277 -0.011619924801315948 0.014764452467281556 -0.017046364094853533 -0.0084894202371997192 -0.003132585855243702 -0.017328172456032336 -0.020115146595326708 3.9998656377453948e-05 0.021505924280501642 -0.0037363485883578733 -0.0012152083125842818 0.26156532337718758 0.010783977506225242 0.0039071580486259054 0.26327216446762802 0.024989165195760762 0.060576046486625026 0.13515961395032436 -0.0097715401078042226 0.31334673665321205 0.21024496145816529 0.012425399084435939
leaf_weight=602.51559470593929 860.73126199096441 3372.5830920822918 3864.5018644183874 1202.2183952704072 679.4395618326962 315.11199798434973 6147.4553091004491 5986.7409212291241 688.13076818361878 1.4784946404397481 837.42760171927512 3438.4498757459223 24.181133039295677 120.93990502879024 364.24353712052107 4318.2953638210893 85.020844839513302 930.51089275255799 5668.958032798022 1.4274652525782578 2.3349785022437572 1349.3816012218595 1.1071861051023004 17.482680339366198 1.3272298574447625 3.9914823137223703 6.9586511924862862 1.366152688860893 1.7089772447943676 2.3033646643161774
leaf_count=14405 23259 69787 66162 26425 11121 7393 117048 98651 18842 29 25230 96358 500 2402 10265 81162 1520 20534 121102 23 40 24602 22 443 30 82 138 29 33 48
internal_value=-3.197e-05 0.00127143 0.00250189 -0.007083 0.000346629 -0.0020875 -0.000325556 0.00416637 -0.00347782 -0.00114595 -0.00880466 -0.0101653 -0.00235873 0.0017165 -0.00999908 0.00247916 0.000454471 -0.00688212 -0.000128809 0.00441395 0.10593 0.00413144 0.121175 -0.0180494 0.0308852 0.0718267 0.043058 0.188788 0.0110726 0.0966827
internal_weight=40898.3 34517.7 25263.1 6380.66 11008.5 9254.55 10329.1 14254.6 4060.71 8270.31 5178.45 4275.88 902.568 6268.4 984.242 8267.82 4403.32 1245.62 7024.69 1355.73 3.76244 1351.97 2.58568 381.726 41.837 13.6435 10.9501 2.69338 28.1935 4.01234
internal_count=837685 665553 466695 172132 219200 198858 208079 247495 88629 173745 145707 121588 24119 119450 25113 148844 82682 27927 145818 24716 63 24653 51 10708 860 279 220 59 581 81
is_linear=0
shrinkage=0.05


Tree=28
num_leaves=31
num_cat=0
split_feature=16 18 8 21 25 17 22 17 14 9 8 21 3 11 18 16 2 9 25 21 19 16 2 7 21 25 7 0 19 11
split_gain=136.501 53.0665 36.2845 33.8675 36.488 29.8595 26.4032 25.1092 22.6815 19.6072 17.3993 17.0775 16.4601 16.2326 16.1786 15.4199 15.0038 14.6945 13.9897 13.4857 17.656 13.4116 20.4466 26.6716 24.0144 15.8422 13.3055 13.4951 13.2283 13.0326
threshold=3.5000000000000004 0.043978021978021982 1.720160782832141 0.059714795008912663 786214.00000000012 0.10380747126436783 4.5000000000000009 0.44505494505494508 1.0000000180025095e-35 0.053915616756658964 1.0160080785657655 0.063508064516129045 1.5000000000000002 0.053601648584168347 0.087778568041725943 11.500000000000002 4.5000000000000009 0.040854259919581221 128.50000000000003 0.30384615384615393 0.061258657707845866 16.500000000000004 3.5000000000000004 57142.000000000007 0.38750000000000007 86.500000000000014 162620.50000000003 95.500000000000014 0.045210029913479714 0.051963024990569533
decision_type=2 2 2 2 2 2 2 2 2 2 2 2 2 2 2 2 2 2 2 2 2 2 2 2 2 2 2 2 2 2
left_child=1 2 12 4 7 10 17 9 -4 13 -2 15 16 -3 -5 28 19 -6 -10 -1 -21 25 23 24 -23 -7 -19 -28 -12 -8
right_child=5 3 8 14 6 21 29 -9 18 -11 11 -13 -14 -15 -16 -17 -18 26 -20 20 -22 22 -24 -25 -26 -27 27 -29 -30 -31
leaf_value=0.0025264940397018336 0.015549736491776836 -0.0059977255034711803 -0.0029434978083192668 0.011071248387165894 0.0015837882056088635 -0.012112066161799195 -0.0013800322286899298 0.010587182659840327 -0.022064850047540049 0.00084982964952064427 -0.01269355026095096 0.0019474682824857353 -0.0040956872388578066 0.0012025757865625547 0.046345667784668608 -0.014400492581815486 0.014352648487929928 0.0074912977994692088 -0.0080912557066299684 0.030625578993441774 0.20536140759273352 0.076573801851015144 -0.011269225109407179 0.014989819950912326 0.29077477805750751 0.0021379013369318533 0.0025314486180101538 0.10650812288567019 -0.0059130170022561272 0.003916307061554122
leaf_weight=1481.5635744519532 74.508373819291592 2453.8883023466915 4578.9595376513898 736.432781688869 2221.5185679197311 250.64037845283747 3032.4260630048811 515.86416306346655 223.47318053990602 6898.3648978359997 1013.5228334087878 345.09591821953654 655.14900448545814 1149.4012905303389 34.00678001716733 1225.4281813222915 355.91118570044637 5453.0004232078791 902.36480231210589 8.8289254158735258 1.7287360802292813 13.178606007248161 29.156064447015524 28.901184242218733 1.4527252092957486 879.25061633810401 1966.2781741656363 3.1255985535681239 2477.913059592247 1882.5757428258657
leaf_count=28592 1858 54641 99134 11254 43834 5881 54181 8816 6731 133917 30172 7712 12853 25323 433 36408 6696 90535 22311 132 23 304 673 655 25 18887 33398 52 69557 32697
internal_value=-3.14296e-05 0.00120584 -0.00230468 0.0022995 0.00198836 -0.00677595 0.00363123 -0.000182575 -0.00450679 -0.000711609 -0.00843639 -0.00878945 0.00271397 -0.00370093 0.0126282 -0.00957499 0.00512807 0.00515132 -0.0108649 0.00292776 0.0592372 0.000316143 0.0211341 0.0428364 0.0978415 -0.00102313 0.00621907 0.00269647 -0.00788133 0.000648606
internal_weight=40893.9 34554.9 8207.98 26346.9 25576.4 6339.05 14558.9 11017.5 5704.8 10501.7 5136.47 5061.96 2503.18 3603.29 770.44 4716.86 1848.03 9643.92 1125.84 1492.12 10.5577 1202.58 72.6886 43.5325 14.6313 1129.89 7422.4 1969.4 3491.44 4915
internal_count=837685 665553 176472 489081 477394 172132 254697 222697 128176 213881 145707 143849 48296 79964 11687 136137 35443 167819 29042 28747 155 26425 1657 984 329 24768 123985 33450 99729 86878
is_linear=0
shrinkage=0.05


Tree=29
num_leaves=31
num_cat=0
split_feature=12 19 25 16 9 21 15 11 21 8 20 14 8 25 8 10 2 10 7 22 1 16 21 22 10 2 20 6 11 20
split_gain=126.969 52.6703 46.4612 41.7399 32.7139 27.108 23.7892 22.5609 19.0303 17.7099 17.1004 18.6665 17.5275 16.8544 16.7722 15.5147 15.0755 18.1174 14.9802 19.5321 18.1095 14.8188 15.3486 14.4132 14.3997 15.9634 13.7635 13.4635 13.0006 12.9172
threshold=1.0000000180025095e-35 0.057014466790434211 110.50000000000001 3.5000000000000004 0.051598366234747957 0.41428571428571431 0.18898809523809526 0.051963024990569533 0.61250000000000016 1.7574875106093129 0.066380861454852585 1.5000000000000002 0.52805973025047626 1.0000000180025095e-35 1.8324162270420492 0.046938636650822818 4.5000000000000009 0.12778327560613559 218706.00000000003 5.5000000000000009 1.5000000000000002 16.500000000000004 0.53571428571428581 3.5000000000000004 0.03878225085957171 3.5000000000000004 1.0000000180025095e-35 1.5000000000000002 0.051963024990569533 0.048571812071177563
decision_type=2 2 2 2 2 2 2 2 2 2 2 2 2 2 2 2 2 2 2 2 2 2 2 2 2 2 2 2 2 2
left_child=1 3 13 4 14 10 8 9 15 -6 11 12 -3 26 16 -4 29 -18 21 -20 -21 27 -23 -11 25 -16 -2 -7 -26 -1
right_child=2 5 6 -5 7 18 -8 -9 -10 23 -12 -13 -14 -15 24 -17 17 -19 19 20 -22 22 -24 -25 28 -27 -28 -29 -30 -31
leaf_value=-0.0061425837769371215 0.16690388303506307 0.033719578683253204 -0.011571320259435322 -0.0067377267738552467 0.0029218288048930494 0.02679027180554653 0.0090933622495519076 0.0047501715998445153 0.044397228705604391 0.00050484663826714084 0.0088836478673821329 -0.0034545527996400916 0.003182791696950342 -0.01578493753739307 -0.013374438329814262 -0.0029348109275043523 0.005655018657005937 0.077967368900758005 0.032845454782409036 0.27276518418273338 0.075679651450551222 0.011363948095736605 0.23368988178673736 -0.0057513177470576021 -0.0051038332064226952 -0.0030831560303602682 -0.0066785152928058606 0.0041708332784900597 0.0015707835362261926 0.00066944521706506195
leaf_weight=953.39006908237934 1.1438472047448147 47.21270152553916 707.47259541228414 2328.5974821615964 3369.8101536594331 108.75848077610135 344.37159755639732 4657.3091590255499 19.463253453373909 2250.378484968096 1216.4891007617116 1129.0068026054651 9995.6050583571196 1509.6478369422257 737.25751385837793 1962.3948992528021 786.01605256274343 8.7583540454506856 28.605491511523724 1.6760572195053089 3.8268311657011509 1.5467211417853823 1.5585199967026711 1558.0047626048326 1625.3656431809068 770.73760791495442 697.99017801135778 166.49906815215945 1323.6721860840917 2576.8613399863243
leaf_count=20501 37 675 20171 62504 59247 1468 6915 83250 352 42822 21848 27682 176828 44300 17161 50246 15922 152 393 21 50 27 21 29630 35306 17845 19977 2327 28174 51833
internal_value=-3.08876e-05 0.0010376 -0.00729623 -0.000392285 0.000324385 0.00362094 -0.00327983 0.00204001 -0.00486423 0.00028162 0.00325408 0.00264108 0.00332635 -0.0128126 -0.00198775 -0.00522335 0.000230424 0.0064519 0.0181656 0.0494407 0.135708 0.0143334 0.122949 -0.00205454 -0.00414022 -0.00811456 -0.00639452 0.0131081 -0.00210794 -0.00117023
internal_weight=40889.4 35646.9 5242.48 22946.2 20617.6 12700.8 3033.7 11835.5 2689.33 7178.19 12388.3 11171.8 10042.8 2208.78 8782.06 2669.87 4325.03 794.774 312.471 34.1084 5.50289 278.363 3.10524 3808.38 4457.03 1508 699.134 275.258 2949.04 3530.25
internal_count=837685 695687 141998 464347 401843 231340 77684 214949 70769 131699 227033 205185 177503 64314 186894 70417 88408 16074 4307 464 71 3843 48 72452 98486 35006 20014 3795 63480 72334
is_linear=0
shrinkage=0.05


Tree=30
num_leaves=31
num_cat=0
split_feature=14 19 21 8 12 10 9 8 19 2 10 18 25 11 19 10 8 9 9 10 21 16 9 2 18 24 7 13 25 6
split_gain=115.635 43.8643 31.5929 25.9102 25.459 22.4586 22.0394 21.4502 20.8794 24.3443 21.1514 19.3578 18.1501 17.9965 18.6593 17.8522 19.7662 16.7426 16.6965 16.6257 15.1169 14.8593 14.5791 14.5267 14.375 14.1945 18.19 17.9735 13.8078 13.5498
threshold=1.5000000000000002 0.040992942230852543 0.052107704095528944 1.6737352619109311 1.0000000180025095e-35 0.041030361748253481 0.22401433691756276 1.8228279714546614 1.0000000180025095e-35 5.5000000000000009 0.034185831918375091 0.085553610020033768 105.50000000000001 0.051963024990569533 0.056792465357652068 0.036975900084637262 2.0004550638643206 0.064967532467532479 0.06646078089014161 0.091153470185728266 0.059714795008912663 24.500000000000004 0.046560898699251091 4.5000000000000009 0.068756663113006419 10.500000000000002 109743.50000000001 0.45000000000000007 135.50000000000003 2.5000000000000004
decision_type=2 2 2 2 2 2 2 2 2 2 2 2 2 2 2 2 2 2 2 2 2 2 2 2 2 2 2 2 2 2
left_child=1 8 3 -2 7 -5 11 17 23 10 22 -4 -7 14 -9 16 -11 19 -17 29 -12 -14 -10 -1 -8 -13 -27 -28 -6 -3
right_child=2 4 6 5 28 12 24 13 9 15 20 25 21 -15 -16 18 -18 -19 -20 -21 -22 -23 -24 -25 -26 26 27 -29 -30 -31
leaf_value=-0.00076973794710216605 -0.001570613044801678 0.00390012333969521 0.0013296212354317505 -0.016742815022228321 -0.010431893134010828 -0.01288599604694814 0.11123222910278124 -0.0036117731235973528 -0.014127508920792226 0.045173207590464462 -0.0027456895154710616 0.0031357173098769649 -0.004707714431217788 0.0032031670244010804 0.0018383811868018325 0.0099621158889661946 0.29468177293104159 0.0073765698352062205 0.092548486282642284 0.015605193633731499 0.026417764315217612 -0.027864229178176821 -0.0037946577619103815 0.0077147857225341593 -0.03266361867691623 0.018638299070739755 0.094536950775660489 0.29853325954884902 -0.00029948256513360506 0.00011446672834399682
leaf_weight=1949.4281966369599 1653.0860542617738 7367.2261319495738 700.57275592163205 755.86051313765347 566.65291265584528 1074.9358653705567 7.5858019776642305 3126.2155683618039 790.26031016930938 2.0474009606987233 3427.1386706586927 12.227685034275057 2820.4825405720621 4755.613837108016 3155.628521040082 40.620824847370386 1.2963507156819103 2693.2720953002572 7.2055540420114985 254.861920312047 45.018755946308374 71.022053211927414 600.98633139766753 680.62548747286201 2.2505220882594585 7.5614609718322745 7.0594437792897207 1.2747345715761182 826.87036852352321 3480.3033511452377
leaf_count=39845 43263 131646 14569 22947 15199 33027 134 63435 18739 46 73663 193 74062 88541 57728 828 30 44464 131 4110 769 2126 12872 13571 32 120 111 18 18901 62565
internal_value=-3.03396e-05 0.00119009 -0.00582397 -0.00695804 0.00215658 -0.00884396 0.00396594 0.00252561 -0.00216964 -0.00409384 -0.0044548 0.00296242 -0.00733873 0.00088273 -0.000873937 0.0302135 0.141906 0.00384003 0.0224046 0.00298212 -0.00236757 -0.00527649 -0.00966396 0.00142595 0.0783093 0.0436365 0.0747917 0.125739 -0.00441966 0.00268554
internal_weight=40885.2 33771.3 7113.92 6375.39 26226.6 4722.3 738.532 24833.1 7544.63 4914.57 4863.4 728.696 3966.44 11037.5 6281.84 51.1701 3.34375 13795.7 47.8264 11102.4 3472.16 2891.5 1391.25 2630.05 9.83632 28.1233 15.8956 8.33418 1393.52 10847.5
internal_count=837685 647083 190602 175425 486589 132162 15177 452489 160494 107078 106043 15011 109215 209704 121163 1035 76 242785 959 198321 74432 76188 31611 53416 166 442 249 129 34100 194211
is_linear=0
shrinkage=0.05


Tree=31
num_leaves=31
num_cat=0
split_feature=12 19 25 16 9 21 13 11 16 25 8 20 8 25 8 15 9 20 10 8 10 17 18 20 18 2 10 22 7 14
split_gain=106.744 43.6814 40.9868 35.8075 27.8303 23.5296 21.4708 19.4027 16.7264 15.8311 15.755 15.2487 16.7983 15.3589 18.3677 16.5336 15.1187 19.6033 14.6298 14.4678 13.4691 15.7933 14.268 15.743 20.2592 13.0483 14.732 13.0337 18.8017 12.9518
threshold=1.0000000180025095e-35 0.057014466790434211 110.50000000000001 3.5000000000000004 0.051598366234747957 0.41428571428571431 0.70833333333333337 0.051963024990569533 20.500000000000004 1.0000000180025095e-35 1.3518273169216737 0.066380861454852585 2.0311178502376226 339631.00000000006 1.5495380903398701 0.12132352941176472 0.53571428571428581 0.049907189624989308 0.083472686733556303 1.8324162270420492 0.057745835684839743 0.69696969696969713 0.058333868413167254 0.062121833424457817 0.054779516571891555 4.5000000000000009 0.12778327560613559 5.5000000000000009 220997.00000000003 5.5000000000000009
decision_type=2 2 2 2 2 2 2 2 2 2 2 2 2 2 2 2 2 2 2 2 2 2 2 2 2 2 2 2 2 2
left_child=1 3 9 4 19 11 8 10 16 -2 -6 12 13 14 15 -3 18 -18 -4 25 -8 22 23 24 -22 -1 -27 -7 -29 -24
right_child=2 5 6 -5 7 27 20 -9 -10 -11 -12 -13 -14 -15 -16 -17 17 -19 -20 -21 21 -23 29 -25 -26 26 -28 28 -30 -31
leaf_value=-0.0010911243986788421 -0.0057308550878627778 0.0062680698594140497 -0.0038840906789370079 -0.00627093941775722 0.0094535994158364365 0.012443439759051544 0.0051305907901359445 0.0043797552209967278 -0.023332718196311362 -0.014908239517948958 -0.00035163485532081512 0.008232300756543201 -0.0041193167359513047 0.0045907338248329021 -0.00077162351715856633 0.04190261427690882 0.2521815355159866 0.018088726795804859 0.019894407175893573 -0.0038471425906296515 0.061959123306788322 0.0060612803683746186 0.028643666569811346 0.006350365265649572 0.29098919739342416 0.0052380401214172298 0.068034215747823465 0.029123465185141802 0.12517021085672472 0.14462674879196566
leaf_weight=3525.0305195543915 689.47842360846698 690.76907115802169 2691.6679079271853 2305.8416367881 436.16235262528062 270.281961876899 98.221568113192916 4685.3146518953145 106.83330278657377 1475.587131768465 6746.4729330688715 1228.5937327090651 917.18005907163024 5958.7215485684574 3622.4535428546369 34.1607785820961 1.3109066914767016 2.8142241239547729 66.278901003301144 4431.463921578601 1.7342714853584795 21.7946617603302 17.703420612961057 1.6766239553689954 2.1783441230654716 791.35146416351199 9.4513249434530717 42.273152831941843 5.793645352125167 2.7858026921749106
leaf_count=72334 20014 12881 70128 62504 6869 3695 1972 83250 3128 44300 124830 21848 17786 99642 74246 630 31 66 1525 98486 31 356 319 30 39 15922 152 546 66 59
internal_value=-2.97772e-05 0.00094343 -0.00673718 -0.000361729 0.000298904 0.00328706 -0.00296826 0.00187661 -0.00392042 -0.0119856 0.000243784 0.00294389 0.00236498 0.00294204 0.00068226 0.00794727 -0.00316958 0.09248 -0.00331265 -0.00183922 0.0157296 0.0374756 0.0637295 0.13454 0.189471 0.000217738 0.00597918 0.0167099 0.0407003 0.0444132
internal_weight=40881.4 35701.3 5180.07 22931.1 20625.2 12770.2 3015 11867.9 2868.91 2165.07 7182.64 12451.9 11223.3 10306.1 4347.38 724.93 2762.07 4.12513 2757.95 8757.3 146.095 47.8731 26.0785 5.58924 3.91262 4325.83 800.803 318.349 48.0668 20.4892
internal_count=837685 695687 141998 464347 401843 231340 77684 214949 74878 64314 131699 227033 205185 187399 87757 13511 71750 97 71653 186894 2806 834 478 100 70 88408 16074 4307 612 378
is_linear=0
shrinkage=0.05


Tree=32
num_leaves=31
num_cat=0
split_feature=16 21 20 8 25 10 21 9 8 12 10 11 4 19 7 7 8 24 7 14 3 2 0 18 24 19 18 25 2 19
split_gain=98.6571 34.3869 33.9558 31.65 24.7449 21.4892 21.2902 23.5064 21.1732 19.0853 17.6584 15.7059 18.3325 15.4613 15.557 15.7466 14.4994 14.5925 14.6295 13.9073 13.4049 20.7899 14.1922 13.286 20.9419 13.2476 13.2311 13.1395 15.2042 13.0904
threshold=1.5000000000000002 0.059714795008912663 0.051120202688167769 1.3954701144813642 150.50000000000003 0.052620887990848547 0.12250000000000001 0.28991596638655465 1.7618319981651027 1.0000000180025095e-35 0.043538281648400519 0.051963024990569533 1.5000000000000002 0.064473884317071947 194559.50000000003 220997.00000000003 1.6796605839506467 18.500000000000004 11603.000000000002 2.5000000000000004 1.5000000000000002 3.5000000000000004 21.500000000000004 0.14129530600118836 6.5000000000000009 0.041693004635482513 0.10546176762661372 86598.500000000015 5.5000000000000009 0.06805615863366625
decision_type=2 2 2 2 2 2 2 2 2 2 2 2 2 2 2 2 2 2 2 2 2 2 2 2 2 2 2 2 2 2
left_child=2 3 6 -2 9 -6 8 -8 20 -5 16 12 13 -10 -15 29 17 -4 -19 -7 21 -1 -22 -17 -25 -23 -3 -14 -29 -16
right_child=1 26 10 4 5 19 7 -9 11 -11 -12 -13 27 14 15 23 -18 18 -20 -21 22 25 -24 24 -26 -27 -28 28 -30 -31
leaf_value=0.00061334607931445937 0.0062211094238741925 0.0039141278523020214 -0.0053310533832599391 -0.0028293674309278517 -0.0071424742933133521 0.00042842088476765519 0.012747726150896905 0.13221478367380388 0.00057055683904494979 -0.012798639421468534 0.0038728175702325905 0.00069925701664765721 -0.010392466552961744 0.010276253842542937 0.21516403540599971 -0.0032453775335652673 -0.010977027944680031 0.18193769969898529 0.031125770577685303 -0.0057867174066159833 0.0030580981921842854 0.0021158799055531058 -0.005426966274816235 0.27174859844088284 0.0033478996208312385 0.0099704258167690914 0.040234900922934837 -0.0038632049457404632 0.015685225027644925 0.072062908938752918
leaf_weight=3386.5286989863962 604.63327912800014 970.87379080802202 43.996610257774591 667.46781288273633 3256.7755549047142 2656.4948670901358 237.06652952358127 4.1902497448027125 616.20344524644315 1709.9972388017923 11740.907057352364 3996.3149956632406 797.34654195979238 101.97919015213847 1.8643488064408327 13.059088885784151 341.62228390946984 1.7001340314745927 29.688937373459339 1361.3364519719034 881.92126666381955 895.29215165786445 1116.952573761344 1.2315831147134297 1.7729961983859537 1340.7624309323728 25.73894103243947 3960.4169663377106 102.02998821809888 11.191117528825997
leaf_count=60988 14010 19240 825 18106 86052 57673 3433 38 13066 54077 203144 81142 18675 1952 35 246 7507 31 552 37034 16037 16848 20545 23 33 23247 357 80575 1984 210
internal_value=-2.92083e-05 -0.00401463 0.00148474 -0.00487619 -0.00557136 -0.00412407 7.24102e-05 0.0148227 -0.000134187 -0.00999979 0.0035137 -0.00169587 -0.00340293 0.00388783 0.0194801 0.0517131 -0.00659732 0.01325 0.0392942 -0.00167742 0.00183361 0.00308389 -0.00168328 0.0185658 0.113366 0.00682555 0.00485216 -0.00452405 -0.00337224 0.0924981
internal_weight=40877.4 11253.3 29624 10256.7 9652.07 7274.61 17466.1 241.257 17224.9 2377.47 12157.9 9603.41 5607.1 747.302 131.098 29.1191 417.008 75.3857 31.3891 4017.83 7621.46 5622.58 1998.87 16.0637 3.00458 2236.05 996.613 4859.79 4062.45 13.0555
internal_count=837685 286549 551136 266952 252942 180759 339077 3471 335606 72183 212059 197941 116799 15565 2499 547 8915 1408 583 94707 137665 101083 36582 302 56 40095 19597 101234 82559 245
is_linear=0
shrinkage=0.05


Tree=33
num_leaves=31
num_cat=0
split_feature=16 9 17 25 19 25 17 9 20 20 6 8 18 8 25 18 7 19 16 2 7 0 9 15 10 8 25 15 21 18
split_gain=90.456 37.8587 24.6724 23.8686 22.6091 20.8537 18.8434 15.7384 15.5636 14.8718 13.8804 14.2191 14.8243 13.7823 13.0293 12.9233 12.6957 12.3704 12.1771 14.8587 16.4989 14.1772 18.7997 12.2501 12.0369 11.8663 13.6834 11.8265 13.9942 11.8057
threshold=3.5000000000000004 0.037826481944129013 0.10380747126436783 786214.00000000012 0.037571696038515269 413.50000000000006 0.61250000000000016 0.04942397834554698 0.053091882442914899 0.041681643901270077 2.5000000000000004 0.52805973025047626 0.09212771690317946 1.6966258529460039 1.0000000180025095e-35 0.050330016184355349 246849.00000000003 0.091160916645681198 17.500000000000004 3.5000000000000004 54588.500000000007 -1.0000000180025095e-35 0.05573882498440013 0.34523809523809529 0.03607175028954631 1.5552434610482579 185040.50000000003 0.63333333333333341 0.77500000000000013 0.10050505050505053
decision_type=2 2 2 2 2 2 2 2 2 2 2 2 2 2 2 2 2 2 2 2 2 2 2 2 2 2 2 2 2 2
left_child=1 5 7 4 -3 14 13 25 10 24 -5 12 -12 -6 27 -15 29 -16 -4 20 21 22 -20 -21 -7 26 -2 28 -1 -9
right_child=2 3 18 8 6 9 -8 16 -10 -11 11 -13 -14 15 17 -17 -18 -19 19 23 -22 -23 -24 -25 -26 -27 -28 -29 -30 -31
leaf_value=-0.0061130740025626702 -0.00032834091677327935 -0.0055727705384080841 -0.00027660459279979852 0.0032162115843927725 0.0038317130120433043 -0.014694081919455523 0.012368890902804984 -0.004986242204800216 0.0052111991668295022 -8.655623874107059e-05 0.021213327659678961 -0.0015730066370967613 0.13674081697648582 -0.0042669224698935635 -0.018308672217287429 0.00076190297135409011 -0.023492570912857953 0.024744793796096676 0.0793192542091508 -0.014682903950856191 0.019350306101786861 0.062744101261691304 0.35013652600042167 0.17601157452306165 -0.0032125445535694354 -0.012519527137779284 0.15340298833499136 0.057421095861434471 0.049403814642257876 0.019470087227964346
leaf_weight=574.83530800789595 184.02037684060633 1467.7801176719368 1132.2682553716004 5866.9064465761185 2490.9438236933202 303.49092109501362 356.62794926390052 3155.0221411753446 6108.6972972638905 7018.0574223957956 15.224850811064245 2463.7533499747515 3.396225042641162 1715.9613196123391 345.66728375852108 5000.5656025428325 91.49741736985743 17.530416648834944 1.5033899657428258 22.552795547991995 22.951709359884262 9.0862205065786821 1.1169062927365301 0.87484363466501136 921.03989588841796 1511.2122155278921 1.458945870399474 7.6834250129759303 11.579739440232514 50.129568891599774
leaf_count=14093 5150 32982 25115 104570 46617 7393 5471 90010 98651 145818 210 44020 44 38012 10265 96118 2631 443 28 536 515 189 23 19 20534 46606 36 145 167 1274
internal_value=-2.86229e-05 0.000964474 -0.00559977 0.00195681 0.000205236 -0.00178497 0.00109197 -0.0071418 0.00329332 -0.000973706 0.00189011 -0.00124402 0.0422839 0.000655191 -0.00877018 -0.000522879 -0.00512799 -0.0162306 0.000868816 0.0231965 0.043988 0.0922925 0.194756 -0.00756192 -0.00605816 -0.0110546 0.000880881 -0.0042093 -0.0050168 -0.00460374
internal_weight=40873.4 34689.7 6183.69 25489.9 11031.9 9199.88 9564.1 4993.34 14458 8242.59 8349.28 2482.37 18.6211 9207.47 957.296 6716.53 3296.65 363.198 1190.35 58.0859 34.6582 11.7065 2.6203 23.4276 1224.53 1696.69 185.479 594.098 586.415 3205.15
internal_count=837685 665553 172132 466695 219200 198858 186218 145707 247495 173745 148844 44274 254 180747 25113 134130 93915 10708 26425 1310 755 240 51 555 27927 51792 5186 14405 14260 91284
is_linear=0
shrinkage=0.05


Tree=34
num_leaves=31
num_cat=0
split_feature=12 19 25 16 8 25 8 11 9 4 17 15 10 21 8 17 18 25 11 21 2 4 17 19 19 18 25 20 24 7
split_gain=84.583 36.2685 35.7606 26.8084 22.6494 21.9988 20.2624 23.7479 19.8 20.0154 18.7998 18.798 18.0597 15.8689 15.6446 15.5289 14.7778 14.5767 13.9308 12.7671 12.6991 16.5722 15.8571 15.3082 20.1576 26.6189 17.863 12.3727 14.262 13.5697
threshold=1.0000000180025095e-35 0.040992942230852543 110.50000000000001 10.500000000000002 1.244579944061633 786214.00000000012 1.575014178292883 0.051963024990569533 0.062140066969727119 1.5000000000000002 0.44505494505494508 0.18898809523809526 0.038955157161678904 0.61250000000000016 2.2111680526818964 0.10471491228070177 0.016597796143250691 1.0000000180025095e-35 0.051963024990569533 0.34848484848484856 4.5000000000000009 1.5000000000000002 0.38750000000000007 0.085889929742388779 0.052645032827467443 0.0555108771587789 227548.00000000003 0.066380861454852585 17.500000000000004 1598.5000000000002
decision_type=2 2 2 2 2 2 2 2 2 2 2 2 2 2 2 2 2 2 2 2 2 2 2 2 2 2 2 2 2 2
left_child=1 4 17 6 -1 10 -3 8 9 -8 19 13 16 18 -10 27 -9 -2 -4 -6 -14 22 23 24 25 -22 -25 29 -29 -5
right_child=2 3 11 15 5 -7 7 12 14 -11 -12 -13 20 -15 -16 -17 -18 -19 -20 -21 21 -23 -24 26 -26 -27 -28 28 -30 -31
leaf_value=0.0081834702718886192 -0.0049842069355594291 0.0053681804545905147 -0.0070812330947620022 0.057813290619465232 -0.0073028503876732672 -0.00060776762234728053 0.0049265652128243353 0.017669116462993011 0.0040815444694255057 -0.0016907992845166466 0.013304892291954001 0.0083967605610512155 0.0029727232919284745 0.04003335759212534 -0.027611984364013964 0.013345475217947803 -0.011420712035489311 -0.013874555649955442 0.00048440107063338442 0.02862728324766127 0.053351550736079528 0.0070731692930130225 0.15510365211958993 0.2845681297877411 0.001930194159333816 0.31197104899482331 0.05697229824475121 -0.0054921090134918971 0.046149159042278488 -0.013058167315220465
leaf_weight=494.37681303545833 678.85401045531034 3704.9355355612934 1660.0543760843575 6.8306142147630444 2839.0308934077621 4355.5606543198228 1295.9027651790529 50.509469671174884 2975.5115066468716 9666.2404017616063 118.8446858599782 347.94891897961497 7751.6944288033992 20.333946902304888 39.453475493937731 78.779281359165907 321.86736500263214 1437.1396178174764 960.49110321886837 24.941004805266857 10.834987225010989 1322.2089869119227 2.6270411238074294 1.184356041252612 35.324783153831959 1.0955686792731274 3.1686060540378094 40.877709252759814 19.86800285615027 603.07846375182271
leaf_count=8314 20014 62095 44651 190 69463 89056 24856 1089 53117 188743 2165 6915 142481 352 767 1694 7011 44300 25766 419 222 24394 38 22 627 20 53 1140 554 17157
internal_value=-2.79695e-05 0.000831389 -0.0060487 0.00167456 -0.00217539 -0.00287325 0.00193176 0.00138947 7.84119e-05 -0.00090852 -0.00618134 -0.00252751 0.00331828 -0.00396683 0.00366681 -0.0076544 -0.00747495 -0.0110224 -0.00430825 -0.00698995 0.00375859 0.00818432 0.0352731 0.0291733 0.0209084 0.0771003 0.118897 -0.0101212 0.0113981 -0.0122644
internal_weight=40869.6 35764.7 5104.82 27932 7832.75 7338.38 27182.6 23477.6 13977.1 10962.1 2982.82 2988.83 9500.52 2640.88 3014.96 749.434 372.377 2115.99 2620.55 2863.97 9128.14 1376.44 54.2353 51.6083 47.2553 11.9306 4.35296 670.655 60.7457 609.909
internal_count=837685 695687 141998 526270 169417 161103 505535 443440 267483 213599 72047 77684 175957 70769 53884 20735 8100 64314 70417 69882 167857 25376 982 944 869 242 75 19041 1694 17347
is_linear=0
shrinkage=0.05


Tree=35
num_leaves=31
num_cat=0
split_feature=16 9 17 16 21 25 8 25 19 22 24 7 17 0 8 3 21 10 20 13 8 19 2 7 9 8 17 7 16 4
split_gain=76.841 32.8379 21.8207 25.1803 21.3849 22.7917 19.2526 20.3915 18.4976 17.2666 16.2184 15.5462 15.4621 15.0889 14.7197 13.7264 13.3635 14.773 13.3203 13.0866 12.9362 15.4703 13.9746 26.7997 12.4763 13.9422 12.3205 15.5015 29.1126 12.6395
threshold=3.5000000000000004 0.037826481944129013 0.036038961038961044 10.500000000000002 0.059714795008912663 786214.00000000012 1.5102425125215306 413.50000000000006 0.037064512583800426 4.5000000000000009 20.500000000000004 69545.000000000015 0.44505494505494508 50.500000000000007 1.6966258529460039 2.5000000000000004 0.13484848484848486 0.10026455026455028 0.043057100482017066 0.45000000000000007 1.244579944061633 0.045210029913479714 5.5000000000000009 74180.500000000015 0.25462962962962971 1.591889211794991 0.28991596638655465 16341.500000000002 8.5000000000000018 1.5000000000000002
decision_type=2 2 2 2 2 2 2 2 2 2 2 2 2 2 2 2 2 2 2 2 2 2 2 2 2 2 2 2 2 2
left_child=1 6 3 20 5 8 19 -8 -3 11 -11 -7 14 16 -10 24 -9 -18 -13 -1 22 -22 -2 -24 -6 -26 -4 28 -28 -29
right_child=2 4 26 -5 15 9 7 13 12 10 -12 18 -14 -15 -16 -17 17 -19 -20 -21 21 -23 23 -25 25 -27 27 29 -30 -31
leaf_value=0.0048555335041309856 0.0097883253811798191 -0.0056057718764557837 -0.0014981920221942616 -0.013741311113307132 0.010662929352086962 0.0066592966198314694 -0.0097050478481533475 -0.0010405663203467458 0.0035090949969389658 -0.0010955965533348739 0.0060782215355622161 -0.0033770217467027721 0.0097230387093524273 -0.0075610304718394779 -0.0011164080127646979 -0.032334735302337526 0.014035296829467706 0.16889811252194495 0.003459740194164332 0.085933563462831222 -0.011104506488106902 -0.0033223342624312579 0.35400426631080667 -0.010772681212583353 0.15113294398424459 0.025643931844460167 0.03625397372388927 0.063521924191101489 0.26211429038112621 0.0032323623851962151
leaf_weight=883.85112800076604 102.45630003139377 1379.3237192425877 1679.5980541855097 1072.934243042022 683.94232366606593 3631.066397536546 863.16270303353667 6389.033931305632 2362.7908034007996 3777.6607977859676 995.47208389267325 828.06946978718042 442.55638780072331 924.99825538881123 6322.0447171088308 18.352121938019991 113.7836954370141 1.5611048489809025 5102.3502247966826 5.0050929486751548 884.80080180615187 2295.1764506679028 0.86197251826524679 1.2108037956058977 3.2936446443200094 6.7486012279987335 7.8350166492164117 9.8411697894334775 1.7443743869662283 74.534832138568163
leaf_count=15139 2609 31370 41598 33009 9972 59857 23298 138065 44531 65499 17183 15662 7269 20408 128074 271 1850 19 86900 79 27608 65518 23 32 26 81 145 175 32 1383
internal_value=-2.74569e-05 0.000883434 -0.0051881 -0.00709113 0.00180495 0.00156001 -0.00168132 -0.00243092 -0.000209 0.00285663 0.000400556 0.00408271 0.000606555 -0.0015858 0.000142003 0.0103466 -0.000736052 0.0161312 0.00250512 0.00531208 -0.00491874 -0.00548766 0.0123886 0.140921 0.0114753 0.0668017 -0.000512548 0.0171074 0.0773824 0.0102642
internal_weight=40866.1 34735.1 6130.99 4357.44 25553.7 24841.3 9181.4 8292.54 10506.7 14334.6 4773.13 9561.49 9127.39 7429.38 8684.84 712.337 6504.38 115.345 5930.42 888.856 3284.51 3179.98 104.529 2.07278 693.985 10.0422 1773.55 93.9554 9.57939 84.376
internal_count=837685 665553 172132 128799 466695 456345 198858 183640 211244 245101 82682 162419 179874 160342 172605 10350 139934 1869 102562 15218 95790 93126 2664 55 10079 107 43333 1735 177 1558
is_linear=0
shrinkage=0.05


Tree=36
num_leaves=31
num_cat=0
split_feature=12 20 25 8 16 8 13 10 11 18 10 16 8 9 7 7 14 17 16 10 18 18 6 25 19 16 9 10 19 10
split_gain=72.8312 32.5454 32.4518 29.6737 19.8762 18.2455 16.0264 15.9171 15.792 19.4474 26.1539 15.2297 14.0972 19.5706 17.6486 13.8417 14.454 13.2099 16.9685 13.1951 17.4139 13.836 12.5007 12.752 14.2715 21.2318 12.4078 12.7579 23.2814 12.3957
threshold=1.0000000180025095e-35 0.050641131020877868 110.50000000000001 1.8134527976939816 1.5000000000000002 1.244579944061633 0.70833333333333337 0.044232737342724711 0.050260215400075865 0.35416666666666669 0.1526806526806527 20.500000000000004 1.5956893491701694 0.22401433691756276 239795.50000000003 232769.50000000003 6.5000000000000009 0.38750000000000007 1.0000000180025095e-35 0.12095088819226753 0.16843971631205676 0.14129530600118836 3.5000000000000004 24495.000000000004 1.0000000180025095e-35 1.5000000000000002 0.53571428571428581 0.057449201597884865 0.04198742434036553 0.067974916801892257
decision_type=2 2 2 2 2 2 2 2 2 2 2 2 2 2 2 2 2 2 2 2 2 2 2 2 2 2 2 2 2 2
left_child=1 3 12 5 19 8 11 -3 -1 -10 -11 26 -2 -14 -15 16 -9 18 -7 -5 21 -21 -19 -24 25 -25 -4 28 -28 -6
right_child=2 7 6 4 29 17 -8 15 9 10 -12 -13 13 14 -16 -17 -18 22 -20 20 -22 -23 23 24 -26 -27 27 -29 -30 -31
leaf_value=0.01568943263911321 -0.0017273407360071044 -0.005687065853608334 -0.0025593878198134959 -0.0017756561157631684 -0.0087348191893101366 0.0016767906884954968 0.013614301514678386 0.0034059012962889944 0.0026610119359362933 0.23868575744874196 0.0092271764803256214 -0.02205551800841235 -0.012930515499910301 0.028319504265616892 0.27270942042930407 -0.0031778520305476721 -0.010321614818015565 0.0079544018153335505 -0.0026616858878274413 0.018985621626422703 -0.010341714495606247 0.078027250981378443 -0.013428989253974774 0.029911542304526258 0.048253968787289429 0.32881764969825783 -0.0064370730310859261 -0.0073065103806489303 0.31020695622804739 0.0085380422398130314
leaf_weight=361.28064453974366 381.08235906437039 570.63270518928766 2717.2695393320173 7230.9826063886285 1570.1097497008741 6614.060846183449 150.42555695958436 13681.987508501858 860.28455476090312 2.0492887198925009 3.1517958417534828 102.49655544571579 1686.5843381676823 18.073539860546592 0.77020588144659896 902.19019509851933 194.47994830645621 177.48543164506555 3418.7161160279065 28.444487120956182 29.104736644774675 15.238804765045641 7.4473280161619213 1.1992715075612095 19.632505837827921 1.1773210242390633 1.0930425059050315 2.1419165376573801 1.2379939854145048 111.22638422995806
leaf_count=5706 10730 12668 71653 148768 40925 120708 2806 247275 13793 30 47 3128 53012 549 23 16970 5494 2836 76139 525 518 272 119 20 319 20 28 42 27 2535
internal_value=-2.68876e-05 0.000766796 -0.00564111 -0.000539221 -0.00269074 0.00114671 -0.00228795 0.00250695 0.006909 0.00324378 0.0996366 -0.00313494 -0.0104216 -0.0123644 0.0383085 0.00282334 0.00321351 0.000456357 0.000198434 -0.00156243 0.0196198 0.0395821 0.0129608 0.0431258 0.0622625 0.177984 -0.00242242 0.0807852 0.16173 -0.00759216
internal_weight=40862.1 35800.9 5061.18 20451.6 8985.11 11466.5 2974.66 15349.3 1226.77 865.486 5.20108 2824.24 2086.51 1705.43 18.8437 14778.7 13876.5 10239.7 10032.8 7303.77 72.788 43.6833 206.942 29.4564 22.0091 2.37659 2721.74 4.47295 2.33104 1681.34
internal_count=837685 695687 141998 413280 193543 219737 77684 282407 19576 13870 77 74878 64314 53584 572 269739 252769 200161 196847 150083 1315 797 3314 478 359 40 71750 97 55 43460
is_linear=0
shrinkage=0.05


Tree=37
num_leaves=31
num_cat=0
split_feature=12 9 25 20 7 17 21 16 10 25 18 10 2 22 8 22 25 8 4 8 18 22 8 19 16 14 19 8 24 10
split_gain=66.0753 30.2768 29.8091 23.1396 21.2239 18.1276 17.1263 15.8615 15.1978 15.7599 14.0864 16.3835 28.3577 15.7941 14.9339 17.6908 13.6786 13.5815 14.0654 20.9651 16.5012 14.2113 13.5501 17.2251 13.3462 13.2681 12.9845 12.8485 15.043 16.8459
threshold=1.0000000180025095e-35 0.045669549412649828 110.50000000000001 0.041681643901270077 69545.000000000015 0.53571428571428581 0.075498575498575513 3.5000000000000004 0.046938636650822818 206.50000000000003 0.045998792698940194 0.03607175028954631 1.0000000180025095e-35 1.0000000180025095e-35 2.000929700459261 1.5000000000000002 1.0000000180025095e-35 1.8398049952482287 2.5000000000000004 1.8652349618317645 0.057137379491673974 4.5000000000000009 1.8324162270420492 0.053581550750064634 1.5000000000000002 2.5000000000000004 0.58333333333333337 0.92579609661032014 20.500000000000004 0.050023169601482863
decision_type=2 2 2 2 2 2 2 2 2 2 2 2 2 2 2 2 2 2 2 2 2 2 2 2 2 2 2 2 2 2
left_child=1 3 16 -1 -3 7 24 -5 9 -4 11 13 -13 -7 22 -16 -2 -8 19 20 -19 -21 23 -14 -6 -23 -10 28 -26 -30
right_child=2 4 8 5 6 10 17 -9 26 -11 -12 12 14 -15 15 -17 -18 18 -20 21 -22 25 -24 -25 27 -27 -28 -29 29 -31
leaf_value=-0.0068198280827812948 -0.0041075493986595614 0.0035222975786270956 -0.020964872148996679 -2.7336883257410795e-05 0.00094611945595303448 0.14776218981676664 0.0026157905936196016 -0.0070602753597732082 -0.00018556487575349721 -0.0041874667063655901 0.0072741207060424895 0.33145749153779014 0.041293172543244966 -0.012968388087736153 0.32879786509848197 0.080177846581246368 -0.012808999464151236 0.28157541459855689 0.013606475643660213 0.017345869280097501 0.049600853275047943 0.061417039911586924 -0.01823481133131339 0.20390617520739018 0.0095141989050788502 0.22226744130229148 0.14726254598537067 -0.0033304843067444353 0.17938915651801532 0.031452175566590405
leaf_weight=1696.2620847020298 666.84502042643726 9707.4921978749335 185.31777795962989 8391.9201251231134 11789.511015295982 1.7414511740207661 285.21198623254895 886.37638872116804 2209.5145072229207 572.05137528851628 64.273557621985674 1.0397758632898355 6.8712803944945353 12.49295277521014 1.0480669029057019 2.2549599930644035 1399.5469540208578 1.6388831958174699 172.6769208163023 23.842688806355003 1.4403608031570909 6.0203215591609469 5.7849845774471751 2.1343620792031288 32.053658705204725 1.6289391592144964 1.4940979182720173 2721.9418542254716 3.0128370299935323 5.3263072073459625
leaf_count=39898 20014 174624 5898 173576 206923 32 4377 25168 55731 16025 1113 19 121 241 21 45 44300 26 2770 377 20 78 117 34 645 27 30 65274 59 102
internal_value=-2.63694e-05 0.000727419 -0.00538982 -0.0014459 0.00169961 -0.000473673 0.000523503 -0.000699209 -0.00217984 -0.00829267 0.0209577 0.0473152 0.0775345 0.00669555 0.0629424 0.159066 -0.010001 0.00969393 0.0194348 0.0485461 0.173066 0.0363706 0.0414762 0.0798329 0.000213159 0.0956707 -8.59262e-05 -0.00291508 0.0250777 0.0849001
internal_weight=40858.8 35824 5034.77 11072.2 24751.8 9375.94 15044.3 9278.3 2968.38 757.369 97.6414 33.3678 19.1334 14.2344 18.0937 3.30303 2066.39 492.46 207.248 34.5712 3.07924 31.4919 14.7906 9.00564 14551.8 7.64926 2211.01 2762.33 40.3928 8.33914
internal_count=837685 695687 141998 240385 455302 200487 280678 198744 77684 21923 1743 630 357 273 338 66 64314 7675 3298 528 46 482 272 155 273003 105 55761 66080 806 161
is_linear=0
shrinkage=0.05


Tree=38
num_leaves=31
num_cat=0
split_feature=16 10 12 17 17 11 16 8 25 8 2 22 25 1 9 15 25 20 20 18 18 20 21 21 0 9 8 20 5 11
split_gain=61.0504 32.3243 29.179 21.2167 20.6922 19.9846 18.2054 18.0959 18.4275 16.7982 16.7574 14.1873 13.96 16.2459 13.6361 13.525 19.2468 20.3702 14.9317 15.5056 12.645 21.7791 12.4297 11.9103 12.6177 11.8856 11.6874 11.2456 11.1391 11.4372
threshold=4.5000000000000009 0.054681522447164906 1.0000000180025095e-35 0.036038961038961044 0.44505494505494508 0.051963024990569533 11.500000000000002 1.7219218375107521 339631.00000000006 1.2206001792295977 1.5000000000000002 4.5000000000000009 206.50000000000003 1.5000000000000002 0.065362082125264107 0.46428571428571436 35.500000000000007 0.067895962732919271 0.058816692646375159 0.057408724618946014 0.074352244806790271 0.0499194627147923 0.24264705882352944 0.46428571428571436 20.500000000000004 0.28991596638655465 2.3836119250524006 0.043057100482017066 1.0000000180025095e-35 0.050168168696291163
decision_type=2 2 2 2 2 2 2 2 2 2 2 2 2 2 2 2 2 2 2 2 2 2 2 2 2 2 2 2 2 2
left_child=1 2 4 6 7 9 -2 23 22 -3 -11 14 13 -4 -12 -7 17 18 19 -17 -15 -22 -9 24 27 -5 -16 -1 29 -6
right_child=3 5 12 25 28 15 -8 8 -10 10 11 -13 -14 20 26 16 -18 -19 -20 -21 21 -23 -24 -25 -26 -27 -28 -29 -30 -31
leaf_value=-0.0024871558574376925 -0.0052901660380414777 0.009670867835389443 -0.021838595978512065 -0.00074896466861851078 0.037992715866050492 0.0040217242410973946 -0.013662429417994813 -0.0048518885977886462 -0.00013257054045104759 0.0054105858727405143 -0.00037328906007624856 -0.0037178389600381737 -0.0024903419227250093 -0.0071820880919225075 0.0050346330394608766 0.02561924054588785 0.013560471735915203 0.25130857133811907 -0.027512264147722912 0.15977778931220213 -0.051768039233087142 0.27203076738106807 0.014777582006255431 0.0264378202459318 -0.0030206007930819248 0.050039623410756788 0.16463243651627413 0.0041545934566852381 -0.028761557085137841 0.010249621796648525
leaf_weight=780.846186876297 2528.9868413582444 518.47581293061376 281.29585801251233 1528.1894216760993 42.57206990942359 6640.9707416519523 873.61278021335602 3732.576497476548 7228.6142873838544 1461.3364101760089 5145.9484273195267 2330.8132737241685 691.2739893682301 465.62175791338086 1417.2169571649283 4.407303933054207 126.71377339586616 1.4732496440410603 3.8259992823004714 4.2120507061481476 1.0001185350120061 1.0802144985646007 82.427334915846586 49.047667175531387 1125.4041991382837 11.606907112523912 1.1480338722467411 3467.2770222295076 16.127258662134409 291.6508903875947
leaf_count=15177 75730 7843 9107 38521 705 114819 27568 86686 147076 25849 94205 42769 17815 14690 24131 70 1930 23 63 66 31 31 1325 639 21539 248 21 63833 268 4907
internal_value=-2.58493e-05 0.000691166 -0.000784019 -0.00523596 -0.000199031 0.0022165 -0.00743973 -0.000454866 -0.00161634 0.000888139 0.000448449 -0.000366756 -0.00761431 -0.0123434 0.000823124 0.00434666 0.0196909 0.075502 0.0546905 0.091179 -0.00663255 0.116365 -0.00442777 0.0019106 0.00168672 -0.000366123 0.00516381 0.00293378 0.011825 0.0137834
internal_weight=40855.8 35913.4 18256.8 4942.4 16816.5 17656.5 3402.6 16466.2 11043.6 10874.9 10356.5 8895.13 1440.27 748.998 6564.31 6781.6 140.632 13.9186 12.4454 8.61935 467.702 2.08033 3815 5422.58 5373.53 1539.8 1418.36 4248.12 350.35 334.223
internal_count=837685 695618 383829 142067 342155 311789 103298 336275 235087 194818 186975 161126 41674 23859 118357 116971 2152 222 199 136 14752 62 88011 101188 100549 38769 24152 79010 5880 5612
is_linear=0
shrinkage=0.05


Tree=39
num_leaves=31
num_cat=0
split_feature=25 21 8 19 14 2 18 17 11 9 10 10 7 6 8 9 17 0 7 25 16 19 9 16 8 10 0 3 16 18
split_gain=55.9047 32.2856 30.4739 28.2428 24.3763 24.2195 25.2712 20.0641 16.9776 17.0994 16.9716 16.2363 20.1618 14.6555 18.7696 16.5625 14.5225 15.188 15.4962 12.7353 12.7083 12.1743 14.6862 12.1466 12.0389 14.5253 11.9743 22.3153 11.8784 11.8161
threshold=52083.500000000007 0.46428571428571436 1.6737352619109311 0.036737953967529512 3.5000000000000004 4.5000000000000009 0.043978021978021982 0.098387096774193564 0.053601648584168347 0.029218423186921076 0.066549589255123179 0.066720955483170488 222149.00000000003 1.0000000180025095e-35 1.8909739966758075 0.14218328840970354 0.77500000000000013 21.500000000000004 73203.500000000015 50.500000000000007 3.5000000000000004 0.064778040444678206 0.041612554112554122 14.500000000000002 1.8382827596129274 0.12095088819226753 20.500000000000004 1.5000000000000002 24.500000000000004 0.12565789473684214
decision_type=2 2 2 2 2 2 2 2 2 2 2 2 2 2 2 2 2 2 2 2 2 2 2 2 2 2 2 2 2 2
left_child=1 2 -1 -4 7 6 24 8 9 -5 29 -9 -13 14 15 -3 17 18 -8 21 -14 22 -16 -15 -2 -26 27 28 -25 -10
right_child=5 13 3 4 -6 -7 16 11 10 -11 -12 12 20 23 19 -17 -18 -19 -20 -21 -22 -23 -24 26 25 -27 -28 -29 -30 -31
leaf_value=0.001024958945101707 -0.00043341881843386791 0.0095274656992412332 -0.011588230548046525 -0.012245222246293975 -0.008780662717423603 0.0041332635010274477 0.0037311765663971745 0.0050140884902636889 -0.00013542833036439555 -0.0033275685526392494 0.025009155007727692 0.030061998542288977 0.253094772386591 0.0021932028557170714 0.23856256363233783 0.12212733258892246 0.015280490701658007 -0.0021788284827260261 0.00047130730859690245 0.038414699149535075 0.037663341016631026 -0.0045120099657116669 0.087627660598638371 -0.0034907326938495016 -0.0054440541803273583 0.069109651922896115 -0.018061407873574468 0.20375190195649973 0.16162902999124507 0.13629834218805412
leaf_weight=2967.2984593734145 2920.4489390794188 87.24719150364399 1316.802698161453 670.68072461150587 1758.9423252809793 5571.3760044239461 6294.46567453444 564.57648067735136 1605.663229374215 2708.0400416385382 70.822423899546266 20.425911072641615 1.794621288776397 251.4263752810657 2.3928534537553769 3.3928037695586672 185.35323789715767 2784.1731165219098 8662.7916239909828 23.824891544878483 1.1067169569432733 1.9207234419882295 4.9364968053996563 4.9948720112442953 2350.7973192837089 6.5514357760548583 4.2596276812255374 2.7096842862665653 1.392913796007633 1.5885519515722979
leaf_count=70489 58525 1347 38528 18250 53679 103745 108941 11352 38169 64899 1546 381 31 4006 38 47 2778 50700 156259 378 24 22 75 86 53087 124 77 42 24 36
internal_value=-2.53082e-05 -0.0028805 -0.00335185 -0.00484114 -0.00364111 0.00117291 0.00046214 -0.00203957 -0.003056 -0.00509774 0.00105494 0.00670309 0.0475811 0.0112996 0.0255068 0.0137423 0.00135745 0.00121199 0.00184316 0.057747 0.170918 0.10754 0.136904 0.00466153 -0.00257889 -0.00523686 0.051124 0.083518 0.0325151 -5.81921e-07
internal_weight=40852.2 12076.2 11687.7 8720.44 7403.64 28776 23204.6 5644.7 5056.79 3378.72 1678.07 587.904 23.3272 388.498 123.715 90.64 17926.8 17741.4 14957.3 33.075 2.90134 9.25007 7.32935 264.783 5277.8 2357.35 13.3571 9.09747 6.38779 1607.25
internal_count=837685 303526 297384 226895 188367 534159 430414 134688 122900 83149 39751 11788 436 6142 1907 1394 318678 315900 265200 513 55 135 113 4235 111736 53211 229 152 110 38205
is_linear=0
shrinkage=0.05


Tree=40
num_leaves=31
num_cat=0
split_feature=16 21 8 20 8 19 14 10 0 2 15 21 9 8 22 8 25 17 15 20 2 10 8 25 9 18 21 18 8 10
split_gain=52.3748 25.2372 23.5978 21.0892 17.9569 17.6808 18.0172 17.1019 15.5482 15.1829 12.2718 12.0292 17.7968 12.5953 12.3128 14.8551 11.902 11.6764 10.6851 11.6089 10.92 10.5297 11.3327 13.7688 15.6065 14.0013 12.7502 26.1118 12.6119 15.0399
threshold=1.5000000000000002 0.059714795008912663 1.3954701144813642 0.052927423898563017 1.6796605839506467 0.036737953967529512 4.5000000000000009 0.043538281648400519 50.500000000000007 4.5000000000000009 0.46428571428571436 0.24264705882352944 0.28991596638655465 1.8398049952482287 5.5000000000000009 1.9444036435569656 139736.50000000003 0.61250000000000016 0.87500000000000011 0.051120202688167769 2.5000000000000004 0.074580513581162522 2.0217851611656763 1193.5000000000002 0.067511373455882498 0.090644049827723311 0.051432940262870375 0.087778568041725943 1.5879806505344871 0.083472686733556303
decision_type=2 2 2 2 2 2 2 2 2 2 2 2 2 2 2 2 2 2 2 2 2 2 2 2 2 2 2 2 2 2
left_child=3 2 -2 8 -5 -4 10 -6 9 11 17 13 14 -1 -13 18 21 -7 19 20 -16 -11 26 -24 25 -25 27 28 29 -23
right_child=1 -3 5 4 7 6 -8 -9 -10 16 -12 12 -14 -15 15 -17 -18 -19 -20 -21 -22 22 23 24 -26 -27 -28 -29 -30 -31
leaf_value=0.00078510859613286894 0.0058171018958221707 0.0046042004015751205 -0.0094220538184589496 0.0074919381730040122 -0.010059769485706999 -0.0028146035743737727 -0.0084377818379050996 0.0023000382605259588 -0.0038615108939522671 -0.0043164017967225526 0.008310714916801255 0.0037266186276468712 0.12408437003130013 -0.0024796150997729587 0.11876575455241521 -0.037396834404300638 0.005173606272454819 0.057146496965574549 -0.015936081926960437 -0.024406261362734955 0.047667636104002535 0.3475850454717373 -0.009362701971242204 0.34891838682950782 -0.0075075949503882111 0.10585583773074057 -0.0025146374990117309 -0.020000122022100289 0.053180792122376475 0.10334811802452848
leaf_weight=8362.6774578709155 608.38703479059041 999.83687058836222 1449.7741469815373 1708.7040489464998 288.59830376133323 6230.8164836205542 1460.0683512557298 9256.2091951016337 2256.6188859920949 589.99999643675983 261.94336664117873 143.9078984670341 3.5051539689302436 4568.1163617521524 8.9138511531055062 5.7944589816033831 2564.8993445895612 8.1297308728098852 5.1564463116228572 3.322160765528678 13.702753163874148 1.2467542700469478 2.3060015179216853 1.1190474256873137 1.1003485620021818 1.2591146565973756 35.36812799051404 4.5281556025147438 1.8866944462060926 1.2748393602669237
leaf_count=154101 14010 19597 43117 27584 6445 158733 46101 158491 45157 12755 4859 1957 27 95541 113 84 47673 132 71 45 192 21 49 21 21 24 621 84 38 21
internal_value=-2.48331e-05 -0.00297059 -0.0037265 0.0010633 0.00277139 -0.00434348 -0.00341862 0.00192633 2.85587e-05 0.000566448 -0.00229134 -0.000187452 0.0124964 -0.000368234 0.010333 0.0361046 0.00365147 -0.00273647 0.0498013 0.0628695 0.0756894 -0.00244786 0.0195617 0.0853814 0.14819 0.220229 0.0109682 0.0643296 0.150952 0.224106
internal_weight=40849.2 11019 10019.1 29830.2 11253.5 9410.73 7960.96 9544.81 18576.7 16320.1 6500.89 13115.1 184.303 12930.8 180.798 36.8897 3204.99 6238.95 31.0952 25.9388 22.6166 640.089 50.0891 5.78451 3.47851 2.37816 44.3046 8.93644 4.40829 2.52159
internal_count=837685 286549 266952 551136 192520 252942 209825 164936 358616 313459 163724 252131 2489 249642 2462 505 61328 158865 421 350 305 13655 900 115 66 45 785 164 80 42
is_linear=0
shrinkage=0.05


Tree=41
num_leaves=31
num_cat=0
split_feature=12 25 19 9 21 16 11 25 7 25 8 20 9 16 20 15 21 8 11 20 25 24 8 22 19 7 11 19 21 11
split_gain=49.8978 26.4614 25.096 20.1035 15.3485 14.0307 13.8653 13.3528 12.7696 12.6327 11.7874 11.7216 12.8216 20.1315 12.4531 11.6658 13.6461 11.8668 11.5757 11.5232 13.1743 13.3102 11.2936 11.2511 11.5964 13.0853 14.8113 15.9597 11.1273 16.9209
threshold=1.0000000180025095e-35 110.50000000000001 0.057014466790434211 0.051598366234747957 0.075498575498575513 20.500000000000004 0.051963024990569533 176609.50000000003 13121.000000000002 1.0000000180025095e-35 0.52805973025047626 0.055421361370387938 0.16784037558685447 4.5000000000000009 1.0000000180025095e-35 0.18898809523809526 0.61250000000000016 1.4735903442617271 0.053601648584168347 0.069481306818499303 1193.5000000000002 19.500000000000004 1.3518273169216737 1.0000000180025095e-35 0.10566188197767147 100904.50000000001 0.050303548014050625 0.16064516129032261 0.080128205128205135 0.051963024990569533
decision_type=2 2 2 2 2 2 2 2 2 2 2 2 2 2 2 2 2 2 2 2 2 2 2 2 2 2 2 2 2 2
left_child=2 9 3 7 10 15 22 -1 -6 11 23 14 -13 -14 -2 16 18 -17 -3 20 -18 -22 -5 -4 -25 26 27 -26 29 -10
right_child=1 5 4 6 8 -7 -8 -9 28 -11 -12 12 13 -15 -16 17 19 -19 -20 -21 21 -23 -24 24 25 -27 -28 -29 -30 -31
leaf_value=-0.0046807899870202965 0.15018339840541473 -0.0048090264273028529 -0.026644582335658019 0.0069498891981726431 -0.013730532323702669 -0.020021840266770983 0.0028848343553502737 -0.00076058545072373496 0.0093540159774959681 -0.011858876576698341 0.0019039786701582117 0.0047021208523598951 -0.051877405514849144 0.25028521646644097 -0.0086436461355877646 0.03673055413874101 0.0016847606665258289 0.0046086222860018521 0.0026781745263120774 0.1847714011624329 0.048291562162021386 0.22330211483968687 -0.00089410949538919345 0.053199047487524902 0.014497086471792209 -0.031609523717453403 -0.012429369178651804 0.24048083088829994 0.011791306269160961 0.18705866093859908
leaf_weight=3310.1235504299402 1.2376719396561373 1734.6305830273777 8.9727702550590021 488.62755623832345 50.676339879631996 100.82918047718704 5268.1978558562696 6318.4922802243382 3.2248280011117449 1367.433127541095 12311.956665651873 219.83225765638053 0.94584796205162947 1.3212402313947675 434.33738455735147 31.614692147821188 13.586780373007064 317.54084712825716 734.96730932034552 1.2592086270451535 4.4069190733134738 1.4418794214725492 7536.7008768673986 30.179901912808418 1.4502426870167284 10.923015080392359 3.5861501693725586 1.6937613151967523 533.46928115934134 2.2914080694317818
leaf_count=82900 37 47464 122 7830 774 3187 97104 131303 70 44300 221659 6441 28 36 13472 565 229 6244 19882 21 70 22 145210 414 20 149 51 22 8012 47
internal_value=-2.42682e-05 -0.00472201 0.000625836 -0.000368403 0.00238454 -0.0016928 0.000891799 -0.00210827 0.0102657 -0.00912016 0.00200882 -0.00342584 0.00592211 0.12422 -0.00819234 -0.00104193 -0.00224197 0.00751714 -0.00258079 0.0381907 0.0286939 0.0914362 -0.000416522 0.0247327 0.0343703 0.00218072 0.0570221 0.136241 0.0125218 0.0831714
internal_weight=40846 4965.38 35880.6 22922.1 12958.4 2940.28 13293.5 9628.62 589.662 2025.11 12368.8 657.674 222.099 2.26709 435.575 2839.45 2490.29 349.156 2469.6 20.6948 19.4356 5.8488 8025.33 56.8058 47.8331 17.6532 6.73015 3.144 538.986 5.51624
internal_count=837685 141998 695687 464347 231340 77684 250144 214203 8903 64314 222437 20014 6505 64 13509 74497 67688 6809 67346 342 321 92 153040 778 656 242 93 42 8129 117
is_linear=0
shrinkage=0.05


Tree=42
num_leaves=31
num_cat=0
split_feature=16 9 17 16 20 8 10 9 11 8 20 10 22 9 18 7 8 2 9 19 0 10 24 19 8 7 11 19 19 10
split_gain=45.9574 24.6527 17.9602 16.2423 15.3899 19.3871 19.1474 17.151 15.3496 18.6379 14.4184 15.0239 14.2027 13.2589 20.5847 16.3826 20.1949 15.7842 21.8646 21.5992 13.1166 18.0577 13.3453 12.8972 12.6814 12.4728 13.2202 12.7871 12.4321 12.1966
threshold=4.5000000000000009 0.037826481944129013 0.036038961038961044 11.500000000000002 0.052927423898563017 1.7009089079363073 0.043538281648400519 0.048329057028149124 0.051963024990569533 1.125557420482757 0.045171006607073461 0.03607175028954631 4.5000000000000009 0.070984916173976245 0.06310694257451134 108244.00000000001 1.7257270805194842 3.5000000000000004 0.085492459838009585 0.081165540540540551 95.500000000000014 0.028388942617666026 22.500000000000004 0.085889929742388779 2.0374990768300969 64883.500000000007 0.053601648584168347 0.034949766390814437 0.056792465357652068 0.089228844404003652
decision_type=2 2 2 2 2 2 2 2 2 2 2 2 2 2 2 2 2 2 2 2 2 2 2 2 2 2 2 2 2 2
left_child=1 10 3 -2 8 7 -7 23 9 -3 11 -1 20 24 -15 16 -16 18 19 -18 22 -22 28 -6 -8 -13 -27 -28 -11 -12
right_child=2 4 -4 -5 5 6 13 -9 -10 12 29 25 -14 14 15 -17 17 -19 -20 -21 21 -23 -24 -25 -26 26 27 -29 -30 -31
leaf_value=-0.014577102374068701 -0.0045973214619622043 0.0084969728605574744 -9.5321997549420594e-05 -0.012598206012425181 0.022087313349217062 -0.013956658525083977 0.0016191206970994851 0.0057511725038378063 0.0023678402915040396 -0.0013202923122913792 -0.0010360999297806459 -0.010418245180132868 -0.0048145327849935804 0.0043869469295988268 -0.0074717032972579749 0.0065857094236868551 0.10542657651936667 0.018173972252213424 0.048036281949494747 0.31856952484826234 0.17660761071268941 0.023666086967188863 -0.009906572121481088 0.16469790699659814 -0.0082590133887957343 -0.0039967259798784549 0.038425981433241309 0.005118621680983911 0.0036351505835774921 0.010308207924026858
leaf_weight=375.42415053769946 2493.0972665734589 494.44377248547971 1531.7248057052493 850.793132673949 140.36692784354091 190.61308870837092 7258.7841694578528 2136.0945524908602 5613.1108041740954 4231.2898234333843 7447.5421251822263 421.24815290234983 2340.4256230890751 1478.0709600783885 17.218426033854485 69.7370540574193 10.342838251963256 20.106730785220861 26.960236947983503 1.3429279010742892 2.178392261266711 16.924038417637348 348.08070620894432 1.6034903116524208 340.12987392581999 649.53758919984102 32.522861082106829 252.8068147264421 1805.8284435421228 244.71658432297409
leaf_count=9759 75730 7469 38769 27568 2655 4283 127563 35969 106333 85315 161363 9773 45830 25289 259 1133 155 313 414 22 44 317 6787 27 6148 15202 799 5864 32062 4471
internal_value=-2.3699e-05 0.000593818 -0.00457912 -0.006633 0.00137379 0.00273077 0.00172914 0.00686963 0.000305613 -0.000947261 -0.00160311 -0.00572528 -0.00148126 0.00205333 0.0061545 0.0240847 0.0401477 0.0541033 0.0727965 0.129921 -0.000263123 0.0411071 -0.00038689 0.023698 0.00117697 -0.00327475 -5.59207e-05 0.00891511 0.000161984 -0.000675199
internal_weight=40843.1 35967.5 4875.62 3343.89 26543.7 11691.4 9413.31 2278.06 14852.3 9239.17 9423.8 1731.54 8744.73 9222.69 1623.78 145.708 75.9712 58.7527 38.646 11.6858 6404.3 19.1024 6385.2 141.97 7598.91 1356.12 934.867 285.33 6037.12 7692.26
internal_count=837685 695618 142067 103298 488387 204230 165579 38651 284157 177824 207231 41397 170355 161296 27585 2296 1163 904 591 177 124525 361 124164 2682 133711 31638 21865 6663 117377 165834
is_linear=0
shrinkage=0.05


Tree=43
num_leaves=31
num_cat=0
split_feature=25 17 19 14 8 21 12 19 22 22 25 8 21 0 18 11 9 20 8 10 6 0 8 10 22 10 9 16 19 22
split_gain=43.6319 30.0772 28.8222 21.6458 18.8653 18.3327 18.4033 16.9162 16.652 16.0545 15.0912 14.2589 13.1312 12.457 14.1116 16.8839 15.1341 11.4611 12.437 13.6315 11.3958 14.1735 14.7875 12.9697 12.4158 13.2121 12.2378 11.7359 21.5792 11.3932
threshold=786214.00000000012 0.34313725490196084 0.036737953967529512 6.5000000000000009 1.4404182288811544 0.059714795008912663 1.0000000180025095e-35 0.012526150627615066 3.5000000000000004 4.5000000000000009 105.50000000000001 2.1966278771528782 0.080128205128205135 67.500000000000014 0.085553610020033768 0.050303548014050625 0.53571428571428581 0.037241663110406643 2.3013102123349882 0.041717791782680334 3.5000000000000004 1.0000000180025095e-35 2.0456257733539456 0.014436711451859022 4.5000000000000009 0.041351134511721205 0.056007935021206497 7.5000000000000009 0.052617159336697916 1.0000000180025095e-35
decision_type=2 2 2 2 2 2 2 2 2 2 2 2 2 2 2 2 2 2 2 2 2 2 2 2 2 2 2 2 2 2
left_child=1 2 7 4 -4 6 8 -1 -6 17 -8 12 -11 14 16 -16 -7 18 -2 -20 21 22 26 -22 -24 -26 27 -3 -29 -15
right_child=9 20 3 -5 5 13 10 -9 -10 11 -12 -13 -14 29 15 -17 -18 -19 19 -21 23 -23 24 -25 25 -27 -28 28 -30 -31
leaf_value=-0.002101998450228426 -0.0026042030769891987 0.00033629390233144826 0.006030670126250001 -0.0087042648996866531 0.00066080962268701127 0.0058461130534656269 -0.0096184848324905887 -0.0095103288989342102 -0.0034633285073987358 -0.00032518382732720798 -0.0022868991574804538 -0.015853799892494077 0.015838929356443304 0.040608166676889108 -0.012958654677944182 0.075601071769971634 0.1786002966232591 0.0030903048925749904 0.034891064227502766 0.23239038930133546 0.14692748870359218 -0.003712645796372792 0.025313867192402056 0.018461561041072081 0.19303471175818943 0.051899425683757806 0.016940891607266809 -0.052842246836076925 0.24595660992569113 -0.031899807217433539
leaf_weight=1320.881981253624 1107.2736776657403 312.119793118909 953.10798302851617 913.52163946069777 7300.7125082779676 782.67883893847466 1158.3926885332912 1849.4655429422855 3682.0014865454286 6432.5063051842153 1781.0520500726998 145.13777646794915 128.14711210504174 6.4012681804597369 8.2008610032498854 15.657507773488758 1.2698199823498715 12207.024379760027 5.1488185785710803 1.052229084074497 1.9943129159510125 316.96320241130888 29.186776790767908 132.26411673799157 2.4355579856783143 5.1954278089106083 202.83702155947685 1.1056024469435208 1.3325277902185915 35.258592637255788
leaf_count=33276 22448 5159 18071 28099 155813 14543 38039 50498 77101 115926 47865 3016 1690 124 105 213 13 213856 114 22 34 5130 504 2126 47 84 3052 22 20 675
internal_value=-2.3226e-05 -0.00162629 -0.0020545 -0.00122196 -0.000787277 -0.00122719 -0.00166229 -0.00642375 -0.000721825 0.00164289 -0.00517617 -0.000352385 -9.45546e-06 0.00590379 0.00727881 0.0451603 0.00612594 0.00264735 -0.00220875 0.0684039 0.00681018 0.00472048 0.00954352 0.0203698 0.0401604 0.0969451 0.00736483 0.00118988 0.110462 -0.0207586
internal_weight=40840.3 20814 19808.6 16638.3 15724.7 14771.6 13922.2 3170.35 10982.7 20026.3 2939.44 6705.79 6560.65 849.467 807.807 23.8584 783.949 13320.5 1113.47 6.20105 1005.43 871.176 554.213 134.258 36.8178 7.63099 517.395 314.558 2.43813 41.6599
internal_count=837685 480613 464435 380661 352562 334491 318818 83774 232914 357072 85904 120632 117616 15673 14874 318 14556 236440 22584 136 16178 14018 8888 2160 635 131 8253 5201 42 799
is_linear=0
shrinkage=0.05


Tree=44
num_leaves=31
num_cat=0
split_feature=12 25 20 8 21 16 4 7 6 9 18 7 22 11 0 0 20 19 10 25 13 11 2 10 15 25 8 9 7 22
split_gain=39.8167 22.688 21.0298 21.7591 17.3025 18.0371 13.9112 13.2675 16.1418 13.1231 17.6367 18.345 17.2677 15.3196 18.136 15.4227 13.0145 12.9068 12.5005 13.8396 12.8002 12.4042 13.1425 14.0696 14.4712 13.8792 12.1115 16.4606 13.4806 11.8576
threshold=1.0000000180025095e-35 110.50000000000001 0.050641131020877868 1.8398049952482287 0.61250000000000016 1.5000000000000002 1.5000000000000002 77257.500000000015 3.5000000000000004 0.057727020272146636 0.062417108753315652 82762.500000000015 4.5000000000000009 0.050303548014050625 52.500000000000007 65.500000000000014 0.04928254285630275 0.088365434669443008 0.041082986652352098 481.50000000000006 0.70833333333333337 0.051963024990569533 4.5000000000000009 0.032993896388019521 0.46428571428571436 30511.500000000004 1.61537906892284 0.22401433691756276 239795.50000000003 3.5000000000000004
decision_type=2 2 2 2 2 2 2 2 2 2 2 2 2 2 2 2 2 2 2 2 2 2 2 2 2 2 2 2 2 2
left_child=2 26 3 6 5 -5 16 -6 -9 21 -11 12 13 15 17 -12 -1 -15 19 -3 -20 -4 -23 -24 -25 29 -2 -28 -29 -26
right_child=1 18 9 4 7 -7 -8 8 -10 10 11 -13 -14 14 -16 -17 -18 -19 20 -21 -22 22 23 24 25 -27 27 28 -30 -31
leaf_value=-0.00058672901755163476 -0.00053407472734828387 -0.017575711610372007 -0.00026568216934417388 -0.001700017770808341 -0.0094564150326415519 -0.0080444190880392934 0.00018474952626154479 0.046263384858929217 -0.04509942499294433 0.003565722338929623 0.0060277538607973087 0.0042669182999726923 -0.002820802312468903 0.066190537319795878 -0.015458182748946669 0.11685437289886391 0.0093747980877057196 0.1682656090075676 -0.00089772535750994086 -0.00022634309202494829 0.014919062829788702 0.001995922946055992 0.17163324665804203 0.0082565603986126113 0.050050807958973001 0.0099426563312168155 -0.010856592503559146 0.026794202239346476 0.22499914593068479 0.18050584537023526
leaf_weight=536.66389312595129 396.01466162130237 232.79372436925769 6898.6812435612082 6144.4852910265326 23.350693713873625 1370.0683465991169 11462.148944782093 44.137351524084806 5.4291921928524962 3975.6896983515471 29.151653915643692 115.57289369776845 25.495436426252127 38.21209579333663 6.4813650138676158 3.5179839059710494 842.80192311294377 3.3699693828821173 2330.5248954873532 227.06393385306001 135.34356942772865 3747.3207159005105 1.3387289457023133 632.63374852202833 3.8394321054220182 7.0497816652059555 1576.1556504126638 17.776293927803639 0.90136857330799003 3.188372477889061
leaf_count=10677 11526 7456 130174 127695 336 36576 221749 616 78 68637 445 1858 395 563 99 57 15553 49 61366 6477 2385 68308 31 11578 58 110 52226 540 22 45
internal_value=-2.27526e-05 -0.00424278 0.000554857 -0.000498652 -0.00262154 -0.00285674 0.000755656 0.0216173 0.0362561 0.00194415 0.00433125 0.018053 0.0330517 0.0443802 0.0623372 0.017962 0.00549939 0.0744631 -0.00144097 -0.00900911 -2.95929e-05 0.00105697 0.00313291 0.00970747 0.00937228 0.0595116 -0.00836029 -0.0103036 0.0363594 0.109236
internal_weight=40837.2 4916.57 35920.6 20429.1 7587.47 7514.55 12841.6 72.9172 49.5665 15491.5 4197.49 221.801 106.229 80.7331 48.0634 32.6696 1379.47 41.5821 2925.73 459.858 2465.87 11294.1 4395.37 648.05 646.711 14.0776 1990.85 1594.83 18.6777 7.0278
internal_count=837685 141998 695687 413280 165301 164271 247979 1030 694 282407 72103 3466 1608 1213 711 502 26230 612 77684 13933 63751 210304 80130 11822 11791 213 64314 52788 562 103
is_linear=0
shrinkage=0.05


Tree=45
num_leaves=31
num_cat=0
split_feature=25 19 14 17 21 19 8 9 22 20 8 21 10 21 10 4 19 18 13 9 21 8 9 14 19 9 7 25 17 21
split_gain=37.5466 26.0982 20.7146 17.4632 17.3654 17.2535 16.746 16.8964 14.3446 13.632 12.9178 11.9029 14.8035 11.5364 10.873 10.5623 12.3047 10.3082 10.1858 16.8695 20.2872 28.8274 16.3351 12.5225 10.2654 16.4473 12.8406 13.0953 11.7316 13.4329
threshold=786214.00000000012 0.036737953967529512 6.5000000000000009 0.40833333333333338 0.059714795008912663 0.012526150627615066 1.3985339103436265 0.05406644040924518 4.5000000000000009 0.051719042960789115 2.1966278771528782 0.38750000000000007 0.03753055294166386 0.080128205128205135 0.068480243684174311 2.5000000000000004 0.14434523809523811 0.045043558655173906 0.58333333333333337 0.05573882498440013 0.25833333333333336 1.7358935567162828 0.035106977102470786 4.5000000000000009 0.083538587848932686 0.25462962962962971 217746.50000000003 218.50000000000003 0.11583184257602865 0.24264705882352944
decision_type=2 2 2 2 2 2 2 2 2 2 2 2 2 2 2 2 2 2 2 2 2 2 2 2 2 2 2 2 2 2
left_child=1 5 3 4 6 -1 -3 9 17 14 13 -7 -13 -10 -8 -15 -17 -2 24 20 21 -20 -23 -22 25 -6 28 -28 29 -26
right_child=8 2 -4 -5 18 11 7 -9 10 -11 -12 12 -14 15 -16 16 -18 -19 19 -21 23 22 -24 -25 26 -27 27 -29 -30 -31
leaf_value=-0.0013257990731613779 0.00016107031473590349 0.0057964228813806185 -0.008103125407061559 0.0066274912201929569 0.0029955520393077808 -0.0092007944959208721 -0.0068764667470608389 -0.00023848044944519016 -0.00034091086408808937 -0.00070290039075525932 -0.015237465510638743 -0.013012754209007603 0.05425701988263916 0.043746167875240494 0.0044462536829007358 0.0054572921300643012 0.13789863452285017 0.0033036306997534953 0.34753440452108619 -0.0087042464858974791 -0.0035903418436580231 0.19324225779274584 -0.0084585927490253478 0.14602301715173924 0.12175957743328408 0.080163783618308532 0.16770179881648506 0.038034789643311605 -0.019842309538635566 0.021077155163304166
leaf_weight=1370.4253956507891 3555.8972496725619 823.90780130587518 906.92510606721044 852.42053189314902 813.36244138143957 1875.9301970209926 2761.7203468028456 8972.7776795849204 6434.1991825476289 2035.5129896681756 142.92358741164207 16.072607629001141 16.650945737957954 25.22653690725565 229.65688708238304 103.0775177963078 1.7840824276208866 9804.4792188890278 1.3719166666269327 11.163317952305077 6.9920615293085557 1.8263917230069635 2.2287120595574379 1.7482875883579252 3.7122978679835787 6.9640090987086287 2.9103601016104204 5.8832614831626415 16.041986007243395 30.788762230426073
leaf_count=34229 72193 15555 28148 13257 15113 51450 71573 194704 115926 49561 3016 277 268 309 5120 1363 18 164247 24 189 114 34 40 27 67 90 38 77 245 413
internal_value=-2.22796e-05 -0.00151268 -0.000745147 -0.00034269 -0.000720443 -0.00560605 -0.00113094 -0.00153863 0.00152006 -0.00385935 -0.000366646 -0.00867929 0.0212166 -4.28649e-05 -0.00600719 0.0146986 0.00771061 0.00246723 0.00600347 0.0372627 0.0734829 0.149414 0.0823861 0.0263361 0.00510333 0.00365066 0.0251864 0.0809497 0.0154846 0.0319105
internal_weight=40834.6 20767 17487.9 16581 15728.6 3279.08 14823.6 13999.7 20067.6 5026.89 6707.21 1908.65 32.7236 6564.29 2991.38 130.088 104.862 13360.4 904.994 25.3307 14.1674 5.42702 4.0551 8.74035 879.663 820.326 59.3367 8.79362 50.543 34.5011
internal_count=837685 480613 394389 366241 352984 86224 336513 320958 357072 126254 120632 51995 545 117616 76693 1690 1381 236440 16471 428 239 98 74 141 16043 15203 840 115 725 480
is_linear=0
shrinkage=0.05


Tree=46
num_leaves=31
num_cat=0
split_feature=16 11 8 9 4 17 2 16 19 10 3 19 22 10 10 20 7 19 11 12 0 21 20 11 19 20 22 7 25 0
split_gain=34.7562 20.9839 26.4293 17.878 18.3108 15.778 15.3429 15.0468 14.8141 14.0696 13.2167 12.9759 11.9886 11.9419 12.0897 11.815 11.7921 12.3537 11.5929 11.0939 10.9411 10.3622 9.63746 12.8894 21.428 10.7654 23.6401 26.4162 12.0509 10.3687
threshold=4.5000000000000009 0.051963024990569533 1.5959077852307157 0.063027594523657526 1.5000000000000002 0.028991596638655467 5.5000000000000009 11.500000000000002 0.036387800902815119 0.055181750497229766 1.5000000000000002 0.065739105185471977 4.5000000000000009 0.029361054766734281 0.085592185592185607 0.067473674571925671 232769.50000000003 0.037315450868965074 0.050303548014050625 1.5000000000000002 92.500000000000014 0.24264705882352944 0.076428995742714764 0.053657989013283586 0.075720977894890948 0.077029031574486137 2.5000000000000004 144815.50000000003 8233.0000000000018 43.500000000000007
decision_type=2 2 2 2 2 2 2 2 2 2 2 2 2 2 2 2 2 2 2 2 2 2 2 2 2 2 2 2 2 2
left_child=1 2 10 4 -4 7 8 22 -6 20 -1 12 16 -13 -15 19 -10 18 -18 21 -3 -5 -2 25 29 26 27 28 -24 -25
right_child=5 9 3 15 6 -7 -8 -9 11 -11 -12 13 -14 14 -16 -17 17 -19 -20 -21 -22 -23 23 24 -26 -27 -28 -29 -30 -31
leaf_value=0.0043392737118130523 -0.0045161900104290801 0.00070653023012368923 0.0026257604079654925 0.00096347750414040685 -0.0070188970291521465 0.00014980079153622218 0.0097524115562879626 -0.011905225126297232 3.4762980169588489e-05 0.0037481830663347211 -0.0026625907450218578 0.027983901894370444 -0.0046920425106135588 -0.01039541858823074 0.0078333626531652597 0.011530666339633747 0.072447969261652839 -0.0085498119372639358 -0.037356689376538625 -0.020091952413381898 -0.024293536909914076 0.019165973040532022 0.16121271418216643 0.02669640691373696 0.30542024536471524 -0.0048250230643001931 -0.031591428364237888 -0.051753553671552634 0.44433478944319538 0.17586831064643837
leaf_weight=3574.6192130427808 2408.3277947027236 7445.8354522958398 1792.8608368523419 3058.0258189607412 1951.1816981043667 1547.7134798262268 239.49936879612505 806.59071672149003 6212.7312707975507 6429.2626999299973 830.55469368211925 22.948583906516433 2427.52535045892 877.14458548091352 101.48113597556949 291.64453945122659 8.808824382722376 559.70552520081401 3.305858911946415 61.048134632408619 44.022834355011582 80.237998448312283 0.7043151389807456 10.186911880969996 0.83950238674879152 39.347456788644195 2.4777994267642498 0.74366664886474598 0.80590932816267014 1.3153096865862615
leaf_count=60754 74044 155076 36365 56521 45986 39575 4854 26762 123502 109320 14495 506 49000 17169 1856 4835 205 11355 75 1755 947 1042 22 304 24 1176 76 23 22 39
internal_value=-2.1815e-05 0.000511818 -0.000446174 -0.0013092 -0.00209744 -0.00400962 -0.00278011 -0.00597749 -0.00302685 0.0020324 0.00301914 -0.00226422 -0.00167658 -0.00766908 -0.00850514 0.00189646 -0.00059764 -0.00746859 0.0424844 0.00101822 0.000559588 0.00142887 -0.00403764 0.0163893 0.0615535 0.00374375 0.0749993 0.192179 0.312297 0.0437546
internal_weight=40831.5 36012.4 22093.3 17688.1 14197.2 4819.05 12404.3 3271.34 12164.8 13919.1 4405.17 10213.7 9212.08 1001.57 978.626 3490.96 6784.55 571.82 12.1147 3199.31 7489.86 3138.26 2464.75 56.4209 12.3417 44.0791 4.73169 2.25389 1.51022 11.5022
internal_count=837685 695618 430275 355026 290873 142067 254508 102492 249654 265343 75249 203668 184137 19531 19025 64153 135137 11635 280 59318 156023 57563 75730 1686 367 1319 143 67 44 343
is_linear=0
shrinkage=0.05


Tree=47
num_leaves=31
num_cat=0
split_feature=12 25 2 0 10 8 9 21 14 18 20 7 18 25 8 18 16 25 11 8 25 18 0 20 20 24 7 17 8 18
split_gain=33.0635 20.4983 18.8839 22.6182 17.1795 15.9541 15.2196 19.0476 15.0376 14.7812 12.645 11.9073 17.7301 23.8063 14.1431 11.9 11.8983 11.7462 11.6737 12.5006 12.8403 12.2477 11.9684 11.6794 14.4808 11.4989 11.2978 22.5606 11.1334 11.0704
threshold=1.0000000180025095e-35 110.50000000000001 4.5000000000000009 30.500000000000004 0.060006858710562418 1.7574875106093129 0.05606118045856736 0.38750000000000007 6.5000000000000009 0.056138559456988972 0.073346462366107895 43917.500000000007 0.050330016184355349 29670.500000000004 1.8548386691062224 0.25657894736842107 20.500000000000004 1.0000000180025095e-35 0.051963024990569533 1.5387593379103157 87310.000000000015 0.060324313109187268 92.500000000000014 0.061196351190263031 0.065844887622665424 8.5000000000000018 7205.5000000000009 0.074537037037037054 2.1887928556073262 0.070916941833883682
decision_type=2 2 2 2 2 2 2 2 2 2 2 2 2 2 2 2 2 2 2 2 2 2 2 2 2 2 2 2 2 2
left_child=2 17 3 4 5 -1 15 29 18 11 -5 -9 -13 14 -14 -7 -3 28 19 21 -21 -4 -20 -24 -25 -17 27 -18 -2 -8
right_child=1 16 8 10 -6 6 7 9 -10 -11 -12 12 13 -15 -16 25 26 -19 22 20 -22 -23 23 24 -26 -27 -28 -29 -30 -31
leaf_value=0.001504900886979986 -0.0013300192151819677 -0.00062885562564077139 0.013006641079697127 -0.0037212565318815445 0.0029590474944883316 -0.0025924195841860835 0.0015982802561571455 -0.0011877561246652556 -0.019345090146549559 -0.0017044256766910095 0.011604751467237537 0.036464379763559623 0.13531324528557342 0.068337187098867963 0.35036078489373174 0.23401236443144979 0.0033162785830518023 -0.010517744136904608 0.006821773654992167 -0.0044428626600880854 0.0022214287395535197 -0.0015959957979578385 -0.021584023430761243 0.11880556572504315 -0.024819832752328581 -0.0029771050005161191 -0.022293474829759387 0.28378252188740932 -0.047825403950517188 -0.02272548838415446
leaf_weight=8032.967904528603 629.7251639701426 2816.646360212937 431.7349194381386 4487.2937042433769 5684.3700744472444 7915.8077798299491 2683.6272425781935 7.4962283819913891 75.459349788725376 19.736407607793808 138.74760949611664 14.31443450599909 1.5810328349471077 6.0785682089626789 1.4805282838642595 1.0450671501457685 3.6394999101757994 1324.4802769925445 2081.7344846390188 943.45158192142844 3090.1478941217065 215.15008698031306 60.755892219021916 3.4875631071627131 3.5326144564896822 1.0031727813184259 91.879262518137693 0.89293151907622803 13.143710078671573 47.607766501605511
leaf_count=149620 19563 74497 7179 90658 98569 168350 50979 103 2315 254 2552 202 22 76 20 20 122 44300 39229 21938 57997 3339 1247 64 66 20 3041 24 451 868
internal_value=-2.13831e-05 -0.00388304 0.000502877 -5.59124e-05 0.000551432 -0.000179149 -0.00144347 0.00173792 0.00285305 0.0321081 -0.00326159 0.0536694 0.071202 0.125605 0.239307 -0.00256124 -0.00122006 -0.00782611 0.0030983 0.00169747 0.000662663 0.00814989 0.00614858 -0.0145286 0.046532 0.117941 -0.0184919 0.0585708 -0.00228064 0.0011743
internal_weight=40829 4880.41 35948.6 29043.2 24417.1 18732.7 10699.8 2781.92 6905.45 50.6872 4626.04 30.9508 23.4546 9.14013 3.06156 7917.86 2913.06 1967.35 6830 4680.48 4033.6 646.885 2149.51 67.7761 7.02018 2.04824 96.4117 4.53243 642.869 2731.24
internal_count=837685 141998 695687 562313 469103 370534 220914 52524 133374 677 93210 423 320 118 42 168390 77684 64314 131059 90453 79935 10518 40606 1377 130 40 3187 146 20014 51847
is_linear=0
shrinkage=0.05


Tree=48
num_leaves=31
num_cat=0
split_feature=25 17 19 10 25 17 14 21 16 0 9 10 19 22 19 7 8 8 25 7 21 10 11 24 0 20 20 7 7 10
split_gain=31.3283 23.0461 22.2938 16.66 21.8222 21.3133 16.1608 16.0276 15.8981 26.8823 15.3203 12.9803 20.8646 12.4305 12.4003 12.1155 11.6756 11.3647 13.1152 10.7166 11.3035 12.3702 11.0649 12.3985 16.1108 39.1164 17.0945 10.3507 19.8847 11.7016
threshold=786214.00000000012 0.25657894736842107 0.036737953967529512 0.025512576130921946 167486.50000000003 0.61250000000000016 6.5000000000000009 0.059714795008912663 8.5000000000000018 -1.0000000180025095e-35 0.05406644040924518 0.057482111939272627 0.041428789377083226 4.5000000000000009 0.012526150627615066 108244.00000000001 2.1966278771528782 1.8624998421515027 150.50000000000003 10921.500000000002 0.38750000000000007 0.03753055294166386 0.053657989013283586 6.5000000000000009 53.500000000000007 0.037759612185732629 0.05209377087508351 91851.500000000015 139674.50000000003 0.048372301545738482
decision_type=2 2 2 2 2 2 2 2 2 2 2 2 2 2 2 2 2 2 2 2 2 2 2 2 2 2 2 2 2 2
left_child=1 2 14 4 -3 -6 7 10 -5 -10 -4 12 -11 -2 -1 -7 -15 -12 -19 22 -21 -22 -16 24 26 -26 -24 -23 -29 -30
right_child=13 3 6 8 5 15 -8 -9 9 11 17 -13 -14 16 19 -17 -18 18 -20 20 21 27 23 -25 25 -27 -28 28 29 -31
leaf_value=-0.0020009106762651544 0.0022639226138258827 0.022763952507669379 -0.0032650605439255883 0.0033352258203565334 0.2828148114407707 -0.025621865745118724 -0.0076730978732125754 0.0061076961829374665 0.21057757055922088 0.14925112374357266 0.0012160288627217609 0.079102244839174357 -0.04113524045844226 -6.7201091610968224e-05 -0.0023816137405553773 0.1628280963077372 -0.014620696144599876 -0.009414330843475982 -0.00083226488658526276 -0.0097250272414896796 -0.016669570792182196 -0.0009247885030434351 0.027872535740257377 0.0091533505910472452 0.44384419725641061 -0.052119276784573877 0.2782751473522595 0.24154225948455799 0.0024714471448257676 0.17826434954061265
leaf_weight=1295.616371974349 13405.234399598092 32.254350740462542 5211.5181621816009 1278.3684465270489 1.6373430006206025 1.8041600063443186 880.8784321192652 816.42523241229355 2.2678698115050819 1.7342340759933019 6705.6011072099209 7.1637612357735625 8.4549420140683633 6566.5498549416661 61.437609907239676 1.6175442747771738 140.765211250633 563.47544665262103 2120.4115249421448 1680.8837764635682 8.177496865391733 3.7673896513879281 6.8775529637932795 14.705336866900323 0.90726931765675523 0.70763625018298626 0.75655794516205777 1.8615601845085619 3.5550488121807575 1.2901864349842069
leaf_count=32890 236440 609 130188 21253 31 32 27947 14902 37 38 142839 124 163 117616 1737 27 3016 14845 44717 47260 144 59 190 411 25 19 20 29 58 19
internal_value=-2.0954e-05 -0.00138574 -0.00182353 0.0049677 0.0379075 0.134456 -0.00108624 -0.000709893 0.00402077 0.0486867 -0.0010911 0.0275291 -0.0087308 0.00138466 -0.00572435 0.0634642 -0.000372633 0.000115525 -0.00263405 -0.00842707 -0.00929549 0.0294143 0.00885696 0.0376814 0.0830392 0.226518 0.052688 0.0653933 0.102646 0.0492815
internal_weight=40826.7 20714.2 19378.9 1335.3 37.3134 5.05905 16298.3 15417.4 1297.99 19.6208 14601 17.3529 10.1892 20112.5 3080.54 3.4217 6707.32 9389.49 2683.89 1784.93 1699.54 18.6517 85.392 23.9544 9.24902 1.61491 7.63411 10.4742 6.7068 4.84524
internal_count=837685 480613 458299 22314 699 90 375438 347491 21615 362 332589 325 201 357072 82861 59 120632 202401 59562 49971 47569 309 2402 665 254 44 210 165 106 77
is_linear=0
shrinkage=0.05


Tree=49
num_leaves=31
num_cat=0
split_feature=16 8 10 11 8 6 20 0 0 20 9 25 7 21 10 2 2 10 8 25 2 7 20 12 8 20 19 25 11 7
split_gain=28.7467 17.7243 21.1411 16.3638 16.478 14.2068 13.6228 12.87 12.1327 13.6578 12.0411 11.4499 13.0408 11.137 11.0347 11.899 14.1407 10.4586 10.1503 12.6726 10.0271 15.8609 14.0247 13.8843 11.8891 11.8386 29.3809 11.2285 19.1267 20.4426
threshold=1.5000000000000002 1.6966258529460039 0.054826582585496005 0.051963024990569533 1.5956893491701694 2.5000000000000004 0.053273726828881048 95.500000000000014 44.500000000000007 0.043710549407002752 0.056007935021206497 15191.000000000002 232769.50000000003 0.11882352941176472 0.10026455026455028 4.5000000000000009 3.5000000000000004 0.038955157161678904 2.2111680526818964 9148.5000000000018 4.5000000000000009 61147.000000000007 1.0000000180025095e-35 1.0000000180025095e-35 1.9022983952547345 0.077029031574486137 0.058485944378329047 3562.5000000000005 0.050343962067630442 7205.5000000000009
decision_type=2 2 2 2 2 2 2 2 2 2 2 2 2 2 2 2 2 2 2 2 2 2 2 2 2 2 2 2 2 2
left_child=3 -2 -3 4 8 7 -7 10 9 -1 11 18 -13 20 -15 16 -16 -5 -6 -20 22 23 -4 24 25 27 -27 28 -22 -30
right_child=1 2 13 17 5 6 -8 -9 -10 -11 -12 12 -14 14 15 -17 -18 -19 19 -21 21 -23 -24 -25 -26 26 -28 -29 29 -31
leaf_value=-0.0062875318614473187 0.00099995816006460915 -0.0060703135730908429 0.27245035433074472 -0.0013663042648684365 -0.0084030936240263015 -0.005417241744282153 2.7373606208563521e-05 0.035777759470232033 -0.0051480122676652489 0.0049905120877362973 0.0022564561682473058 0.00022263794967963366 -0.0083347338445110102 0.0060064305705410242 0.03352835856616479 -0.029307098239243629 0.21669540139412746 0.0028830910116741828 0.020634929350160928 0.20817534569982904 0.0040744611587630189 -0.0023662886427758181 -0.0031316276091429445 -0.0031421391889298652 0.0058358075486803565 -0.052702857890087829 0.28403428612386722 0.024216240525069349 0.34844615108854582 0.097514349806544415
leaf_weight=295.98739239387214 3059.5181568861008 3934.4357225969434 0.46174583397805591 1698.3841314427555 657.07683031447232 2752.4760447852314 1971.961945137009 25.320764334872365 415.08493979275227 2884.680352114141 3915.22847401537 5027.2028054147959 488.46702249720693 392.83976517245173 2.2201341092586508 1.9327866099774835 2.0055566355586052 9820.6993243787438 15.120715156197548 0.95783354714512903 4.450728325173257 409.04869510047138 2797.0874532498419 84.157799491658807 70.328745076432824 1.1486931871622794 1.4854532163590191 89.257195616140962 0.99826294183731068 4.3415601942688227
leaf_count=5054 76056 113872 11 37250 15994 56199 34638 481 6850 45913 68670 98717 9746 7174 25 25 21 171192 410 22 120 10615 72183 2567 1647 25 33 2037 25 113
internal_value=-2.06284e-05 -0.00222512 -0.00349076 0.000777918 -0.000145278 -0.000880478 -0.00314468 0.000175569 0.00289178 0.003941 8.63494e-05 -0.00128652 -0.000535202 -0.000862669 0.00704753 0.0734578 0.120461 0.00225656 -0.00744266 0.0318071 -0.00177412 0.00374352 -0.00308614 0.0134996 0.0216418 0.0325741 0.137191 0.0297918 0.0806226 0.144425
internal_weight=40824.4 10855.7 7796.2 29968.6 18449.6 14853.8 4724.44 10129.4 3595.75 3180.67 10104.1 6188.83 5515.67 3861.76 398.998 6.15848 4.22569 11519.1 673.155 16.0785 3462.77 665.217 2797.55 256.168 172.011 101.682 2.63415 99.0477 9.79055 5.33982
internal_count=837685 286549 210493 551136 342694 284877 90837 194040 57817 50967 193559 124889 108463 96621 7245 71 46 208442 16426 432 89376 17182 72194 6567 4000 2353 58 2295 258 138
is_linear=0
shrinkage=0.05


Tree=50
num_leaves=31
num_cat=0
split_feature=12 25 2 0 10 7 18 14 21 14 18 10 9 24 8 8 19 18 25 8 20 9 20 16 19 7 10 8 0 16
split_gain=26.8813 18.4397 16.7927 19.7457 14.6022 14.0658 14.6691 13.3363 13.1811 13.5035 14.7026 12.7566 16.2027 13.3208 12.9636 12.9618 12.2246 14.5167 19.9311 11.8226 11.2517 11.0319 16.9891 18.1277 20.1304 18.4484 16.6239 12.0682 11.9533 10.7356
threshold=1.0000000180025095e-35 110.50000000000001 4.5000000000000009 30.500000000000004 0.060006858710562418 66722.500000000015 0.35416666666666669 6.5000000000000009 0.34848484848484856 2.5000000000000004 0.053957099832312651 0.057745835684839743 0.038482694423288492 20.500000000000004 2.021577051491406 1.7948550801356253 0.055265631483337255 0.056072008398896089 18514.500000000004 1.6553344784890123 0.073346462366107895 0.16784037558685447 0.053374947213397937 3.5000000000000004 0.056947808779502319 217746.50000000003 0.060342395212138626 1.5956893491701694 89.500000000000014 20.500000000000004
decision_type=2 2 2 2 2 2 2 2 2 2 2 2 2 2 2 2 2 2 2 2 2 2 2 2 2 2 2 2 2 2
left_child=2 21 3 4 5 11 8 -4 19 -10 -11 12 -1 15 -14 -13 17 -12 -19 -7 -5 27 28 25 -25 -24 -26 -2 -23 -3
right_child=1 29 7 20 -6 6 -8 -9 9 10 16 13 14 -15 -16 -17 -18 18 -20 -21 -22 22 23 24 26 -27 -28 -29 -30 -31
leaf_value=-0.0023707437076481899 0.00045059366481351956 -0.00043434780594481676 0.0028902255759095863 -0.0035160720416226943 0.0027032082114624391 0.0013677301670207316 0.14201385953780826 -0.018500858110954085 0.0066640739241165762 0.0096702208288567543 0.26548908315493497 -0.0023228711801806367 0.0042587911238760982 0.01028671886695727 -0.0085409371314511175 -0.018424033933407458 0.044437791914758912 -0.05335396911290885 0.20733158511660554 -0.0023615211486525743 0.010866594575216583 -0.0036983990979041082 -0.051895856579559231 0.041864654291139058 0.35605107169368927 0.2331628015513145 0.072619556315432571 -0.0097240106019876125 0.18911586964287663 -0.017610566162131584
leaf_weight=1422.9385053161532 359.02315336279571 2806.2081861831248 6853.230465516448 4469.4186394698918 5708.1626366022974 2794.46553228423 1.787084575742482 73.646478591486812 180.04413630440831 12.654556136578323 1.7218911834061126 330.56078017316759 4580.9106932356954 116.05051293410361 206.74462121166289 200.99612834490836 6.6008321642875671 1.4053294472396376 1.5331291705369947 8874.4097622130066 140.24822476878762 28.013709358870987 2.9906200934201466 2.1216741465032101 1.4678657446056607 0.70053953118622292 0.79890986904501904 1548.1616701707244 0.82755040749907394 94.020596493035555
leaf_count=32365 10509 74497 131059 90658 98569 50727 28 2315 2430 212 27 5515 83371 1989 4285 3653 101 24 25 185782 2552 862 89 61 39 18 21 52692 23 3187
internal_value=-2.02156e-05 -0.00351683 0.000450599 -7.688e-05 0.000489234 -0.000185396 -0.00122662 0.0026628 -0.00124818 0.011353 0.0466525 0.00161744 0.00231378 -0.00506052 0.00370606 -0.00841116 0.0882106 0.15021 0.0826577 -0.00146844 -0.00307848 -0.00728461 0.0197859 0.0838671 0.152554 0.00220499 0.256158 -0.00780866 0.00183408 -0.000991172
internal_weight=40821.9 4844.33 35977.5 29050.7 24441 18732.8 11874.6 6926.88 11872.8 203.96 23.9157 6858.2 6210.59 647.607 4787.66 531.557 11.2612 4.66035 2.93846 11668.9 4609.67 1944.11 36.9209 8.07961 4.38845 3.69116 2.26678 1907.18 28.8413 2900.23
internal_count=837685 141998 695687 562313 469103 370534 239356 133374 239328 2819 389 131178 120021 11157 87656 9168 177 76 49 236509 93210 64314 1113 228 121 107 60 63201 885 77684
is_linear=0
shrinkage=0.05


Tree=51
num_leaves=31
num_cat=0
split_feature=25 17 19 8 19 10 9 10 7 12 9 22 2 18 16 8 8 6 0 8 9 10 21 24 8 19 9 7 24 2
split_gain=25.4876 20.6678 19.795 13.1216 12.1468 11.874 12.6932 12.095 11.5628 12.6464 15.1079 11.2274 11.1216 21.4169 22.2702 10.4929 10.2711 10.1736 12.1665 12.5733 10.1543 10.9826 9.82294 10.0502 10.86 14.4169 23.8408 11.0972 15.1713 21.5087
threshold=786214.00000000012 0.34313725490196084 0.036737953967529512 1.6966258529460039 0.012526150627615066 0.038454692335076819 0.11180555555555556 0.017301245210727973 232769.50000000003 1.0000000180025095e-35 0.53571428571428581 4.5000000000000009 5.5000000000000009 0.038498451380971625 1.5000000000000002 2.1966278771528782 1.8672016205362001 3.5000000000000004 1.0000000180025095e-35 2.0456257733539456 0.056007935021206497 0.07147044046223415 0.080128205128205135 20.500000000000004 1.5219511343003354 0.045496789455897267 0.051598366234747957 153521.00000000003 21.500000000000004 2.5000000000000004
decision_type=2 2 2 2 2 2 2 2 2 2 2 2 2 2 2 2 2 2 2 2 2 2 2 2 2 2 2 2 2 2
left_child=1 2 4 -4 -1 6 -5 -8 9 -7 -11 -2 -6 14 -14 22 -12 18 19 20 -3 -22 23 -13 25 26 -25 -28 -29 -30
right_child=11 17 3 5 12 8 7 -9 -10 10 16 15 13 -15 -16 -17 -18 -19 -20 -21 21 -23 -24 24 -26 -27 27 28 29 -31
leaf_value=-0.0016244791266316562 0.0020786939645142679 0.00047128619895093717 0.0014113994117243124 -0.01030720617983597 -0.0083619772160469161 -7.3003463034560501e-05 0.16920053202320062 0.016213199672190863 -0.0074217866266415595 -0.0043046025011664281 0.19035745958515302 -0.0014276640088982783 -0.00059523397139897355 0.010962279476226891 0.32201942307179987 -0.014031567530021029 0.021147546886456356 0.018310604427860335 -0.0040994719537286875 0.035672174915548048 0.017408684371277485 -0.033041064926961718 0.013343037680946815 -0.0012339002251552178 0.0018014069081735244 0.004229190315839822 0.038785736790530365 0.022987114234719198 0.25730198149375832 0.087312813434298892
leaf_weight=1308.7054535709321 13446.495339244604 318.29046827927232 4399.2499450929463 569.02241790108383 1769.1980936806649 8334.8739785403013 1.3533263411372924 28.472668228670955 750.26095759123564 2454.4567789491266 1.6420622635632747 5100.6293698549271 0.96304085478186907 15.800969846546648 1.2033287622034547 138.76116272062063 1.9760681595653293 137.83807212486863 319.12270913086832 38.556856088340282 197.65310062095523 11.410464823246 132.40679260343313 24.850944064557552 1184.8991448171437 98.839486267417669 18.899827800691128 4.5612778179347506 2.5718733221292478 6.7309915944933891
leaf_count=33276 236440 5201 94487 15923 50044 178039 32 732 17905 73467 36 92006 22 396 36 3016 40 2160 5130 635 2903 149 1690 405 21543 1468 290 71 40 103
internal_value=-1.9844e-05 -0.00125402 -0.00161495 -0.000928171 -0.0052844 -0.00177583 -0.00864061 0.0231549 -0.0014197 -0.00100247 -0.0041541 0.00124496 -0.00796449 0.0311753 0.178604 -0.000425007 0.0979422 0.00567514 0.00370725 0.00810954 0.00609434 0.0146552 -0.000137823 -0.000414905 0.00343621 0.0158173 0.035697 0.0637085 0.0976837 0.134308
internal_weight=40819.7 20660.1 19637.2 16541.3 3095.87 12142.1 598.848 29.826 11543.2 10792.9 2458.07 20159.6 1787.17 17.9673 2.16637 6713.15 3.61813 1022.87 885.034 565.911 527.354 209.064 6574.39 6441.98 1341.35 156.454 57.6149 32.764 13.8641 9.30286
internal_count=837685 480613 464435 380661 83774 286174 16687 764 269487 251582 73543 357072 50498 454 58 120632 76 16178 14018 8888 8253 3052 117616 115926 23920 2377 909 504 214 143
is_linear=0
shrinkage=0.05


Tree=52
num_leaves=31
num_cat=0
split_feature=16 11 8 22 21 6 8 20 19 17 1 9 25 11 12 25 16 10 18 8 8 2 10 19 7 2 7 20 0 8
split_gain=23.9513 17.5134 18.916 15.7438 16.2793 20.0645 23.7395 14.5183 15.6505 13.8129 13.5692 13.3059 14.7811 13.1229 13.099 31.8829 13.0627 12.863 11.6727 11.558 11.4199 11.3193 15.9328 13.7635 11.2756 11.6154 10.6412 11.0797 10.7232 10.3423
threshold=4.5000000000000009 0.051963024990569533 1.575014178292883 4.5000000000000009 0.38750000000000007 1.0000000180025095e-35 2.0456257733539456 0.03907522394136808 0.13383084577114432 0.028991596638655467 1.5000000000000002 0.032080686897200665 6942.5000000000009 0.050168168696291163 3.5000000000000004 310.50000000000006 10.500000000000002 0.096930786094581903 0.044516323443620928 0.52805973025047626 2.1518185817355966 5.5000000000000009 0.020707521886725037 0.051574603387958919 235153.50000000003 1.5000000000000002 251790.50000000003 0.038422688422688429 94.500000000000014 1.8624998421515027
decision_type=2 2 2 2 2 2 2 2 2 2 2 2 2 2 2 2 2 2 2 2 2 2 2 2 2 2 2 2 2 2
left_child=1 2 10 11 20 6 -6 18 -9 16 -1 12 14 17 -4 -16 -2 -14 -7 -12 -5 24 23 -23 25 29 27 28 -15 -13
right_child=9 -3 3 4 5 7 -8 8 -10 -11 19 21 13 26 15 -17 -18 -19 -20 -21 -22 22 -24 -25 -26 -27 -28 -29 -30 -31
leaf_value=-0.0012022191104342911 -0.0031488473086453295 0.0018060064902031101 -0.012469157185187277 -0.0035853722526459561 0.034096160667929011 -0.021611788218335481 0.18944731864152736 -0.015254726772103861 0.12029619374697915 0.00054632013306315586 0.026898136968729204 0.0083304233552430312 0.0041977969165914964 -0.013352333267124927 -0.023463922235515085 0.34431959235637644 -0.0101229172393796 0.068974151415365614 0.1500231935785899 0.0043809780106089545 -0.0180380686233024 0.014357937845365635 0.010345672625036174 0.16338908702870031 -0.0055374840658125018 0.00016597764312569976 -0.03527576121511642 -0.0017516140648098405 0.12488082394775774 -0.0015042335212165721
leaf_weight=1427.6497449912131 2264.9995230399072 13970.10757734254 423.60876232199371 4527.2344837728888 35.785043494775891 1.57030415162444 2.6405947767198077 49.56335336714983 2.2250202447175971 1536.1068574655801 58.348520601168275 875.06242959201336 545.54010731913149 267.151247382164 1.7701215539127582 0.8833264335989951 954.32788295298815 7.773107334971427 2.683345127850771 2446.5180609636009 140.93518993258476 2.9766884427517644 167.56954324990511 3.2306117508560419 743.47825069539249 8113.5470226127654 26.08383003436029 1831.7096433266997 1.4103486947715271 384.91187901981175
leaf_count=23996 70289 265343 12121 92248 448 27 31 677 21 39575 811 16011 12113 6500 61 27 32203 145 38 41129 3277 62 3082 58 14745 154579 579 40034 33 7422
internal_value=-1.9448e-05 0.000420379 -0.000455842 -0.0011367 -0.00360586 0.0169434 0.0447718 -0.00213745 -0.00943096 -0.0033548 0.00268817 -0.000258888 -0.00312717 -0.00175146 -0.0117755 0.0989703 -0.00521622 0.00510779 0.0866613 0.00490549 -0.00402171 0.000606807 0.0132596 0.0919217 0.000389474 0.000859582 -0.00353635 -0.00314217 -0.0126264 0.00532602
internal_weight=40817.4 36062 22091.9 18159.3 4762.64 94.4677 38.4256 56.042 51.7884 4755.43 3932.52 13396.7 3105.93 2679.67 426.262 2.65345 3219.33 553.313 4.25365 2504.87 4668.17 10290.8 173.777 6.2073 10117 9373.52 2126.36 2100.27 268.562 1259.97
internal_count=837685 695618 430275 364339 96767 1242 479 763 698 142067 65936 267572 71613 59404 12209 88 102492 12258 65 41940 95525 195959 3202 120 192757 178012 47146 46567 6533 23433
is_linear=0
shrinkage=0.05


Tree=53
num_leaves=31
num_cat=0
split_feature=25 19 17 16 4 10 14 21 19 9 22 24 20 7 10 24 24 8 10 25 10 18 2 19 2 19 9 14 22 24
split_gain=22.3207 18.2404 13.828 12.9915 18.659 14.5457 12.7923 13.5808 12.5887 12.1892 12.168 13.4678 10.5628 12.9353 11.87 10.7619 10.263 10.0223 11.0624 11.3848 9.90484 9.78794 9.67693 13.9343 11.4946 9.40071 11.631 13.376 11.5015 13.2356
threshold=786214.00000000012 0.036737953967529512 0.26969696969696971 7.5000000000000009 1.5000000000000002 0.057449201597884865 6.5000000000000009 0.059714795008912663 0.012526150627615066 0.054341543101281732 1.0000000180025095e-35 6.5000000000000009 0.043312529482201829 252965.00000000003 0.075790875790875803 19.500000000000004 8.5000000000000018 1.8624998421515027 0.072057531272614508 150.50000000000003 0.043988527724665397 0.060956192522557608 2.5000000000000004 0.096571316614420075 3.5000000000000004 0.083538587848932686 0.25462962962962971 3.5000000000000004 5.5000000000000009 1.0000000180025095e-35
decision_type=2 2 2 2 2 2 2 2 2 2 2 2 2 2 2 2 2 2 2 2 2 2 2 2 2 2 2 2 2 2
left_child=1 8 6 -4 21 -6 7 9 20 -3 -7 -12 13 14 -2 16 -14 -11 19 22 -1 -5 -19 -24 -25 26 -9 -28 29 -27
right_child=12 2 3 4 5 10 -8 25 -10 17 11 -13 15 -15 -16 -17 -18 18 -20 -21 -22 -23 23 24 -26 28 27 -29 -30 -31
leaf_value=0.0024699363493513181 -0.0015919010323864483 -0.0028780793666515806 0.0039983668148862546 0.22294138155082616 -0.017430398796953132 0.21272295534513996 -0.0068318747017820803 0.0036503689810652704 -0.0073189384786017005 0.001173643695058024 0.13156976226892622 -0.014370876018538502 0.0020676535271005585 -0.042469180330238533 0.064643357650772129 0.0038341282310857096 -0.00076545236813002474 -0.022000390707770368 0.01484403048436655 -0.0013511564905674958 -0.0062488915790027575 0.050964350449624579 -0.0068722575176114508 0.22328936721315512 0.036407007477147001 0.12045092040680333 0.020425532048557418 0.17109813445960745 0.079169569060016362 0.009195051902257478
leaf_weight=821.75288216583431 2725.9635882563889 5194.028587013483 1149.2888710200787 1.9749884009361296 9.8577584959566611 1.3128534778952587 864.91416095942259 759.4423361774534 1852.7283459231257 6699.0923195276409 2.6924411281943321 3.8289352133870125 7899.3301162607968 19.334319677203894 6.7809604890644541 4166.3778032958508 5369.4516391307116 120.79358241707087 89.344260836020112 2040.0557262245566 539.65944772958755 1.4238065630197523 408.86222900077701 1.0878143869340409 3.377503639087081 2.8442765697836867 4.4830156825482836 2.1938078068196774 8.4644743353128415 44.454600173979998
leaf_count=21489 54074 130675 18566 25 193 21 27959 14070 51995 142499 41 64 136224 395 117 72170 94092 3268 1839 43237 12740 20 10963 26 84 38 51 26 101 623
internal_value=-1.90869e-05 -0.00117579 -0.000537025 0.00471199 0.0435991 0.022986 -0.000915229 -0.000582467 -0.00463657 -0.000935527 0.0738417 0.0458828 0.00116287 -0.00171588 -0.00142755 0.00161727 0.000921186 0.000142128 -0.00245226 -0.00305258 -0.000986179 0.150898 -0.00955111 -0.00591285 0.0819342 0.00567071 0.00422802 0.0699321 0.0254914 0.0158853
internal_weight=40815.2 20628 17413.8 1170.38 21.0908 17.692 16243.4 15378.5 3214.14 14556.6 7.83423 6.52138 20187.2 2752.08 2732.74 17435.2 13268.8 9362.61 2663.52 2574.18 1361.41 3.39879 534.121 413.328 4.46532 821.883 766.119 6.67682 55.7634 47.2989
internal_count=837685 480613 394389 18930 364 319 375459 347500 86224 332591 126 105 357072 54586 54191 302486 230316 201916 59417 57578 34229 45 14341 11073 110 14909 14147 77 762 661
is_linear=0
shrinkage=0.05


Tree=54
num_leaves=31
num_cat=0
split_feature=16 8 10 20 6 2 25 10 13 10 0 18 17 16 24 19 7 2 8 11 0 11 20 9 9 7 7 19 19 20
split_gain=20.5405 14.0681 17.5916 13.7695 11.4929 10.455 14.3522 12.8366 9.28659 11.8941 10.017 15.6169 10.1493 14.9204 11.5722 9.56069 9.08075 11.1315 9.13079 11.7321 11.4993 11.03 11.8194 10.7089 9.58842 12.5811 16.3159 9.14988 9.99654 9.16599
threshold=1.5000000000000002 1.6966258529460039 0.054826582585496005 0.03132570101211217 2.5000000000000004 4.5000000000000009 131271.00000000003 1.0000000180025095e-35 0.58333333333333337 0.089228844404003652 20.500000000000004 0.057408724618946014 0.40833333333333338 6.5000000000000009 9.5000000000000018 0.077108881456707565 237521.00000000003 1.5000000000000002 1.3279269674104242 0.050260215400075865 47.500000000000007 0.053657989013283586 0.053273726828881048 0.055813149546396226 0.055476286559821675 67521.000000000015 77257.500000000015 0.037315450868965074 0.040674040461334854 0.069906375945902169
decision_type=2 2 2 2 2 2 2 2 2 2 2 2 2 2 2 2 2 2 2 2 2 2 2 2 2 2 2 2 2 2
left_child=3 -2 -3 -1 5 -5 7 -7 -4 10 15 -12 13 14 -13 -10 17 -6 19 20 24 22 -20 -23 25 -19 -27 -24 29 -29
right_child=1 2 8 4 16 6 -8 -9 9 -11 11 12 -14 -15 -16 -17 -18 18 21 -21 -22 23 27 -25 -26 26 -28 28 -30 -31
leaf_value=-0.0041736549825943615 0.00097861013031730836 -0.0054024146941253834 -0.00090905345033003005 0.00098998910090746721 0.0083173926262076429 0.032875810175664717 0.0053832735330639238 -0.0034563852582080896 -0.00048453759027703125 0.16834396265727475 -0.024413508925138383 0.10815811165327555 0.0033769597768175535 0.043293870531065412 0.31497481638046393 0.11996203176148286 -0.0071730489119372692 0.0070951816391551965 -0.0039970135511638609 0.0010234262047155549 -0.010765642426694234 -0.0006707341088643369 -0.023007665326016207 0.0075015163118736169 0.0095103199708037739 0.19619841299762972 0.049361275359225271 0.017759303917942049 0.00063151756699914659 0.094314266200474006
leaf_weight=1408.022421900183 3060.1581859532744 3879.6779959443957 3794.9966978821903 15993.018079563975 364.59435573779047 25.138183878734708 3123.9272818975151 739.04860475100577 35.87758481875062 1.3324951566755761 3.4728509578853828 1.2385419085621836 1.742809187620878 2.0785591844469309 1.4901467673480508 1.7268561627715815 498.52521261945367 18.829204272478819 3329.2623528800905 288.21548845991492 25.460344664752483 1018.270146805793 40.446123598143458 661.14415501989424 44.700185988098383 1.9973563626408566 35.803531631827354 21.999483326449994 2385.8051451202482 4.7550831269472829
leaf_count=30280 76056 113872 95744 290697 6379 557 54748 15179 652 16 66 22 26 43 23 29 9380 281 65621 4321 383 19197 868 10807 636 29 536 464 40678 95
internal_value=-1.86451e-05 -0.00189046 -0.0030272 0.000653547 0.000891023 0.00155534 0.00388079 -0.00226123 -0.000629913 0.021007 0.0168848 0.0613003 0.106746 0.144221 0.221101 0.00504656 -0.000620144 -0.000223751 -0.000619102 0.00659934 0.0192743 -0.00102058 -0.0020566 0.00254648 0.0268221 0.040487 0.05712 0.000576955 0.000972347 0.0313654
internal_weight=40812.8 10783.8 7723.63 30029 28620.9 19881.1 3888.11 764.187 3843.96 48.9598 47.6273 10.0229 6.55006 4.80725 2.72869 37.6044 8739.81 8241.28 7876.69 415.006 126.791 7461.68 5782.27 1679.41 101.33 56.6301 37.8009 2453.01 2412.56 26.7546
internal_count=837685 286549 210493 551136 520856 361181 70484 15736 96621 877 861 180 114 88 45 681 159675 150295 143916 6186 1865 137730 107726 30004 1482 846 565 42105 41237 559
is_linear=0
shrinkage=0.05


Tree=55
num_leaves=31
num_cat=0
split_feature=12 25 2 0 7 8 8 7 8 9 8 8 9 0 14 25 8 20 6 0 20 2 20 7 20 24 24 24 9 10
split_gain=19.4148 16.3717 14.402 16.923 12.0718 13.5807 13.2282 13.1549 16.4759 11.7022 11.5212 22.4722 17.9983 14.3547 11.374 10.8174 10.6202 10.5223 13.73 22.6536 10.0334 11.6738 14.6701 18.0129 9.9175 10.3294 9.88153 14.6677 9.81951 9.67589
threshold=1.0000000180025095e-35 110.50000000000001 4.5000000000000009 30.500000000000004 69545.000000000015 1.6553344784890123 1.9813967401863188 95715.000000000015 1.4735903442617271 0.12933094384707292 2.014170707103335 2.0679071523046426 0.13691420331651047 7.5000000000000009 6.5000000000000009 1.0000000180025095e-35 2.1887928556073262 0.012232530300763133 1.5000000000000002 16.500000000000004 0.055421361370387938 4.5000000000000009 0.07933011677505071 139674.50000000003 0.073346462366107895 16.500000000000004 15.500000000000002 1.5000000000000002 0.13363095238095241 0.041082986652352098
decision_type=2 2 2 2 2 2 2 2 2 2 2 2 2 2 2 2 2 2 2 2 2 2 2 2 2 2 2 2 2 2
left_child=2 15 3 4 6 7 -1 8 -6 -8 13 -12 -13 -11 -4 16 17 18 -2 -20 -19 -22 -23 -24 -5 28 27 -14 -26 -3
right_child=1 29 14 24 5 -7 9 -9 -10 10 11 12 26 -15 -16 -17 -18 20 19 -21 21 22 23 -25 25 -27 -28 -29 -30 -31
leaf_value=0.0024417004549582479 -0.051905475289842767 -0.0074142027127487853 0.0026297570328349248 -0.0033088857930980231 0.0053579266361072249 -0.0013393988133550507 -0.0050052788057965078 0.0033082327212086782 -0.012546713171833816 0.040248003272585174 -0.045524381210796848 0.20203201415985386 -0.053117993114880184 0.19402395683017598 -0.017423386629036027 -0.009220447183025662 -0.047418576163975851 -0.0054128200949956759 0.3264580558455063 -0.051751360283031858 0.0024954255501004365 0.02542712713636705 0.055335313962938351 0.36362088116148006 -0.0044840235135353047 0.026422737951106015 -0.010795329702982978 0.09450984804616086 0.083948196951665013 0.00061250878289659271
leaf_weight=8485.3045295979828 0.96002694405615274 443.86674622260034 6882.3590629659593 4451.3031386733055 218.29379990324378 11240.824717709795 906.0336153972894 3262.2157890480012 312.3138048928231 9.0827009677886945 12.721591971814631 1.5640234500169778 2.1725644990801829 1.8220407851040352 71.445108192041516 1285.25770573318 12.199346158653496 400.28075681999326 1.0575491916388271 0.63284990191459645 175.57762964442372 36.839922213926911 1.3788810037076467 0.72188328020274628 80.850726516917348 57.669365558773279 9.4275436121970397 7.459688063710928 3.2659281715750685 2435.9231344480067
leaf_count=155247 29 13933 131059 90658 3520 227429 19051 57264 5768 166 228 26 41 36 2315 44300 451 13012 33 20 5298 1112 38 21 1461 1040 179 148 51 63751
internal_value=-1.82052e-05 -0.00300714 0.000379701 -0.000109377 0.000413364 -0.000466466 0.00181519 0.00212065 -0.00518068 -0.00377907 0.0213278 0.00673791 0.0389754 0.065942 0.00242373 -0.00659011 -0.00122099 -0.000308231 0.0991025 0.184864 -0.000736795 0.00798844 0.0327556 0.161271 -0.00289423 0.0101238 0.0255951 0.0612122 -0.00105054 -0.000624661
internal_weight=40810.8 4794.7 36016.1 29062.3 24469.2 15033.6 9435.59 3792.82 530.608 950.284 44.2502 33.3454 20.6238 10.9047 6953.8 1914.91 629.649 617.449 2.65043 1.6904 614.799 214.518 38.9407 2.10076 4593.09 141.786 19.0598 9.63225 84.1167 2879.79
internal_count=837685 141998 695687 562313 469103 293981 175122 66552 9288 19875 824 622 394 202 133374 64314 20014 19563 82 53 19481 6469 1171 59 93210 2552 368 189 1512 77684
is_linear=0
shrinkage=0.05


Tree=56
num_leaves=31
num_cat=0
split_feature=11 8 25 21 15 16 8 8 19 9 0 21 21 17 18 24 17 9 20 7 16 7 8 19 7 8 7 18 2 10
split_gain=19.2786 18.8259 20.4391 15.1672 15.9774 16.6154 14.6714 13.9884 22.3386 48.8953 12.6548 12.1585 18.1852 19.2068 16.232 19.7495 18.9038 23.8685 16.1625 16.0042 14.4181 12.2346 11.8263 13.3416 10.5402 10.2311 14.7772 16.458 11.136 10.0937
threshold=0.051963024990569533 1.3518273169216737 71768.500000000015 0.41428571428571431 0.32051282051282054 7.5000000000000009 1.9291418953820514 1.8315139503668558 0.038721035892776014 0.039763458660170344 94.500000000000014 0.057189542483660136 0.080128205128205135 0.13840996168582378 0.059276375798114934 3.5000000000000004 0.057983193277310933 0.05573882498440013 0.066729088639201004 133627.50000000003 7.5000000000000009 104476.00000000001 2.0374990768300969 0.057149865956440234 246849.00000000003 2.0165666604052963 5796.5000000000009 0.048360474133156091 1.0000000180025095e-35 0.072057531272614508
decision_type=2 2 2 2 2 2 2 2 2 2 2 2 2 2 2 2 2 2 2 2 2 2 2 2 2 2 2 2 2 2
left_child=1 -1 3 4 6 -6 -3 24 9 -9 22 20 13 14 18 -16 17 -17 -13 -15 -2 -14 23 25 -7 -4 27 -27 -28 -8
right_child=11 2 10 -5 5 7 29 8 -10 -11 -12 12 21 19 15 16 -18 -19 -20 -21 -22 -23 -24 -25 -26 26 28 -29 -30 -31
leaf_value=0.0043409996242012904 0.0014440505920104536 -0.0032845145296343786 -0.0013026906686976353 0.0084687234372028772 0.0022480488305675842 0.0075551604578328784 -0.010200492984431091 -0.012046655283211078 0.046520130290620548 0.43059480478311296 0.024166391740181679 -0.02766157886189969 0.00049129454462551534 0.087214169915494286 -0.052172631814506244 0.11811382514796294 0.013013920453877595 0.41840084251847565 0.21553253651128076 0.33488659932156128 -0.0050748479893474923 0.014308415319313731 -0.0051714433209451866 0.0020267136461518949 0.18853103988337158 0.032377124669532978 -0.042271203090360587 0.28288903713728952 0.013097309164193422 0.010615929027559923
leaf_weight=1613.1313068903983 14263.58770080097 5440.0162035226822 9162.5544837061316 258.81700186617672 341.81076101772487 27.464984914287928 1229.3790365420282 1.2528284024447232 14.618365224450825 1.2427434679120777 52.938577918335795 8.1663605533540249 362.8714076820761 1.7818893790245049 1.5762084405869234 1.7564476281404497 1.5315768066793678 1.0617706738412378 0.74556604772806245 1.0288784541189668 901.83250416629016 286.86763226427138 1164.5274014193565 5451.9060839843005 0.82881869748234649 1.7679760307073586 9.7006648890674096 1.0420706346631048 142.20386352203786 61.12961390055716
leaf_count=26601 279796 144164 178068 3902 6364 636 35235 36 332 33 951 223 6111 34 42 41 38 26 17 19 29247 4832 24082 92016 18 40 213 20 3041 1507
internal_value=-1.78811e-05 -0.000883134 -0.00124384 -0.00342098 -0.00385331 0.00602307 -0.00442152 0.0344398 0.0701227 0.20838 -0.000239263 0.00134706 0.007952 0.0580307 0.0353286 0.0994605 0.154407 0.231248 -0.00731612 0.177874 0.0010564 0.00659172 -0.000320349 6.21524e-05 0.0128565 -0.00108739 0.0116632 0.125276 0.00956146 -0.00921445
internal_weight=40809.1 24976.3 23363.2 7376.56 7117.74 387.219 6730.52 45.4077 17.1139 2.49557 15986.6 15832.8 667.388 17.6487 14.8379 5.926 4.3498 2.81822 8.91193 2.81077 15165.4 649.739 15933.7 14769.2 28.2938 9317.27 154.715 2.81005 151.905 1290.51
internal_count=837685 517259 490658 192227 188325 7419 180906 1055 401 69 298431 320426 11383 440 387 147 105 67 240 53 309043 10943 297480 273398 654 181382 3314 60 3254 36742
is_linear=0
shrinkage=0.05


Tree=57
num_leaves=31
num_cat=0
split_feature=16 11 20 8 9 4 9 17 16 8 2 19 24 11 8 8 8 8 10 8 7 10 18 25 22 19 13 3 21 10
split_gain=17.4133 14.2287 15.6546 13.657 13.0608 16.4727 15.0024 11.6287 11.5678 9.69783 10.5779 10.7751 19.4411 10.4823 14.5773 21.4257 9.55563 9.50698 9.32193 9.10133 12.8343 11.2993 14.2634 23.4441 11.3382 9.09682 11.171 14.7322 12.3556 11.6769
threshold=4.5000000000000009 0.051963024990569533 0.03132570101211217 1.125557420482757 0.063027594523657526 1.5000000000000002 0.084896560092216231 0.028991596638655467 11.500000000000002 1.7406301415123466 5.5000000000000009 0.071556579621095753 1.0000000180025095e-35 0.050343962067630442 2.1095565633822946 1.8324162270420492 1.7237785701453439 2.2111680526818964 0.038955157161678904 1.3830878535514632 189911.00000000003 0.044140842456856573 0.057874628518303807 181650.50000000003 1.5000000000000002 0.035763478945297134 0.58333333333333337 1.0000000180025095e-35 0.051432940262870375 0.057178293791180342
decision_type=2 2 2 2 2 2 2 2 2 2 2 2 2 2 2 2 2 2 2 2 2 2 2 2 2 2 2 2 2 2
left_child=1 2 -1 -4 5 -5 17 8 -2 16 25 -12 -13 -14 15 -15 -7 19 -3 20 -6 -22 23 -23 -24 -11 -27 28 29 -28
right_child=7 18 3 4 6 9 -8 -9 -10 10 11 12 13 14 -16 -17 -18 -19 -20 -21 21 22 24 -25 -26 26 27 -29 -30 -31
leaf_value=-0.0065262445725434923 -0.0028963481239014915 -0.0015470607626807895 0.0066594342312557789 0.0031473667654473071 0.012118926815959732 -0.00057237109515004855 -0.00092184783337797421 0.00070238687533095729 -0.0099371328804333057 -0.0069274731494505214 0.0031344657065239534 0.19187795847170241 0.011146180847873926 0.19618002890396441 0.26047105999575709 -0.0081360528245854671 0.0073682924023589285 -0.026745920580679435 0.0021293019942197531 0.0049473289565006504 -0.010425924750791606 0.32660570162848507 -0.053960327986040758 0.081108336894853597 0.093595982266701405 -0.0023844343967006996 0.27262670736182965 -0.0067992644068230372 0.041821176733556696 0.058970490433859483
leaf_weight=1006.8940016888082 2408.7325098253787 2013.504576407373 712.56820043176413 2075.6950004566461 45.511501055210829 5134.2043541520834 2000.3738466780633 1531.2427508849651 769.81698580272496 1214.6769783999771 149.82078069075942 1.8358200937509526 28.007873749360442 1.8049017637968052 0.95724564045667637 4.4385811630636454 409.05093584209681 23.077732153236866 12004.211733615026 1967.5878190863878 3.4693781137466422 1.447811134159563 2.0001171603798866 2.9620761759579182 3.7291685491800308 7257.2248053476214 1.229412555694583 16.089422795921564 13.638314688578246 1.3327363282442091
leaf_count=22918 75730 46337 10561 40545 717 95210 36207 39575 26762 29516 3006 33 530 34 19 82 7765 489 219006 34778 56 26 30 44 57 147079 26 284 241 22
internal_value=-1.77206e-05 0.000355363 -0.000435602 -0.00014458 -0.000382708 -0.00101377 0.00215859 -0.00287715 -0.00460156 -0.00162056 -0.00266284 0.00910469 0.0332504 0.0249794 0.0787848 0.0509288 1.35907e-05 0.00516477 0.00160123 0.00552813 0.0248579 0.0674612 0.0941123 0.161708 0.0420835 -0.00292142 -0.00225387 0.0270901 0.0607472 0.161491
internal_weight=40807.1 36097.3 22079.6 21072.7 20360.2 16310 4050.16 4709.79 3178.55 14234.3 8691.06 186.865 37.0444 35.2086 7.20073 6.24348 5543.26 2049.79 14017.7 2026.71 59.1201 13.6086 10.1392 4.40989 5.72929 8504.19 7289.51 32.2899 16.2005 2.56215
internal_count=837685 695618 430275 407357 396796 324392 72404 142067 102492 283847 180872 3704 698 665 135 116 102975 36197 265343 35708 930 213 157 70 87 177168 147652 573 289 48
is_linear=0
shrinkage=0.05


Tree=58
num_leaves=31
num_cat=0
split_feature=25 17 19 7 19 7 25 2 15 18 19 7 10 13 17 9 9 25 20 12 21 22 9 24 10 11 25 19 25 20
split_gain=16.3752 15.4895 15.1668 11.53 10.262 10.6593 13.5332 12.1337 15.2679 10.6626 12.6058 13.8336 13.7782 10.1826 14.2645 16.6123 10.7131 10.4527 10.2188 11.5447 9.45335 10.6887 8.93923 8.82016 12.8558 9.56295 10.2997 10.4177 14.1193 8.99372
threshold=786214.00000000012 0.40833333333333338 0.036737953967529512 13121.000000000002 0.012526150627615066 188652.50000000003 4698.5000000000009 5.5000000000000009 0.087121212121212141 0.039284162875237207 0.02937939665961763 236385.00000000003 0.082028382676780046 0.70833333333333337 0.34313725490196084 0.051325957147874961 0.053629141429378142 244.50000000000003 0.051719042960789115 1.0000000180025095e-35 0.080128205128205135 4.5000000000000009 0.056025176400516845 6.5000000000000009 0.032703505644682128 0.050260215400075865 18514.500000000004 0.034949766390814437 250529.00000000003 0.070986829547623601
decision_type=2 2 2 2 2 2 2 2 2 2 2 2 2 2 2 2 2 2 2 2 2 2 2 2 2 2 2 2 2 2
left_child=1 2 3 -1 22 7 -7 -6 -9 -8 11 -11 23 16 17 -16 18 -15 -4 -20 21 -2 -5 -12 -25 -26 -27 29 -29 -28
right_child=20 -3 13 4 5 6 9 8 -10 10 12 -13 -14 14 15 -17 -18 -19 19 -21 -22 -23 -24 24 25 26 27 28 -30 -31
leaf_value=0.0077361746738521383 0.0016827327192168659 0.0050414825636237205 -0.0042519619147306596 0.00042321948701756903 -0.010688682142561754 -0.012703015638105834 -0.0028782145512697456 0.022725640022115176 0.24113011793747696 0.01615035796199342 0.0051603721131767179 -0.041819526019700973 0.22900978959703694 -0.0063271758616570781 -0.015905262341093612 0.2187528317817618 0.00013002373456239867 0.031634576471450064 0.0020793644019804413 -0.006203307317690517 0.01078367971286881 -0.00077672084361646667 -0.0098640598007576873 0.27120724300172649 -0.005139037731934807 -0.034562912588814054 0.078850002481944501 -0.013552788659764992 0.16148643239209381 0.24696775776589061
leaf_weight=179.45028785988688 13414.476800680161 1005.2996556870639 3476.9958063624799 952.34733305498958 1238.8898779135197 148.5137685816735 138.21871793456376 13.311740839853879 0.85137575678527433 35.789895009249449 21.746043248102069 14.444949107244609 0.88711032643914123 35.476499479264021 1.2802967354655259 1.8355243653059004 10670.340636350214 37.092354416847229 1722.1195305269212 556.70952832326293 243.53249113634229 6586.7289797179401 271.34024081192911 0.61878090910613437 8.4937802720814926 2.8636349737644222 16.77352447621525 6.4680760689079753 1.4017585478723047 0.83513043262064357
leaf_count=4851 235098 15662 89705 24775 35986 4809 3769 326 21 895 541 371 18 788 18 30 233398 692 39215 17269 3066 118908 6529 17 216 82 413 166 31 20
internal_value=-1.73904e-05 -0.0010113 -0.00132246 -0.00455968 -0.00532748 -0.00790047 -0.000761463 -0.0101626 0.0358544 0.00637411 0.017966 -0.000518789 0.0334196 -0.0007235 0.0175742 0.122331 -0.000807808 0.0130763 -0.00254639 5.59383e-05 0.000992016 0.000872794 -0.00185788 0.0304888 0.0451943 0.0413977 0.0553442 0.0654492 0.0176248 0.0868234
internal_weight=40805.1 20560.4 19555.1 3053.25 2873.8 1650.11 397.055 1253.05 14.1631 248.541 110.323 50.2348 60.0878 16501.9 75.6847 3.11582 16426.2 72.5689 5755.82 2278.83 20244.7 20001.2 1223.69 59.2007 37.4547 36.8359 28.3421 25.4785 7.86983 17.6087
internal_count=837685 480613 464951 83836 78985 47681 11348 36333 347 6539 2770 1266 1504 381115 1528 48 379587 1480 146189 56484 357072 354006 31304 1486 945 928 712 630 197 433
is_linear=0
shrinkage=0.05


Tree=59
num_leaves=31
num_cat=0
split_feature=11 8 25 21 15 16 8 20 0 9 4 2 19 10 18 0 9 8 10 10 25 7 0 17 0 18 2 10 20 11
split_gain=15.9677 15.8451 15.2168 12.0085 13.6103 17.3041 14.4748 13.0883 11.5734 11.0852 16.7066 10.4979 11.2045 10.7071 17.0726 10.3345 10.1475 9.57177 15.6504 11.0816 13.3721 10.9151 13.6194 13.6675 12.8162 10.3021 24.8996 10.7955 10.1429 17.9063
threshold=0.051963024990569533 1.2206001792295977 71768.500000000015 0.41428571428571431 0.32051282051282054 7.5000000000000009 1.9291418953820514 0.076428995742714764 94.500000000000014 0.062572505800464043 1.5000000000000002 4.5000000000000009 0.14434523809523811 0.03878225085957171 0.16843971631205676 92.500000000000014 0.084896560092216231 1.9840220963664899 0.040066889632107035 0.094160272804774098 231.50000000000003 246849.00000000003 31.500000000000004 0.24264705882352944 32.500000000000007 0.029764022709751526 3.5000000000000004 0.04910668422906455 0.049602548735095585 0.053601648584168347
decision_type=2 2 2 2 2 2 2 2 2 2 2 2 2 2 2 2 2 2 2 2 2 2 2 2 2 2 2 2 2 2
left_child=1 -1 3 4 6 -6 -3 -7 9 10 -4 13 15 14 -2 -13 -11 21 -19 -20 -21 -15 25 24 -24 26 -23 -27 29 -26
right_child=11 2 8 -5 5 7 -8 -9 -10 16 -12 12 -14 17 -16 -17 -18 18 19 20 -22 22 23 -25 28 27 -28 -29 -30 -31
leaf_value=0.0051927230175918878 -0.0030529995875999017 -0.002742544359412403 0.003673617896979483 0.0074847287055761734 0.0018055275560758641 0.030173656570954572 -0.0086499895985040747 0.22134850002235029 0.022471360258218165 0.0050177623879576498 -0.0016446399292109528 0.0052695329257739353 -0.018786020375262173 0.0020589811139172481 0.17853305951738629 -0.013815297152580128 -0.00052435178104990254 0.020150563477850308 -0.0041775419343406204 0.13243608183067221 0.015912112437087757 -0.011175696287809789 0.12978613211530252 0.1593155078677701 0.20940167626471962 -0.031960759078189828 0.23932472565897234 -0.0075022372493406299 -0.0083473108978689547 0.01857515519901019
leaf_weight=1054.2990299127996 1795.9424047023058 5564.9653486683965 1698.2655038032681 266.69429165869951 352.44355110824108 47.073564177379012 1274.4076352920383 0.91264254227280517 56.018849844112992 1679.2951895929873 11318.217887511477 2361.6172407586128 51.880694577470422 9772.0537698790431 1.2953504901379336 73.130573965609074 1625.3395849205554 73.127861255779862 1447.741942120716 2.6977611389011171 28.186570383608341 3.6034765243530265 2.187898375093936 1.645108900964259 1.5263779871165741 65.155470721423626 1.3688377477228639 146.68072824925184 29.12724694609642 6.3169216737151146
leaf_count=16830 43818 147622 31583 3978 6491 1054 36742 20 977 28126 215694 46903 912 189395 25 1575 28142 1810 30263 61 505 76 44 29 33 1425 28 2795 589 140
internal_value=-1.70295e-05 -0.000805959 -0.00107076 -0.00293491 -0.00331874 0.00564079 -0.0038433 0.0338096 -0.000216322 -0.000294193 -0.000950765 0.00122305 0.00420637 0.00066856 -0.00292212 0.0046963 0.00229195 0.00122577 -0.00242864 -0.00354533 0.0260905 0.00179117 -0.0083678 0.0181327 0.0122014 -0.0133552 0.057785 -0.0150251 0.00524281 0.0557117
internal_weight=40803.2 24937.9 23883.6 7506.5 7239.8 400.43 6839.37 47.9862 16377.1 16321.1 13016.5 15865.3 2486.63 13378.7 1797.24 2434.75 3304.63 11581.4 1551.75 1478.63 30.8843 10029.7 257.612 40.8036 39.1584 216.809 4.97231 211.836 36.9705 7.8433
internal_count=837685 517259 500429 195907 191929 7565 184364 1074 304522 303545 247277 320426 49390 271036 43843 48478 56268 227193 32639 30829 566 194554 5159 835 806 4324 104 4220 762 173
is_linear=0
shrinkage=0.05


Tree=60
num_leaves=31
num_cat=0
split_feature=12 25 25 2 0 11 10 7 10 9 24 8 18 8 8 14 21 14 18 9 10 24 24 16 19 10 11 20 24 19
split_gain=14.631 14.7348 12.6179 12.3629 14.7595 11.5582 10.5952 10.4205 12.1962 12.4012 11.856 11.6004 11.3191 10.2174 10.0403 9.85291 9.62824 11.4217 11.111 9.40537 13.6883 9.35919 11.2614 11.0967 8.96793 11.358 29.0561 9.1187 9.03628 9.24718
threshold=1.0000000180025095e-35 86.500000000000014 1.0000000180025095e-35 4.5000000000000009 30.500000000000004 0.053601648584168347 0.060006858710562418 66722.500000000015 0.057745835684839743 0.038482694423288492 20.500000000000004 1.7948550801356253 0.35416666666666669 2.021577051491406 2.1887928556073262 6.5000000000000009 0.34848484848484856 2.5000000000000004 0.053957099832312651 0.125492125984252 0.058377241740967104 20.500000000000004 14.500000000000002 7.5000000000000009 0.16904761904761909 0.24568965517241384 0.050343962067630442 0.073346462366107895 16.500000000000004 0.046629845167368157
decision_type=2 2 2 2 2 2 2 2 2 2 2 2 2 2 2 2 2 2 2 2 2 2 2 2 2 2 2 2 2 2
left_child=3 2 14 4 6 -3 7 8 9 -1 11 -10 16 -11 -2 -5 -9 -18 -19 -12 -21 22 -20 -24 27 -26 -27 -6 -29 -30
right_child=1 5 -4 15 24 -7 -8 12 10 13 19 -13 -14 -15 -16 -17 17 18 21 20 -22 -23 23 -25 25 26 -28 28 29 -31
leaf_value=-0.0021060077134279708 -1.7729552706577584e-05 -0.0026032157138183207 -0.0099221413782382608 0.0024059764399210304 -0.0033763445850138914 0.0040318444978610264 0.0022379726822824458 -0.0013262068355417624 -0.0026694114013921994 0.0036987943983015597 0.0066836167472784126 -0.017944446979397455 0.11643850877403357 -0.0077539860482730054 -0.047102433857196306 -0.016495223195967704 0.0051673520800397969 0.008507984991912864 0.047561213145839762 0.22023914841778588 0.014457738776036384 -0.027446288275529224 0.074865820608433289 0.23028284945602862 0.010798898049035947 -0.031135520174294225 0.22668608941785148 -0.0010782890371513619 0.068596283912229758 0.015572625010090442
leaf_weight=1415.5462359990925 613.99176713265479 2183.338690161705 1010.3058403357863 6907.5015976689756 4382.6960309389979 938.48510168120265 5751.2143595311791 11635.507547510788 332.57787656411529 4622.1732836198062 114.54791247285903 198.46658050455153 2.0474291630089274 203.30796161480248 11.534829355776308 69.643822794780135 184.05290118232369 12.875126235187055 5.8892721943557245 1.2786625213921063 2.196011733263731 1.8937145546078671 2.3139931075274944 2.2803115397691727 48.206449571996927 2.2345198467373839 2.1387630440294743 84.143426556140184 9.8727277498692256 49.196449106559157
leaf_count=32365 19563 60992 35524 131059 89753 25468 98569 236509 5515 83371 1932 3653 28 4285 451 2315 2430 212 85 22 35 29 32 31 833 38 34 1512 198 842
internal_value=-1.67371e-05 -0.00262282 -0.0064668 0.000327257 -0.000126431 -0.000608579 0.000360751 -0.000215453 0.0013307 0.0020091 -0.00519238 -0.00837813 -0.00111469 0.00321626 -0.00088598 0.00221731 -0.00113501 0.00949373 0.0410267 0.00914194 0.0901843 0.0748533 0.0933323 0.152005 -0.00273213 0.0177983 0.0949527 -0.00297065 0.00944483 0.0244349
internal_weight=40801.5 4757.66 1635.83 36043.8 29066.7 3121.82 24488.2 18737 6890.09 6241.03 649.067 531.044 11846.9 4825.48 625.527 6977.15 11844.8 209.305 25.2524 118.023 3.47467 12.3773 10.4836 4.5943 4578.49 52.5797 4.37328 4525.91 143.213 59.0692
internal_count=837685 141998 55538 695687 562313 86460 469103 370534 131178 120021 11157 9168 239356 87656 20014 133374 239328 2819 389 1989 57 177 148 63 93210 905 72 92305 2552 1040
is_linear=0
shrinkage=0.05


Tree=61
num_leaves=31
num_cat=0
split_feature=11 8 25 10 1 14 18 16 22 0 19 21 21 18 17 16 18 20 20 7 19 20 9 10 17 8 10 16 17 9
split_gain=14.2014 14.2916 14.6666 14.2106 13.911 11.4156 10.8608 10.1896 10.1415 10.9188 15.0997 10.1276 15.6606 21.3157 17.6576 11.4917 10.7716 13.7654 11.5457 10.2151 10.0554 18.8286 18.5337 31.0168 11.7997 12.5361 23.5875 17.4735 16.9656 15.2504
threshold=0.051963024990569533 1.575014178292883 71768.500000000015 0.041030361748253481 1.5000000000000002 21.500000000000004 0.060971360584685989 11.500000000000002 5.5000000000000009 49.500000000000007 0.034524728872175413 0.057189542483660136 0.088932806324110686 0.063473595227042559 0.24264705882352944 7.5000000000000009 0.059276375798114934 0.070986829547623601 0.05584405692694238 104476.00000000001 0.034949766390814437 0.045639037080945799 0.043546802531472049 0.035121984649122813 0.15587044534412958 1.9152194867161694 0.034185831918375091 19.500000000000004 0.046693313953488379 0.05573882498440013
decision_type=2 2 2 2 2 2 2 2 2 2 2 2 2 2 2 2 2 2 2 2 2 2 2 2 2 2 2 2 2 2
left_child=1 4 3 7 5 -1 8 -3 -5 -10 -11 15 13 14 16 -2 17 -13 -18 -14 21 22 23 -21 25 -22 -27 -28 -29 -30
right_child=11 2 -4 6 -6 -7 -8 -9 9 10 -12 12 19 -15 -16 -17 18 -19 -20 20 24 -23 -24 -25 -26 26 27 28 29 -31
leaf_value=-0.0020732954151528381 0.001229188260187706 -0.0074667726237187095 -0.00042650893584685647 -0.00043053152585535118 0.0038534009937505735 0.14989299249117324 -0.0079356860102196974 -0.02593380386645221 -0.0050950206387988589 0.058833287828501848 -0.036775489308471521 -0.014932190728009118 -1.537040494584826e-05 0.28624106932006405 0.18374538798764786 -0.0046160950824178397 0.17254494768712605 0.19983786264018691 0.037669312097164724 0.078906177789948601 0.0089547276946388924 0.0021778211580053496 0.035606384699585047 0.40348985119953495 -0.0037639185221805811 0.29831300929624116 0.026864364392137321 -0.005597365160310089 0.10467858748775766 0.39158606929498374
leaf_weight=1597.1852327529341 14315.314573422074 811.95721140503883 14100.821266992018 3901.3128212913871 2900.8983967434615 1.236748756840824 752.79689710400999 82.265263188630342 714.11297800578177 4.5144905894994727 48.443798083811998 13.406904323026545 360.33707952685654 0.88293764367699523 1.8850174881517876 893.30724392458797 1.9952330589294414 0.79003908857703287 7.7489852979779243 1.8957176171243184 121.59729951620102 8.0757767111062986 3.3779350146651268 1.2031188011169431 95.165331833064556 0.85296876356005569 53.344680845737457 1.0768471732735627 0.9543267600238321 0.89993153139948845
leaf_count=28460 279796 25096 267503 102982 52127 32 18476 3119 18064 133 1267 354 6002 16 27 29247 43 15 176 38 2030 150 63 22 1452 16 909 29 22 19
internal_value=-1.63867e-05 -0.00076121 -0.00132337 -0.00332585 0.00178966 -0.00195571 -0.00236258 -0.00916567 -0.00146389 -0.00671954 -0.0286252 0.00115193 0.00714262 0.0446644 0.0364055 0.000885854 0.0248046 -0.00298055 0.0652865 0.00559792 0.0126103 0.0531105 0.116618 0.204925 0.0104584 0.0180313 0.0373506 0.0333952 0.152253 0.243924
internal_weight=40799.7 24915.5 20416.2 6315.4 4499.32 1598.42 5421.18 894.222 4668.38 767.071 52.9583 15884.1 675.49 26.7091 25.8262 15208.6 23.9412 14.1969 9.74422 648.781 288.444 14.5525 6.47677 3.09884 273.891 178.726 57.1288 56.2758 2.93111 1.85426
internal_count=837685 517259 436640 169137 80619 28492 140922 28215 122446 19464 1400 320426 11383 631 615 309043 588 369 219 10752 4750 273 123 60 4477 3025 995 979 70 41
is_linear=0
shrinkage=0.05


Tree=62
num_leaves=31
num_cat=0
split_feature=20 16 25 24 24 8 21 21 21 3 17 16 7 7 20 9 3 3 25 18 14 20 20 10 19 19 21 24 10 25
split_gain=13.4317 12.9443 12.2849 16.9152 13.4087 11.0484 14.2228 10.8903 10.8444 10.2168 9.96739 9.59873 9.44811 14.1335 13.8174 12.836 9.97507 10.3275 14.0098 23.2666 23.4447 21.1442 17.1121 29.1497 16.4167 10.0789 9.22061 13.7009 9.20996 8.89006
threshold=0.03132570101211217 4.5000000000000009 222203.50000000003 18.500000000000004 21.500000000000004 1.8282602472305853 0.059714795008912663 0.051432940262870375 0.069047619047619066 2.5000000000000004 0.028991596638655467 10.500000000000002 87597.000000000015 92723.500000000015 0.061933203649415063 0.04522953066118534 2.5000000000000004 1.5000000000000002 135.50000000000003 0.055746186081551942 1.0000000180025095e-35 0.057605613730168863 0.049397240377632538 0.055468732830466973 0.05927925251160273 0.037571696038515269 0.15587044534412958 14.500000000000002 0.034185831918375091 21239.500000000004
decision_type=2 2 2 2 2 2 2 2 2 2 2 2 2 2 2 2 2 2 2 2 2 2 2 2 2 2 2 2 2 2
left_child=28 5 10 -4 7 9 29 -5 -8 -2 11 -3 -10 14 15 -14 17 -15 19 -19 -21 -22 23 25 -23 -20 27 -24 -1 -7
right_child=1 2 3 4 -6 6 8 -9 12 -11 -12 -13 13 16 -16 -17 -18 18 22 20 21 24 26 -25 -26 -27 -28 -29 -30 -31
leaf_value=-0.010645842643998534 0.0014585217634997798 -0.0022778878253984641 -0.007922539977142231 0.12435154557195667 0.030511343553690885 -0.0036459864932515615 0.12577191715093433 0.38072932030406592 -0.00044588227562499839 -0.0065604559344554355 0.0009343860537327711 -0.0084985778323296429 0.022518044592043946 0.0070780639548707475 -0.054020247786398183 0.16417218403299208 -0.035561392319950466 0.0051075195968155714 0.15058248520492201 0.011422705664152568 0.3320429074460165 0.24624076116204441 0.17384172579075274 0.28711386412218398 -0.013452041040470051 0.012939331296917446 0.0027244818874115895 -0.02260030118733735 -0.0022625644085821524 -0.00025845735832832228
leaf_weight=421.47628754749894 19173.002422470599 2113.6867903731763 3.3933372199535361 0.84926301240921043 1.2106309402734039 2307.0738624650985 1.941259380429982 0.80857128649950027 216.72591334395111 405.60834461078048 1461.98724841699 877.59321353211999 2.6168521195650083 181.8035075366497 1.6088677048683164 4.1124718450009823 10.799824371933935 5.9137601070106012 1.7106980346143226 2.2827814072370529 1.9438742473721502 1.1683641076087954 1.9795427508652204 1.4624098464846609 1.2701326198875902 5.9759124554693699 48.907459450885653 1.6091160103678701 1471.2253925949335 12066.61026731506
leaf_count=11219 348766 66427 89 21 32 59914 30 21 3242 7676 37675 30591 42 2622 25 57 163 97 27 32 34 21 34 19 26 93 682 26 34070 233912
internal_value=-1.61912e-05 0.00018391 -0.0023508 0.0676336 0.157015 0.000512064 -0.000515531 0.249394 0.00782776 0.00129239 -0.00244921 -0.00410294 0.00736229 0.0135122 0.077615 0.109087 0.011509 0.0134945 0.0292109 0.0772994 0.141353 0.209034 0.0193983 0.082501 0.110975 0.0435726 0.00840078 0.0857592 -0.00412939 -0.000802179
internal_weight=40798.4 38905.7 4459.53 6.2618 2.86847 34446.1 14867.5 1.65783 493.833 19578.6 4453.27 2991.28 491.891 275.166 8.33819 6.72932 266.827 256.028 74.2241 12.5789 6.66515 4.38237 61.6451 9.14902 2.4385 7.68661 52.4961 3.58866 1892.7 14373.7
internal_count=837685 792396 134856 163 74 657540 301098 42 7272 356442 134693 97018 7242 4000 124 99 3876 3713 1091 210 113 81 881 139 47 120 742 60 45289 293826
is_linear=0
shrinkage=0.05


Tree=63
num_leaves=31
num_cat=0
split_feature=11 8 2 14 22 14 2 19 24 18 18 10 20 21 19 7 9 1 20 8 4 10 9 8 8 10 18 18 16 10
split_gain=12.981 13.3652 13.4584 13.1042 10.1922 11.195 10.1507 13.3653 10.9107 12.0353 22.7817 13.7448 11.0845 18.0555 10.7502 10.6293 12.2862 10.4684 12.1407 10.5115 10.3313 9.93428 9.08607 16.6189 9.03443 8.93624 10.3398 10.8237 9.64245 9.25379
threshold=0.051963024990569533 1.2206001792295977 1.5000000000000002 1.0000000180025095e-35 3.5000000000000004 6.5000000000000009 4.5000000000000009 0.040217281710022187 21.500000000000004 0.056570434912680913 0.055225313631774769 0.055777058832825736 0.059413115224565945 0.051432940262870375 0.066683383483784706 144815.50000000003 0.05573882498440013 1.5000000000000002 0.054090026139715593 1.8382827596129274 1.5000000000000002 0.056809299350987739 0.07772384034519958 1.8023984420214438 1.6580773927781713 0.038955157161678904 0.16843971631205676 0.029764022709751526 40.500000000000007 0.039732617135141042
decision_type=2 2 2 2 2 2 2 2 2 2 2 2 2 2 2 2 2 2 2 2 2 2 2 2 2 2 2 2 2 2
left_child=1 -1 -3 6 5 24 7 20 -8 10 12 15 -10 -14 21 17 -17 -12 19 -19 -4 22 -15 -24 -5 26 27 28 -2 -27
right_child=25 2 3 4 -6 -7 8 -9 9 -11 11 -13 13 14 -16 16 -18 18 -20 -21 -22 -23 23 -25 -26 29 -28 -29 -30 -31
leaf_value=0.0047611444828285056 0.002124957900721456 0.0019669824716876355 0.0087542335899609223 0.0035671224585850691 -0.0060704941766741155 -0.010444950559167651 0.00067482941910543097 -0.00052054696103081546 0.0069799295630228637 -0.0011040152371172777 -0.053258997505952102 0.031800249054667919 -0.037602899879750462 0.028641590111451135 0.17442894569885081 0.31329046744468564 0.10299880784306599 0.25906689925957926 0.0052850382389190613 0.065917573453859443 -0.0058242104231658789 0.1686207127351928 0.25583147046178495 0.012197567180693553 -0.0023954261114525837 0.012443783452081733 0.12072606003558524 -0.00481195497988235 0.16305360050255452 0.0014228943208624404
leaf_weight=1061.4267617240548 901.11379528231919 3346.0876828301698 129.35565080307424 828.092175161466 2243.4468519426882 344.66502243094146 3263.0760372895747 8535.9912662357092 189.58915621973574 165.28594407252967 1.2302408553659931 11.729165922850369 6.5229357257485381 22.610498748719703 1.7555471993982781 1.2291971966624262 1.5969048403203485 1.599920526146889 1.6998184211552141 1.2584713399410246 2007.9083652719855 1.5744474828243245 1.2919046394526952 1.5276009850203989 2728.7267866600305 193.20022379979491 1.7194718755781639 1322.7287268023938 0.93177157640457053 13477.719038963318
leaf_count=16830 21314 67538 2731 19718 59339 11862 60261 154299 3789 2811 22 197 129 414 30 25 26 27 28 22 43783 25 20 27 73306 4514 28 32605 33 261932
internal_value=-1.59599e-05 -0.000728618 -0.00097306 -0.00145314 -0.00338513 -0.00184098 -0.000625641 -0.00140589 0.00164131 0.00932389 0.0163528 0.0670216 0.0117688 0.0375016 0.0545357 0.114977 0.194464 0.0761696 0.111102 0.174029 -0.00494187 0.0467415 0.0391956 0.123831 -0.00100724 0.00110024 -0.00183722 -0.00193195 0.00229119 0.00157864
internal_weight=40796.7 24899.3 23837.9 20491.8 6144.93 3901.48 14346.8 10673.3 3673.58 410.502 245.216 20.3437 224.872 35.2829 28.76 8.61455 2.8261 5.78845 4.55821 2.85839 2137.26 27.0045 25.43 2.81951 3556.82 15897.4 2226.49 2224.77 902.046 13670.9
internal_count=837685 517259 500429 432891 164225 104886 268666 200813 67853 7592 4781 347 4434 645 516 150 51 99 77 49 46514 486 461 47 93024 320426 53980 53952 21347 266446
is_linear=0
shrinkage=0.05


Tree=64
num_leaves=31
num_cat=0
split_feature=9 10 2 2 11 7 20 8 24 25 22 18 13 7 18 8 19 16 24 1 14 25 8 22 12 22 20 8 7 10
split_gain=12.6943 12.5783 10.5348 10.3993 10.4323 10.0294 10.4287 9.79425 16.8951 15.9615 15.8815 15.9918 10.8426 10.4351 15.4619 25.6104 9.41598 11.0688 12.8961 19.9117 17.4394 10.3287 9.8751 13.5941 8.86733 9.68291 10.0448 18.1665 12.0595 11.4924
threshold=0.037826481944129013 0.083472686733556303 4.5000000000000009 1.5000000000000002 0.051963024990569533 248802.50000000003 0.014134452102687047 1.3071536191976747 2.5000000000000004 158.50000000000003 5.5000000000000009 0.046865782487780221 0.45000000000000007 176000.50000000003 0.16843971631205676 1.8141450075891503 0.071556579621095753 16.500000000000004 15.500000000000002 1.5000000000000002 8.5000000000000018 25.500000000000004 2.1328256086649078 2.5000000000000004 1.0000000180025095e-35 4.5000000000000009 0.0499194627147923 1.6468130175846498 34755.500000000007 1.0000000180025095e-35
decision_type=2 2 2 2 2 2 2 2 2 2 2 2 2 2 2 2 2 2 2 2 2 2 2 2 2 2 2 2 2 2
left_child=1 2 5 -2 24 7 -7 8 9 10 11 -1 -10 -9 -15 -16 -6 21 -19 -20 -21 22 -18 -24 25 -5 28 -28 -27 -30
right_child=3 -3 -4 4 16 6 -8 13 12 -11 -12 -13 -14 14 15 -17 17 18 19 20 -22 -23 23 -25 -26 26 27 -29 29 -31
leaf_value=0.31438587895503639 0.0030685879891681738 0.0080164229871952826 0.0010984926082055742 0.00051115399517483596 0.0017374949290777043 0.14430373324036685 -0.016210606440498668 -0.0038008267219110737 0.00062241126534798763 0.02569815831550027 -0.052617344991255026 0.078649596078861017 0.1158280843133678 0.00052467541942359682 -0.015520397366026357 0.21361253652317114 0.011400873636396526 -0.012304361950344525 0.31654654131593618 -0.052367539760109078 0.18167547980416124 -0.0065422208191639316 0.21097322268185539 0.0049940858781562583 -0.0039109336459568185 0.0045409636698802323 0.0089500959629723008 -0.0027994752053532861 0.022020086734692176 -0.0090735121331721943
leaf_weight=1.3636082950979469 3496.956561524421 335.32156677916646 2364.9754826966673 10648.56525122188 10272.168679328635 1.0184689555317152 157.05558382347226 5786.2360364459455 266.90807477198541 40.353821026161313 0.88005168363451947 1.5228667482733724 2.0580808073282233 1557.601141281426 2.6641316656023255 2.248951917514205 44.921980671584606 3.7798131350427857 0.94870371744036663 1.7230005934834483 1.4792961236089466 651.59599832631648 1.5157189592719071 1.6987814698368309 1845.0522680170834 224.60044260881841 415.14390973374248 1585.0245332121849 30.583538426086307 1049.2956622987986
leaf_count=35 66837 6277 53762 200359 196997 28 3679 139528 4610 669 20 35 33 37187 51 43 906 111 27 45 35 11088 31 36 54684 4221 6744 28868 568 20171
internal_value=-1.5664e-05 -0.0015119 -0.00182561 0.00050426 0.000169383 -0.00270994 -0.0151764 -0.00245274 0.00620817 0.0348861 0.133323 0.190014 0.00150394 -0.00282173 0.000804019 0.0893646 0.00135318 -0.00422539 0.0545118 0.115353 0.0557483 -0.00489112 0.0174589 0.102119 -0.000653358 -0.000222604 -0.00258699 -0.000360799 -0.00600043 -0.0081929
internal_weight=40795.3 10520.2 10184.9 30275.1 26778.1 7819.91 158.074 7661.84 313.087 44.1203 3.76653 2.88648 268.966 7348.75 1562.51 4.91308 10979.8 707.663 7.93081 4.151 3.2023 699.732 48.1365 3.2145 15798.3 13953.2 3304.65 2000.17 1304.48 1079.88
internal_count=837685 245957 239680 591728 524891 185918 3707 182211 5402 759 90 70 4643 176809 37281 94 209276 12279 218 107 80 12061 973 67 315615 260931 60572 35612 24960 20739
is_linear=0
shrinkage=0.05


Tree=65
num_leaves=31
num_cat=0
split_feature=21 14 6 22 9 20 17 8 3 20 9 16 7 7 25 9 19 25 10 11 9 16 20 7 10 2 8 20 9 18
split_gain=11.9474 15.4172 13.8044 12.5373 17.9606 18.1652 18.3968 12.0142 12.2599 11.9877 11.9481 24.9281 11.8479 11.9986 11.759 15.1569 11.4709 11.4142 17.732 11.3229 11.0458 11.623 10.5678 12.3359 13.1677 10.1115 13.6847 12.5253 9.91983 10.3059
threshold=0.41428571428571431 4.5000000000000009 1.0000000180025095e-35 4.5000000000000009 0.0330042793230889 0.050168023074089317 0.19677419354838713 1.8398049952482287 2.5000000000000004 0.073346462366107895 0.12034482758620692 5.5000000000000009 82762.500000000015 167229.50000000003 50.500000000000007 0.076739050423260971 0.057214185487044662 131271.00000000003 0.083472686733556303 0.053601648584168347 0.25462962962962971 14.500000000000002 0.041484042382918793 20452.000000000004 0.066720955483170488 4.5000000000000009 1.9583904748318133 0.057605613730168863 0.12933094384707292 0.16843971631205676
decision_type=2 2 2 2 2 2 2 2 2 2 2 2 2 2 2 2 2 2 2 2 2 2 2 2 2 2 2 2 2 2
left_child=1 7 3 14 5 12 -7 8 -1 17 -11 -12 -5 -14 15 -2 -17 18 19 -9 21 -4 -3 24 -24 -6 27 -27 29 -21
right_child=2 22 20 4 25 6 -8 9 -10 10 11 -13 13 -15 -16 16 -18 -19 -20 28 -22 -23 23 -25 -26 26 -28 -29 -30 -31
leaf_value=0.00095814119585965914 0.024553498196555452 -0.01431950480345979 -0.0005766840248674004 -0.038396348993766233 0.0092333472944706504 0.22213391009423544 0.026785000512290894 -0.0054643714081287764 -0.0069757103067885047 0.0048039855414710106 0.027062531868449997 0.24750993410633601 0.14074261597858737 -0.024746746667728591 0.0040918005607154693 0.21080601242643124 0.034586549502659623 -0.00025980296796434968 0.020057671515688064 0.0001851331347966423 0.05204838050981575 0.044496014812680562 0.0047386939656834624 -0.0048720006073278187 0.06041818168416805 -0.017189960358341305 0.16611711488879433 0.098427909607837427 -0.01941285552053449 0.14204981692205493
leaf_weight=22753.552946290001 25.837558221071962 240.13646198250353 561.70326729863882 3.114815302193163 41.473094295710325 3.5862914100289336 1.8152295611798761 3056.4489335063845 497.5674205571413 380.12738684564829 32.825066296383739 1.3345239013433445 3.3153490386903286 1.63567254319787 175.79409316927195 2.0721854157745834 1.6659164167940614 9431.457388876006 80.391249589622021 1708.6332582142204 10.612748499959705 14.67684870585799 233.66804387979209 1439.8939529489726 11.123927967622874 5.2802746742963773 2.4749436751008025 4.2103017419576645 66.352412911131978 1.2811557129025448
leaf_count=438112 362 8413 7906 44 482 43 23 80110 9978 7438 545 35 43 22 2380 30 21 180900 1750 41882 92 237 7529 47252 328 68 29 50 1555 26
internal_value=-1.54303e-05 -0.000140946 0.00581795 0.0151232 0.0339208 0.0855248 0.156485 8.01312e-05 0.000788359 -0.00103561 0.00734941 0.0356748 0.0380042 0.0860698 0.0089992 0.0381682 0.132272 -0.00127778 -0.00323194 -0.00361936 0.00150174 0.00057104 -0.00450661 -0.00310788 0.0072689 0.0209158 0.0614076 0.0341016 -0.000444628 0.000291425
internal_weight=40794.1 39934.8 859.269 272.276 66.906 13.4674 5.40152 38010 23251.1 14758.9 414.287 34.1596 8.06584 4.95102 205.37 29.5757 3.7381 14344.6 4913.11 4832.72 586.993 576.38 1924.82 1684.69 244.792 53.4386 11.9655 9.49058 1776.27 1709.91
internal_count=837685 825853 11832 3597 804 175 66 762331 448090 314241 8018 580 109 65 2793 413 51 306223 125323 123573 8235 8143 63522 55109 7857 629 147 118 43463 41908
is_linear=0
shrinkage=0.05


Tree=66
num_leaves=31
num_cat=0
split_feature=20 25 17 19 7 10 22 15 25 24 10 18 8 8 8 14 18 8 24 11 20 10 11 10 7 8 24 24 11 8
split_gain=11.5094 10.6699 12.3385 10.5874 11.5404 9.02273 12.2724 17.7291 13.7795 8.90597 8.52325 12.6465 10.5387 25.2394 10.1053 27.9313 11.7209 8.66589 9.8756 9.9844 8.77292 13.4805 8.2794 8.24406 8.60917 8.22104 8.17302 10.0536 11.5693 11.5221
threshold=0.03132570101211217 786214.00000000012 0.34313725490196084 0.036737953967529512 246849.00000000003 1.0000000180025095e-35 1.0000000180025095e-35 0.46428571428571436 185040.50000000003 22.500000000000004 0.053432650068696137 0.026170400584439309 1.8023984420214438 1.9371365741041584 1.8747296645150644 10.500000000000002 0.095311355311355331 1.8624998421515027 13.500000000000002 0.050303548014050625 0.03660770124184759 0.056695765719280151 0.051963024990569533 0.034185831918375091 18968.000000000004 1.9734170564399922 19.500000000000004 8.5000000000000018 0.050260215400075865 1.125557420482757
decision_type=2 2 2 2 2 2 2 2 2 2 2 2 2 2 2 2 2 2 2 2 2 2 2 2 2 2 2 2 2 2
left_child=23 2 3 -2 -5 6 7 -4 25 -7 11 12 -6 -14 17 16 -16 20 19 -19 21 -12 -18 24 -1 -8 27 28 29 -3
right_child=1 26 5 4 10 9 8 -9 -10 -11 14 -13 13 -15 15 -17 22 18 -20 -21 -22 -23 -24 -25 -26 -27 -28 -29 -30 -31
leaf_value=0.012102514925028923 -0.0038224852155960744 0.017240619679625986 0.25741611026342109 -0.00022523382542652439 0.0012446412678048667 0.0053133165886305907 -0.017258875357884351 0.033455729280951765 0.13875807526025932 -0.014627029227824054 0.22921496665210062 -0.019181019261707736 0.35116993438770649 0.013461649429846886 -0.024593607515366767 0.24248293874494734 -0.010895144565818679 0.20861732034974342 -0.0029527330508073574 0.050718499742381254 0.00040230588011358985 -0.012841620488984476 0.17069544416558191 -0.0020717702714016599 -0.012385486579778384 0.091153434664759489 0.0028386703853243264 -0.0011427927983878557 0.002567445218890916 -0.0023315163919789147
leaf_weight=39.678260892629623 2728.0304899811745 77.975271049886942 1.4440766386687784 15400.937562817708 3.7118052970618001 920.30673407763243 10.98022301122546 2.2769987881183624 2.0734499357640734 59.623628616333008 1.0646405331790441 176.48254716768861 0.86745017394423518 1.5275663565844295 73.272652331739664 1.019771510735153 1.1874272711575025 1.5310370698571185 4.0132046900689602 2.8927826695144176 156.02574647963047 1.2511344123631714 1.3316273707896469 1465.8261451758444 376.10595552437007 2.0799189619719973 4612.1760415658355 6028.7144858464599 6528.1951757743955 2109.7147954441607
leaf_count=1065 74686 1027 21 355049 84 14174 181 34 31 906 25 4473 22 44 1698 34 25 34 86 59 3402 27 24 34070 10154 39 80088 106190 112582 37351
internal_value=-1.51902e-05 0.000169497 -0.000654288 -0.000945687 -0.00044983 0.00475925 0.0390195 0.12037 0.0190169 0.00410005 -0.00856612 -0.0167332 0.0540061 0.135776 -0.00244424 -0.0174505 -0.0209479 0.00446702 0.0538423 0.105366 0.00183613 0.09844 0.0850976 -0.00383443 -0.0100486 6.54333e-06 0.00100167 0.000427053 0.0015129 -0.00163391
internal_weight=40792.3 38910.7 19553.9 18555.1 15827.1 998.785 18.8547 3.72108 15.1336 979.93 426.179 182.589 6.10682 2.39502 243.59 76.8115 75.7917 166.779 8.43702 4.42382 158.342 2.31577 2.51905 1881.61 415.784 13.0601 19356.8 14744.6 8715.89 2187.69
internal_count=837685 792396 455158 439772 365086 15386 306 55 251 15080 10037 4623 150 66 5414 1781 1747 3633 179 93 3454 52 49 45289 11219 220 337238 257150 150960 38378
is_linear=0
shrinkage=0.05


Tree=67
num_leaves=31
num_cat=0
split_feature=9 10 2 2 11 25 24 19 7 20 22 25 19 17 10 10 11 19 18 4 19 19 11 7 20 16 19 10 20 7
split_gain=11.1251 10.9111 9.56664 9.2615 9.18089 9.05741 17.9864 8.77349 8.60726 10.4286 14.6445 23.1892 8.25481 12.9496 20.9012 16.0715 19.038 13.9866 11.7909 14.9747 17.787 24.4668 15.4358 17.0047 13.6318 27.7969 14.3118 12.4191 12.1266 16.6391
threshold=0.037826481944129013 0.083472686733556303 4.5000000000000009 1.5000000000000002 0.051963024990569533 520.50000000000011 10.500000000000002 0.063152701685145293 246120.50000000003 0.049803725299460817 1.5000000000000002 142300.00000000003 0.04870411806884227 0.10912698412698414 0.044606990987135949 0.042029424382365572 0.050260215400075865 0.062554347826086973 0.047716612097576987 1.5000000000000002 0.054706890019872882 0.052879089301503097 0.051963024990569533 126930.00000000001 0.059315053192974622 7.5000000000000009 0.053128603432619742 0.05325138309541548 0.07151380838731676 105623.00000000001
decision_type=2 2 2 2 2 2 2 2 2 2 2 2 2 2 2 2 2 2 2 2 2 2 2 2 2 2 2 2 2 2
left_child=1 2 5 -2 -5 6 -1 -6 -9 10 11 -10 -4 17 15 -15 -17 18 19 20 21 22 -14 -24 -21 26 28 -20 29 -26
right_child=3 -3 12 4 7 -7 -8 8 9 -11 -12 -13 13 14 -16 16 -18 -19 27 24 -22 -23 23 -25 25 -27 -28 -29 -30 -31
leaf_value=-5.651903589458529e-05 0.0028872677879198116 0.0074144519496470414 -0.0020166459072106903 -0.00061773469905294866 0.0017630724574867166 -0.0018614485012875331 -0.012789379272055236 -0.0035316402946634485 -0.00084690717482999102 0.0058737021820144866 0.032224501163366677 0.32960925573599109 0.032608385445137521 0.053544476862650958 0.012286284437004852 0.34885320365935407 0.077558091134929563 -0.0050238746367323589 -0.01143157696275808 0.0094679929651865745 -0.018157058115631942 0.29314029002442249 0.045112540042266801 0.33223948607861509 0.033287563942628183 0.32647270999708478 -0.022603429457572505 0.0066980181230727204 -0.052435462090041018 0.20175884467017974
leaf_weight=528.80659280158579 3507.3445669766515 338.44008015654981 1129.481399666518 15786.755470210686 9775.7528756987303 6684.3523340951651 583.27046012319624 1177.7515432853252 0.96890949085354661 32.828075030818582 7.5973274055868387 1.1743047237396238 6.4465467967092973 9.8322761263698322 64.214155651628971 1.120543967932462 1.5290942154824732 397.45581672340631 120.45586553402245 176.67183798924088 4.3524431716650716 1.4463439323008049 1.0236496571451428 1.0390994865447281 2.9126699212938512 0.92593524046242315 4.9998655896633863 437.72980460897088 1.2686126753687856 2.9499950762838125
leaf_count=16602 66837 6277 27141 315615 187818 150972 18344 20699 23 579 138 19 141 199 1253 24 29 8375 2772 4119 98 32 23 23 65 33 111 9226 30 68
internal_value=-1.49251e-05 -0.00141736 -0.00171149 0.000471257 0.000154869 -0.00255657 -0.00673474 0.00126407 -0.00273331 0.0193542 0.0647871 0.180216 0.0010734 0.00389629 0.0237941 0.0829971 0.19229 0.00258033 0.0065455 0.0168313 0.0661567 0.103017 0.0707016 0.189751 0.0131115 0.0624107 0.0422556 0.00278567 0.0877294 0.118059
internal_weight=40790.9 10500.7 10162.3 30290.2 26782.8 7796.43 1112.08 10996.1 1220.32 42.5686 9.74054 2.14321 2365.86 1236.37 76.6961 12.4819 2.64964 1159.68 762.223 204.037 14.3081 9.95564 8.5093 2.06275 189.729 13.0571 12.1311 558.186 7.13128 5.86266
internal_count=837685 245957 239680 591728 524891 185918 34946 209276 21458 759 180 42 53762 26621 1505 252 53 25116 16741 4743 317 219 187 46 4426 307 274 11998 163 133
is_linear=0
shrinkage=0.05


Tree=68
num_leaves=31
num_cat=0
split_feature=21 8 25 10 20 25 18 3 7 1 21 25 3 17 18 17 6 9 9 24 19 0 7 8 18 14 7 8 6 9
split_gain=10.6129 13.6772 14.1892 15.9068 14.3379 18.5109 12.269 18.8623 13.5728 12.1594 15.6155 11.5024 11.459 10.8622 9.47181 9.42428 11.5758 9.16212 9.06756 27.8974 12.542 9.53964 8.92441 8.65129 8.51621 9.16069 32.2962 11.6224 9.47516 9.97164
threshold=0.059714795008912663 1.8398049952482287 134101.00000000003 0.085592185592185607 0.072762103796586569 52083.500000000007 0.041542359183949565 1.5000000000000002 194559.50000000003 1.5000000000000002 0.051432940262870375 113159.00000000001 2.5000000000000004 0.037749287749287756 0.035422045219202732 0.40833333333333338 3.5000000000000004 0.34313725490196084 0.025677655677655679 7.5000000000000009 0.057157222142993118 1.5000000000000002 133627.50000000003 1.50397243669784 0.04417123236676259 3.5000000000000004 59083.500000000007 1.8747296645150644 1.0000000180025095e-35 0.061591148577449954
decision_type=2 2 2 2 2 2 2 2 2 2 2 2 2 2 2 2 2 2 2 2 2 2 2 2 2 2 2 2 2 2
left_child=1 12 3 4 -3 6 7 8 9 10 14 24 15 17 -6 -1 -17 -2 19 20 22 -20 -18 -21 -7 27 -27 -26 -29 -30
right_child=13 2 -4 -5 5 11 -8 -9 -10 -11 -12 -13 -14 -15 -16 16 18 -19 21 23 -22 -23 -24 -25 25 26 -28 28 29 -31
leaf_value=0.00057935242823756508 0.0074748694905179634 -0.0041956239941021815 -0.00020792234949348838 0.018637448865241678 -0.051601762994871875 -0.024763122338890074 -0.0038761015380947561 -0.051763116451066044 0.29935162230093548 -0.051658426371413262 0.29525809398644504 -0.019608010790032011 -0.0068098502750593539 -0.00015361280952822101 0.17084094849090561 0.0045836221334517669 0.20477991679363933 0.069150213283055234 -0.0056192094749157812 0.11313723112892921 0.3062370952346789 0.036754908443650834 0.022107888767513337 -0.023911402034114782 -0.016536818966931592 -0.052073551823361319 0.40489610283020322 0.01617926323983079 0.10467684378513618 0.031779941828703008
leaf_weight=23076.453908810392 828.53048822656274 5200.2901509217918 9624.8838058914989 80.663617257028818 1.0245913565158833 3.6593834999948731 112.45916623994708 2.4351332113146782 0.85454930923879135 1.2260252851992843 1.0080953780561686 7.4970543980598441 516.27271295338869 830.53144447878003 0.89798714593052875 394.07298814319074 1.3502562977373589 6.0656963363289824 22.721188075840473 1.4870440065860746 1.248830299824476 31.972520377486944 1.3244497142732141 5.1035534702241421 5.52097563445568 0.7803930602967728 0.76632913388311863 7.9682299904525307 13.972605463117363 7.0624306537210932
leaf_count=460910 13409 140838 184154 1811 35 97 2881 78 28 42 30 148 10791 14399 27 6227 20 48 337 19 19 483 23 90 115 21 23 161 291 130
internal_value=-1.48087e-05 -0.00018119 -0.0013621 -0.00340114 -0.00373234 0.0106826 0.000239468 0.062395 0.117868 0.0805582 0.13587 0.0371966 0.000558866 0.00389461 0.0522955 0.000720504 0.00781262 0.00792311 0.0273265 0.0698518 0.175409 0.0191516 0.114325 0.00701104 0.0479155 0.0552887 0.174334 0.0499554 0.0626127 0.080202
internal_weight=40790.1 39125 15073 5448.09 5367.42 167.133 119.906 7.44638 5.01125 4.1567 2.93067 47.2274 24052 1665.13 1.92258 23535.7 459.281 834.596 65.2078 10.5141 3.92354 54.6937 2.67471 6.5906 39.7303 36.071 1.54672 34.5242 29.0033 21.035
internal_count=837685 809829 330910 146756 144945 4107 3121 240 162 134 92 986 478919 27856 62 468128 7218 13457 991 171 62 820 43 109 838 741 44 697 582 421
is_linear=0
shrinkage=0.05


Tree=69
num_leaves=31
num_cat=0
split_feature=20 16 25 24 0 10 19 24 7 8 8 6 17 20 16 7 20 24 11 9 25 20 25 21 8 10 6 16 25 21
split_gain=10.2791 9.64792 10.1509 12.1721 8.97852 9.19053 12.4917 13.4325 13.0766 10.4548 12.5719 12.4966 8.80389 8.78211 8.54925 8.47953 16.4095 11.3061 12.6604 10.3139 12.5088 17.3883 14.6518 8.0618 9.05684 11.4245 18.2617 16.5978 15.0016 19.0267
threshold=0.03132570101211217 4.5000000000000009 222203.50000000003 18.500000000000004 56.500000000000007 0.032993896388019521 0.051574603387958919 22.500000000000004 137670.00000000003 1.4886432771608176 1.5454598162143023 2.5000000000000004 0.028991596638655467 0.078028256219745587 10.500000000000002 1915.5000000000002 0.040595473522302798 16.500000000000004 0.050168168696291163 0.056025176400516845 142.50000000000003 0.049914288384186579 6120.0000000000009 0.12916666666666668 1.8398049952482287 0.072057531272614508 1.0000000180025095e-35 3.5000000000000004 291.50000000000006 0.051432940262870375
decision_type=2 2 2 2 2 2 2 2 2 2 2 2 2 2 2 2 2 2 2 2 2 2 2 2 2 2 2 2 2 2
left_child=-1 4 12 -4 23 6 -6 9 -9 -8 11 -11 14 -7 -3 16 -16 18 -18 20 -20 -22 -23 24 -2 -26 -27 -28 -29 -30
right_child=1 2 3 -5 5 13 7 8 -10 10 -12 -13 -14 -15 15 -17 17 -19 19 -21 21 22 -24 -25 25 26 27 28 29 -31
leaf_value=-0.0036315715428088279 0.0012171146346820385 -0.0019707909442357127 -0.0076128202866922821 0.12707530613083462 0.001287976339964706 -0.003894689054524344 -0.019717359126124965 0.20931213781545588 -0.0075278202958433656 0.034475492018803511 0.026945821402592857 0.27185560096766359 0.0010507446809633848 0.016589024016432478 0.29117535434535541 -0.0084904619724025087 0.28163754282704873 -0.033606820509037523 -0.051447148135492608 -0.051722430239633493 0.34657991467747007 0.23642755595096673 -0.019812135269938982 0.0053168322076901347 -0.00086731843641607998 0.018967793485210101 -0.0028132239215670684 -0.051974632463624861 0.30200801002672367 0.067800135332084802
leaf_weight=1874.0698854830116 19034.403504110873 2100.9305898491293 3.3706924673169842 3.3392264936119318 321.67127354815602 2333.3614478167146 11.829869370907543 1.9069080967456096 1.0942503754049537 1.1434775032103055 35.79918522015214 1.076265327632427 1458.6575212217867 53.526848692446947 0.58350574970245261 852.30519681423903 0.59994529187679102 5.524139229208231 1.2232829499989746 2.0314613915979862 0.75315784290432963 0.86739180423319373 1.563400089740753 910.44232424534857 11298.763530315831 191.69937726855278 279.73811835050583 1.6611751616001118 1.1283136494457719 3.7466076482087374
leaf_count=45289 348871 66427 89 74 7457 46316 196 39 22 22 786 19 37675 936 20 30163 19 179 46 65 24 27 48 12641 231550 3444 5072 50 27 92
internal_value=-1.46255e-05 0.000159561 -0.0020365 0.0594154 0.000441798 -0.00229273 0.00498931 0.0275175 0.13025 0.0213324 0.0341054 0.149572 -0.00212968 -0.00343533 -0.0036936 -0.0078758 0.0319744 0.0199353 0.0619567 0.0414873 0.0844512 0.136664 0.0716232 0.000679843 0.000542824 -0.000547014 0.00702463 -0.00097293 0.0777897 0.122008
internal_weight=40788.8 38914.7 4431.75 6.70992 34483 2761.41 374.521 52.85 3.00116 49.8488 38.0189 2.21974 4425.04 2386.89 2966.38 865.451 13.1463 12.5628 7.03864 6.43869 4.40723 3.18395 2.43079 31721.6 30811.1 11776.7 477.974 286.274 6.5361 4.87492
internal_count=837685 792396 134856 163 657540 55793 8541 1084 61 1023 827 41 134693 47252 97018 30591 428 408 229 210 145 99 75 601747 589106 240235 8685 5241 169 119
is_linear=0
shrinkage=0.05


Tree=70
num_leaves=31
num_cat=0
split_feature=11 8 9 4 20 20 10 9 14 7 17 8 6 24 19 6 7 8 2 19 10 24 19 9 20 14 19 7 9 8
split_gain=10.4064 10.7304 12.2541 12.5668 11.4243 10.3586 25.27 10.8384 13.0389 13.4596 10.2535 13.3359 17.5923 10.0979 9.83464 9.86852 10.3879 9.42899 11.8648 13.4262 11.8845 11.6918 11.0994 16.3338 28.5206 22.2565 15.6072 25.7831 11.0927 10.6915
threshold=0.051963024990569533 1.2206001792295977 0.063027594523657526 1.5000000000000002 0.052016770950567691 0.048198250026024979 0.075790875790875803 0.063297930135274641 1.0000000180025095e-35 167229.50000000003 0.61250000000000016 1.6580773927781713 -1.0000000180025095e-35 16.500000000000004 0.094467108618052034 1.5000000000000002 117373.00000000001 1.7406301415123466 5.5000000000000009 0.071280774020500051 0.11155555555555556 1.0000000180025095e-35 0.10034722222222224 0.033368128044537239 0.066380861454852585 1.5000000000000002 0.081165540540540551 131433.50000000003 0.056025176400516845 1.7237785701453439
decision_type=2 2 2 2 2 2 2 2 2 2 2 2 2 2 2 2 2 2 2 2 2 2 2 2 2 2 2 2 2 2
left_child=1 -1 3 -3 5 6 -4 8 9 13 -6 12 -12 -7 15 16 -8 29 -19 20 -20 -21 23 24 25 26 27 -23 -24 -5
right_child=-2 2 4 17 10 7 14 -9 -10 -11 11 -13 -14 -15 -16 -17 -18 18 19 21 -22 22 28 -25 -26 -27 -28 -29 -30 -31
leaf_value=0.0042444729653827347 0.00098337124481986753 0.0019299404414445465 0.0031764235606783365 -0.0010018031757921938 0.0038376244893995183 -0.029212012246518617 0.3160823013843142 -0.0030935668363911524 -0.052286989767258707 0.20371868714935709 0.2256250544911651 0.019336578228983901 0.025386895101890058 0.15227361281506258 -0.013112573629330507 0.058126729533174486 0.10980470302650427 -0.0031164403927899328 0.0012839329339934813 0.14304040330119433 0.16165954316939368 0.022614565312432486 -0.016415921119538442 0.01668445459349429 0.35641319830527579 0.28962399927621124 -0.018840609741977016 0.32915943930325353 0.10197849629422473 0.0067460603482490866
leaf_weight=1070.0099216420203 15927.157567525283 2424.5790644884109 827.60661622323096 5965.036825556308 1981.4703129362315 2.0745611712336536 1.217057624831795 1807.9140372127295 1.9388984385877845 1.946286831051111 1.9584018215537069 24.289702147245407 2.493531376123431 1.2155422978103159 1.2353019118309019 1.7918899003416298 1.2242668643593786 10039.016058115289 175.55993056669831 2.2853632271289817 1.1628172881901253 1.987650264054537 16.366653947159651 14.999629227444528 0.97693086043000299 1.0246100947260854 4.4212955068796873 1.0474006459116934 2.2504304312169543 481.17641773447394
leaf_count=16830 320426 50234 17321 120231 36128 36 20 35277 50 35 24 320 32 21 20 32 20 226190 3745 36 21 40 325 275 19 30 92 22 39 9794
internal_value=-1.44208e-05 -0.000653673 -0.000873976 -0.00143393 0.00142573 -0.000731596 0.00388429 -0.00285016 0.0584797 0.0994937 0.0042677 0.0339176 0.113471 0.0378386 0.111014 0.147235 0.212639 -0.00192209 -0.00286356 0.00856764 0.00233919 0.0328337 0.0269866 0.0491307 0.100588 0.0711197 0.0410941 0.128404 -0.00210442 -0.000423465
internal_weight=40787.4 24860.3 23790.3 19131.9 4658.38 2648.16 833.075 1815.09 7.17529 5.23639 2010.21 28.7416 4.45193 3.2901 5.46852 4.23321 2.44132 16707.3 10261.1 222.083 176.723 45.36 43.0746 24.4575 9.45789 8.48096 7.45635 3.03505 18.6171 6446.21
internal_count=837685 517259 500429 411093 89336 52832 17413 35419 142 92 36504 376 56 57 92 72 40 360859 230834 4644 3766 878 842 478 203 184 154 62 364 130025
is_linear=0
shrinkage=0.05


Tree=71
num_leaves=31
num_cat=0
split_feature=2 19 18 7 19 9 8 7 16 7 19 14 20 7 0 9 10 19 19 8 24 8 24 19 20 10 22 6 13 20
split_gain=9.63522 12.986 12.3915 14.0286 14.3124 12.0066 13.3649 11.5943 13.1817 12.567 15.4196 10.7034 10.2569 25.0107 9.80932 14.177 14.0806 33.2891 28.9013 9.78732 13.4075 9.43963 11.2406 18.8716 13.0337 10.7236 10.2566 9.19471 10.5426 13.4527
threshold=4.5000000000000009 0.036737953967529512 0.085553610020033768 246849.00000000003 0.094467108618052034 0.036862623127049611 2.2111680526818964 202027.00000000003 38.500000000000007 210690.50000000003 0.088365434669443008 9.5000000000000018 0.073346462366107895 154375.00000000003 5.5000000000000009 0.12294197031039138 0.096930786094581903 0.12599206349206352 0.16904761904761909 1.8074647544615787 15.500000000000002 1.3071536191976747 2.5000000000000004 0.043788213234344883 0.057090792782263783 0.047875707731095014 1.0000000180025095e-35 1.5000000000000002 0.45000000000000007 0.049732870165627635
decision_type=2 2 2 2 2 2 2 2 2 2 2 2 2 2 2 2 2 2 2 2 2 2 2 2 2 2 2 2 2 2
left_child=1 -1 3 4 5 21 -7 8 -4 10 -9 27 -13 -14 15 16 18 -18 19 -12 -21 22 23 25 -25 -3 -23 28 -2 -30
right_child=11 2 7 -5 -6 6 -8 9 -10 -11 14 12 13 -15 -16 -17 17 -19 -20 20 -22 26 -24 24 -26 -27 -28 -29 29 -31
leaf_value=-0.0026135523718926407 0.0036428820327012302 0.062756538931764416 0.002609756233592669 -0.0069523671208110323 -0.0073026422406770571 0.00088948504043573915 -0.013971769996833054 -0.0070259982383252921 0.15533388545907839 0.011042735636892426 -0.021469270956896196 -0.022767602058454749 -0.019013717395812847 0.36041131746714927 0.010494064943458128 -0.016788868381967619 0.33968765884366525 0.063610216355392199 0.21543518004093345 0.23790575826530486 -0.0099600872077181633 -0.007791954952535398 0.0045658864550482074 0.0124642246022999 0.17609164970142666 0.23963860814348592 -0.001378685028903305 0.00039920028803398376 0.1019682473522501 0.016929761012100853
leaf_weight=5475.4687818419188 2885.7124356757849 1.722767338156703 709.85045691207051 735.23557446524501 644.96830281056464 20103.092451673001 152.43171616457403 9.6903810910880583 1.4156680032610882 155.50840176455677 4.6485270708799415 60.787153819575906 1.5299941170960658 0.60649126581847657 5.4607918653637162 2.7140812911093226 1.9032923579215992 2.5612366516143084 2.5998921003192663 1.0309813208878043 1.1587754376232622 738.39753719978034 131.40025162138045 18.095758315175775 1.3047645576298226 1.704800112172961 4003.8227235991508 4902.5367962047458 5.8055285066366222 23.379567991942167
leaf_count=129545 57231 30 12346 15236 12071 387371 3381 172 30 2639 77 2217 51 19 93 45 30 44 44 20 22 17400 2201 286 21 28 94682 99821 117 415
internal_value=-1.42814e-05 -0.000390358 5.34155e-05 -0.000142152 5.19454e-05 0.000240538 0.000777648 0.00582813 0.00291373 0.0168969 0.0455535 0.00155611 -0.018983 0.0886949 0.068632 0.0877379 0.108144 0.181306 0.0735357 0.019586 0.10674 -0.00198137 0.0101921 0.0425773 0.0234688 0.150734 -0.00237728 0.00172143 0.00394528 0.0338457
internal_weight=40786.5 32906.2 27430.7 26532.2 25796.9 25152 20255.5 898.542 711.266 187.276 31.768 7880.36 62.9236 2.13649 22.0776 16.6168 13.9027 4.46453 9.43818 6.83828 2.18976 4896.45 154.228 22.8281 19.4005 3.42757 4742.22 7817.43 2914.9 29.1851
internal_count=837685 677814 548269 532707 517471 505400 390752 15562 12376 3186 547 159871 2287 70 375 282 237 74 163 119 42 114648 2566 365 307 58 112082 157584 57763 532
is_linear=0
shrinkage=0.05


Tree=72
num_leaves=31
num_cat=0
split_feature=11 8 9 4 20 20 10 24 24 14 7 25 16 2 8 9 7 10 10 6 11 22 7 21 25 2 19 4 19 0
split_gain=9.5287 9.71233 11.1282 10.9476 10.6553 11.5245 19.9902 11.0567 9.45804 11.8173 10.7305 10.0511 9.67421 9.46767 13.5156 17.0407 8.55465 11.3697 8.42016 13.5998 18.0163 15.9348 8.52568 8.15384 11.119 8.12547 10.0703 9.08015 17.3715 8.93023
threshold=0.051963024990569533 1.3518273169216737 0.064967532467532479 1.5000000000000002 0.052016770950567691 0.047656900598077076 0.075790875790875803 16.500000000000004 19.500000000000004 9.5000000000000018 252965.00000000003 786214.00000000012 49.500000000000007 5.5000000000000009 2.1328256086649078 0.02279924916975502 250774.00000000003 0.048155775262552714 0.042745193576547498 1.5000000000000002 0.050303548014050625 4.5000000000000009 64883.500000000007 0.30384615384615393 786214.00000000012 4.5000000000000009 0.14434523809523811 2.5000000000000004 0.34848484848484856 92.500000000000014
decision_type=2 2 2 2 2 2 2 2 2 2 2 2 2 2 2 2 2 2 2 2 2 2 2 2 2 2 2 2 2 2
left_child=1 -1 3 -3 5 6 7 16 9 -5 11 12 -10 -13 18 -16 -4 -18 -15 20 -20 22 -22 -7 -25 -2 29 28 -28 -27
right_child=25 2 4 8 -6 23 -8 -9 10 -11 -12 13 -14 14 15 -17 17 -19 19 -21 21 -23 -24 24 -26 26 27 -29 -30 -31
leaf_value=0.0030856515103086868 0.00045160925735996126 0.0017453799301733908 -0.0017887627429270152 -0.0023971906157011051 0.0042206511625105586 -0.0035939997620262711 0.094976609595211425 0.011232826289288013 -0.0020411767844019089 -0.018025640069168056 -0.029481538643254031 0.0025654991930113657 0.15668302673217055 -0.019004904818851656 0.01809626331871032 0.27303622474733191 -0.017319938479713758 0.18001518293525964 0.026333953608025085 0.0041101180948866249 0.14206361606078508 0.036419615185920705 0.32302999465808235 0.0057508559499886355 0.071704656459813582 0.0045299515786316894 -0.0045777377528136874 -0.027113490029932925 0.1882906576540111 -0.013311728458488745
leaf_weight=1645.5454297903925 13425.573821702972 2393.7098961733282 452.0304345600307 12367.598194142804 1885.382364500314 1656.3246486149728 6.0382816959172478 291.72642317041755 2040.4191231839359 122.15020181797445 30.123253704980016 1873.975312050432 0.96044741757213969 10.279103398323057 1.4093477725982659 1.2253722697496412 1.4210656844079488 1.5008275453001259 6.8847230672836321 15.616800367832182 1.2766026407480242 1.6689189448952673 1.3277566619217394 30.023965481668711 8.1182457208633405 2389.6272520404309 6.1187290064990512 43.761737214401364 1.4427944049239156 72.255067501217127
leaf_count=26601 271036 49680 9468 266923 34085 32961 92 6127 50365 4384 664 34659 35 193 28 21 33 29 113 259 20 28 22 387 82 46903 107 784 21 1575
internal_value=-1.41509e-05 -0.000626257 -0.000889524 -0.00141425 0.00139568 -0.000780758 0.00436737 0.00363462 -0.00187332 -0.00255004 0.00024754 0.000473969 -0.0019665 0.00307731 0.0272435 0.136665 -0.00123753 0.084041 0.019463 0.0342312 0.0763889 0.157033 0.234324 -0.00306766 0.0197886 0.000940053 0.00354932 -0.0183714 0.032223 0.00400631
internal_weight=40785.5 24846.7 23201.2 18868.6 4332.57 2447.18 752.717 746.679 16474.9 12489.7 3985.17 3955.04 2041.38 1913.66 39.6886 2.63472 454.952 2.92189 37.0539 26.7748 11.158 4.27328 2.60436 1694.47 38.1422 15938.8 2513.21 51.3233 7.56152 2461.88
internal_count=837685 517259 490658 407394 83264 49179 15749 15657 357714 271307 86407 85743 50400 35343 684 49 9530 62 635 442 183 70 42 33430 469 320426 49390 912 128 48478
is_linear=0
shrinkage=0.05


Tree=73
num_leaves=31
num_cat=0
split_feature=20 8 18 0 10 18 10 8 20 7 7 3 19 7 7 24 2 25 19 7 19 10 7 12 3 20 25 8 8 20
split_gain=9.21787 8.86708 11.518 11.0622 10.8546 12.5429 9.99383 8.78738 15.3924 15.2894 13.3056 18.3965 22.1814 11.247 10.2918 24.1407 25.8664 8.7722 8.66019 10.1492 9.03214 12.5179 12.0324 9.42394 9.51437 35.9154 10.4665 11.5314 14.2952 15.6236
threshold=0.03132570101211217 2.1887928556073262 0.077121332275971469 32.500000000000007 0.079629356348212735 0.16843971631205676 0.048632356476180243 2.3224458556717349 0.049914288384186579 128079.50000000001 147873.50000000003 1.0000000180025095e-35 0.04306191874377515 137670.00000000003 18448.500000000004 11.500000000000002 3.5000000000000004 786214.00000000012 0.036737953967529512 246849.00000000003 1.0000000180025095e-35 0.043988527724665397 188652.50000000003 1.0000000180025095e-35 2.5000000000000004 0.050168023074089317 95.500000000000014 1.8382827596129274 1.7935858848371169 0.049914288384186579
decision_type=2 2 2 2 2 2 2 2 2 2 2 2 2 2 2 2 2 2 2 2 2 2 2 2 2 2 2 2 2 2
left_child=-1 17 6 4 -4 -6 7 -3 9 14 11 -11 13 -13 15 16 -9 18 20 -20 21 -2 -22 -23 26 -26 -25 28 -28 -30
right_child=1 2 3 -5 5 -7 -8 8 -10 10 -12 12 -14 -15 -16 -17 -18 -19 19 -21 22 23 -24 24 25 -27 27 -29 29 -31
leaf_value=-0.0034456417204117257 0.0042111177312688921 -0.0061985582135861547 0.0036339413232162397 -0.017875781749465837 0.066395863922171811 -0.017773472266853184 -0.015348238962131697 0.41567738437958335 -0.0054100558359307651 0.038404477708221016 0.038761079664724168 0.45504309265136239 0.0052027657819837137 0.2158735322885463 -0.0042326788594709373 -0.052278909451727341 0.014022464684808153 0.001026143611825109 0.00014365778518794764 -0.0075676806017781753 -0.0083206933560047332 -0.0097344077497589741 0.0023548685390996564 -0.017229515482709432 0.001647610698520248 0.37945781132762169 0.019692901120313071 -0.020142301956196845 0.24468124453925225 0.037041977680513559
leaf_weight=1867.2098471913487 729.58488340117037 426.357442073524 27.338905431330204 19.923042446374893 20.870970752090219 5.6175393164157859 234.08097397722304 0.85473614931106856 66.048141185194254 2.7570322286337641 12.081869730725883 0.78860100917518217 0.86686499416828144 1.3049179278314111 21.863804759457707 1.4836581796407697 0.75482289120554924 18932.908378042281 16013.991015935317 438.37031842023134 1111.5539287626743 389.132632387802 346.13329840824008 37.757033675909042 2.7992177717387672 0.81136027164757241 50.055018525570631 17.322104027494788 1.5173682775348418 2.2482827864587307
leaf_count=45289 19113 10822 548 395 384 101 5099 21 1651 70 307 21 20 32 561 38 21 327734 361713 10248 31903 8583 9708 1263 83 24 1304 518 45 66
internal_value=-1.39165e-05 0.000150734 -0.00492143 0.013954 0.025735 0.0485457 -0.00673109 -0.00296193 0.00972103 0.0330949 0.0684996 0.131342 0.217896 0.305966 0.00784438 0.0932088 0.227316 0.000263036 -0.000491764 -6.18095e-05 -0.00312248 3.06358e-05 -0.00578574 -0.00604942 0.00669563 0.0865482 0.00404811 0.0153406 0.0267607 0.12071
internal_weight=40784.4 38917.2 842.993 73.7505 53.8274 26.4885 769.243 535.162 108.804 42.7563 17.7993 5.71742 2.96038 2.09352 24.957 3.09322 1.60956 38074.2 19141.3 16452.4 2688.92 1231.23 1457.69 501.643 112.51 3.61058 108.9 71.1428 53.8207 3.76565
internal_count=837685 792396 20091 1428 1033 485 18663 13564 2742 1091 450 143 73 53 641 80 42 772305 444571 371961 72610 30999 41611 11886 3303 107 3196 1933 1415 111
is_linear=0
shrinkage=0.05


Tree=74
num_leaves=31
num_cat=0
split_feature=12 25 25 22 21 16 24 8 2 11 7 7 22 7 25 9 9 10 22 12 3 24 9 20 20 0 15 15 24 20
split_gain=8.78947 13.0738 11.48 10.1932 12.1501 11.361 10.8302 9.44631 9.09872 10.4923 13.025 14.8483 18.2382 21.7492 11.4062 12.26 14.0799 14.186 19.1351 14.1897 9.36593 9.60648 9.08385 9.05723 15.8677 14.2954 11.0261 9.19214 9.70682 11.0206
threshold=1.0000000180025095e-35 86.500000000000014 1.0000000180025095e-35 4.5000000000000009 0.059714795008912663 1.5000000000000002 1.5000000000000002 2.1887928556073262 3.5000000000000004 0.051963024990569533 218706.00000000003 205272.50000000003 5.5000000000000009 209054.50000000003 291.50000000000006 0.05606118045856736 0.046164609644087265 0.058101863935576661 1.5000000000000002 1.5000000000000002 1.5000000000000002 15.500000000000002 0.53571428571428581 0.056569086126453637 0.056680684063550403 4.5000000000000009 0.27922077922077926 0.15587044534412958 21.500000000000004 0.062121833424457817
decision_type=2 2 2 2 2 2 2 2 2 2 2 2 2 2 2 2 2 2 2 2 2 2 2 2 2 2 2 2 2 2
left_child=3 2 7 -1 5 -5 -6 -2 9 -3 11 22 14 -14 15 16 -13 18 -18 -20 21 -15 -11 -7 25 -25 27 -26 29 -29
right_child=1 8 -4 4 6 23 -8 -9 -10 10 -12 12 13 20 -16 -17 17 -19 19 -21 -22 -23 -24 24 26 -27 -28 28 -30 -31
leaf_value=0.00072644674966922086 0.00046040092034918453 -0.00084417709943378444 -0.0090424299691146161 -0.0010531843312250192 -0.028107892698529275 -0.011978516323255209 0.011250678445112575 -0.046727471638140339 -0.0032505107457734303 0.0074846165114256296 -0.014067815447470192 0.0046648107964990682 0.34857328782754299 0.24481893270191285 -0.0014588898795641265 -0.051871081815294109 0.056086942748397331 0.015888399362171776 0.19860865344005266 0.46557240079002543 -0.05213314793933338 0.011518381277062487 0.16535184392824731 0.028181007884612832 8.616907019549725e-05 0.29241553743364423 -0.045690520463319208 -0.035939463335308924 0.18243869582000705 0.09937401479871448
leaf_weight=27337.775854814798 608.35543016716838 1077.4519741795957 989.93169914744794 7797.8253423646092 18.662146240472794 442.32730228453875 275.52481495589018 10.793925415724514 1338.7829527109861 585.48234641179442 65.660895990207791 2.6490279510617309 0.99738900922238771 1.008818553760648 12.790635557845233 1.661945881322026 1.3893392607569697 1.4598240032792089 1.3969318922609093 0.77327416278421868 0.93915451131761063 0.78425623103976239 0.9126457255333652 1.2431469466537231 185.97419422492385 0.87015413492918003 12.789420161396263 3.0544493682682505 1.2780723329633472 2.9658454284071922
leaf_count=532070 19563 30185 35524 143053 252 11566 3750 451 37985 15748 1825 81 24 24 332 51 42 33 41 25 25 21 18 31 4556 21 214 73 31 70
internal_value=-1.38253e-05 -0.00204687 -0.00570243 0.00025119 -0.00123493 -0.00158276 0.00875391 -0.000362248 -0.000145823 0.00222207 0.00709551 0.00936519 0.0464507 0.148732 0.029206 0.0712435 0.0979257 0.147145 0.200976 0.293731 0.0757807 0.142778 0.00773032 -0.00793103 0.000669014 0.13698 -0.000728943 0.0022463 0.0572899 0.0307215
internal_weight=40783.5 4703.22 1609.08 36080.3 8742.51 8448.33 294.187 619.149 3094.14 1755.36 677.906 612.246 25.8506 3.72962 22.121 9.33034 7.6684 5.01937 3.55955 2.17021 2.73223 1.79307 586.395 650.503 208.175 2.1133 206.062 193.273 7.29837 6.02029
internal_count=837685 141998 55538 695687 163617 159615 4002 20014 86460 48475 18290 16465 699 94 605 273 222 141 108 66 70 45 15766 16562 4996 52 4944 4730 174 143
is_linear=0
shrinkage=0.05


Tree=75
num_leaves=31
num_cat=0
split_feature=11 0 8 21 14 24 9 8 10 20 16 25 22 8 18 24 22 18 9 9 18 20 18 7 2 0 18 7 18 9
split_gain=8.43411 9.36815 12.1051 11.1049 10.0675 10.2546 9.9435 10.5632 17.3492 9.72491 12.1593 10.711 8.77082 10.7431 10.9555 9.21312 8.05683 17.7214 12.0649 17.4408 10.4797 10.277 8.13944 7.81603 11.5608 13.4611 12.4506 12.1796 10.8397 8.80479
threshold=0.051963024990569533 50.500000000000007 1.125557420482757 0.41428571428571431 3.5000000000000004 1.5000000000000002 0.042049857500261127 2.3836119250524006 0.039732617135141042 0.049914288384186579 16.500000000000004 3291.5000000000005 4.5000000000000009 2.1518185817355966 0.076230831315577105 21.500000000000004 5.5000000000000009 0.063473595227042559 0.0330042793230889 0.020067114093959736 0.056836592771463752 0.06019824599877787 0.056570434912680913 223577.50000000003 1.5000000000000002 15.500000000000002 0.046347434965166197 246849.00000000003 0.0555108771587789 0.051856027391540362
decision_type=2 2 2 2 2 2 2 2 2 2 2 2 2 2 2 2 2 2 2 2 2 2 2 2 2 2 2 2 2 2
left_child=1 2 9 4 12 -6 -3 -8 -9 10 -1 -12 -4 15 -15 -14 -5 18 19 21 22 -18 -20 -11 27 -26 -27 29 -28 -25
right_child=-2 6 3 16 5 -7 7 8 -10 23 11 -13 13 14 -16 -17 17 -19 20 -21 -22 -23 -24 24 25 26 28 -29 -30 -31
leaf_value=-0.0021783725552672619 0.00088332753082448273 -0.0080029543614167069 0.00024523461078439934 0.004270177299030127 -0.017564296139671701 -0.0032980331425054134 -0.0013737299652129527 0.27385015593982781 -0.012715157671269788 0.0086304307363170261 0.020121958922294653 0.19932023001966837 -0.0027455686813498761 -0.023391876786937032 0.026084185325370941 0.0034897937169739105 0.0040658272803557527 0.080600519567949641 0.013818583725317564 0.18035967479076709 -0.02327633558392167 0.14785074179148017 0.10942895373521558 0.24039505654619955 0.0054039334774850997 -0.053844696897486478 0.2254657020463692 -0.004844043149567742 0.071632460974752621 0.087673952619000378
leaf_weight=284.33415191620588 15953.912473862991 826.27974028140306 14889.008843265474 401.3389753010124 139.17665445804596 1326.5609583202749 1559.9451302438974 0.91959874331951086 1.2408410385251043 394.20797992125154 2.0800477806478734 1.3918771576136348 4083.9372816421092 96.887029182165861 12.649565875530241 692.92683104425669 7.7034232802689058 11.054769631475208 26.115888334810737 2.3326500728726378 23.198264010250568 1.4817914105951784 2.433408483862876 1.5287826955318444 28.50302311591804 1.3376094512641419 1.6093515343964098 2.0075487494468689 3.9699424877762794 2.4662244394421577
leaf_count=4366 320426 20122 301085 5516 4617 44132 32218 22 26 5984 59 36 81227 2408 251 13661 113 102 345 30 276 21 31 24 420 21 24 28 57 37
internal_value=-1.36783e-05 -0.000590059 -0.000273206 -0.00048516 -0.000654355 -0.00465266 -0.00356708 -0.00122072 0.109262 0.00608945 -0.00104272 0.0919616 -0.000358004 -0.00219609 -0.0176783 -0.00184107 0.00707046 0.0221924 0.0119863 0.0582678 0.00168509 0.0272617 0.021968 0.0108014 0.0314623 0.0205883 0.0831596 0.0956277 0.116006 0.146116
internal_weight=40782.5 24828.6 22440.2 21716.8 21241.1 1465.74 2388.39 1562.11 2.16044 723.437 287.806 3.47192 19775.4 4886.4 109.537 4776.86 475.659 74.3202 63.2654 11.5179 51.7476 9.18521 28.5493 435.63 41.4225 35.4199 6.9169 6.00256 5.57929 3.99501
internal_count=837685 517259 464871 453815 447381 48749 52388 32266 48 11056 4461 95 398632 97547 2659 94888 6434 918 816 164 652 134 376 6595 611 522 102 89 81 61
is_linear=0
shrinkage=0.05


Tree=76
num_leaves=31
num_cat=0
split_feature=2 10 8 2 14 21 0 17 20 6 9 24 2 18 18 10 7 2 7 11 25 25 19 10 14 21 20 10 14 11
split_gain=8.48236 11.4507 11.1752 14.215 13.2244 11.5237 11.9042 15.8926 14.7526 13.2792 10.38 9.66816 9.77131 9.94152 10.8609 10.7892 15.7445 20.0104 19.2257 36.3363 18.863 12.5737 11.9879 14.4606 9.60808 10.613 9.96115 19.1946 9.39036 9.16239
threshold=4.5000000000000009 0.060006858710562418 1.8398049952482287 1.5000000000000002 1.5000000000000002 0.46428571428571436 -1.0000000180025095e-35 0.12973352033660593 0.059973309230867196 1.0000000180025095e-35 0.13182720953326715 1.0000000180025095e-35 1.0000000180025095e-35 0.016597796143250691 0.041721061792863369 0.046938636650822818 103157.00000000001 3.5000000000000004 47387.500000000007 0.053657989013283586 76771.500000000015 786214.00000000012 0.030521412860654681 0.044232737342724711 7.5000000000000009 0.051432940262870375 0.05315829825851575 0.058957408905250377 9.5000000000000018 0.050303548014050625
decision_type=2 2 2 2 2 2 2 2 2 2 2 2 2 2 2 2 2 2 2 2 2 2 2 2 2 2 2 2 2 2
left_child=1 2 3 10 11 -6 7 -7 -8 -10 -1 12 -4 -14 -15 16 17 18 21 20 -20 -16 -23 -24 25 -12 27 -27 -2 -11
right_child=28 -3 4 -5 5 6 8 -9 9 29 24 -13 13 14 15 -17 -18 -19 19 -21 -22 22 23 -25 -26 26 -28 -29 -30 -31
leaf_value=0.0028199516783753232 0.0016110551601546019 0.0013244357968361772 -0.0240363343323821 -0.00073563488743282404 -0.0077032585135624462 -0.053822803097306728 -0.004633660041561502 0.13518684495910235 0.18982453432179724 0.13260955231712238 -0.022838239710797806 -0.0018896801790520758 0.049667228300063419 -0.0094307277774129949 -0.034663666440059519 0.0067744789574725591 0.0075456270714976768 0.0049516947461438979 0.28570817926838726 0.34023046652260996 0.025317158456840308 -0.052566240462622885 0.25105222995045734 0.049774026110524776 0.16640615303755857 0.035167384526574683 -0.011237665486335717 0.23836477738717915 -0.018046444466399716 -0.011495996294997701
leaf_weight=2445.0282638799399 7831.431883091107 7674.0031937006861 24.377201728522778 13884.21871609427 1326.4656627252698 1.5154615901410569 36.739432312548161 4.1790615580976009 1.8421592824161042 1.6018622852861879 11.727942947298287 7083.8871036283672 14.216112110763786 76.981568031013012 2.8411458451300859 193.30866268649697 27.474233351647854 8.7126528285443783 0.88808855973184098 2.0361895877867937 3.2072417177259922 1.0163338109850881 1.6457893811166289 1.9491973556578157 1.1444637067615975 41.183510476723313 11.686614328995345 1.1959523037075985 61.2276820987463 3.5420742034912109
leaf_count=48176 157584 140293 517 284753 43112 24 625 48 27 24 266 151753 342 1892 72 3802 622 203 24 44 69 22 34 39 33 737 186 18 2287 57
internal_value=-1.34433e-05 -0.000366697 -0.000881389 -0.000109428 -0.0023167 -0.00682002 0.0168867 0.0848864 0.00803081 0.0746325 0.00335176 -0.00148419 0.00652483 0.0087535 0.00693624 0.0121195 0.0328796 0.0640966 0.102032 0.16761 0.081784 0.0480766 0.0990548 0.141919 0.022777 0.0202786 0.0296315 0.0409016 0.00145856 0.0333796
internal_weight=40781.3 32888.6 25214.6 16396.2 8818.43 1375.89 49.4201 5.69452 43.7255 6.9861 2511.97 7442.54 358.654 334.277 320.061 243.08 49.7709 22.2966 13.584 6.13152 4.09533 7.45247 4.61132 3.59499 66.9385 65.794 54.0661 42.3795 7892.66 5.14394
internal_count=837685 677814 537521 334169 203352 43917 805 72 733 108 49416 159435 7682 7165 6823 4931 1129 507 304 137 93 167 95 73 1240 1207 941 755 159871 81
is_linear=0
shrinkage=0.05


Tree=77
num_leaves=31
num_cat=0
split_feature=20 8 10 0 16 18 18 24 7 25 24 7 4 20 19 18 19 6 8 10 8 8 19 9 9 18 7 8 7 7
split_gain=8.11461 7.67495 10.0323 12.3989 11.825 8.36067 9.75493 16.1764 10.6779 10.0899 9.47905 9.43526 8.02847 9.09912 10.7456 10.9305 37.8274 12.3136 8.6088 8.92675 12.0309 27.4626 10.7361 12.0458 12.0677 24.185 29.3394 31.7943 15.3395 10.7798
threshold=0.03132570101211217 2.1887928556073262 0.079629356348212735 34.500000000000007 8.5000000000000018 0.075328136642402718 0.095311355311355331 6.5000000000000009 83648.000000000015 8233.0000000000018 8.5000000000000018 18448.500000000004 1.5000000000000002 0.050641131020877868 0.034949766390814437 0.02855512067840835 0.037064512583800426 1.0000000180025095e-35 1.6808428667646478 0.043538281648400519 2.1518185817355966 2.1604813465608923 0.043788213234344883 0.05406644040924518 0.05573882498440013 0.045153259269174149 143241.50000000003 1.768183705106285 81935.500000000015 7711.0000000000009
decision_type=2 2 2 2 2 2 2 2 2 2 2 2 2 2 2 2 2 2 2 2 2 2 2 2 2 2 2 2 2 2
left_child=-1 12 -3 4 5 -4 7 8 -7 10 -8 -11 -2 -14 -15 16 -16 -18 -17 20 -20 -22 23 -21 25 26 27 -25 -29 -27
right_child=1 2 3 -5 -6 6 9 -9 -10 11 -12 -13 13 14 15 18 17 -19 19 22 21 -23 -24 24 -26 29 -28 28 -30 -31
leaf_value=-0.0032399673549959617 0.0024173392224284495 -0.0059679528276051913 -0.017580629755222253 -0.027551087897735783 0.18061954067249361 0.3014833415148791 0.20179315132456388 0.037103130713497079 0.10102904668653795 0.13282468166868222 -0.0018078947968506811 -0.0053152898153971959 -0.0007660805181005626 -0.010750858864884314 0.39191164792833988 0.0035491679596385663 0.15968311056236603 -0.025699501038117314 -0.0095892488389645678 -0.00058443109890773807 0.31034643107023685 0.0012088392713835803 0.00039901369974064968 0.46300307595013362 0.011200488667785349 0.16279610331000688 0.0095700605377290818 -0.0057719043698252325 0.27349010355960507 0.020741493532352537
leaf_weight=1859.6902304925025 3825.7500345576555 787.73633065260947 8.4780544973909837 11.794660717248915 1.2787292804568995 1.1274082288146039 1.3612052984535723 6.0737308114767075 1.6174907423555849 1.3426992818713213 0.98559052124619473 15.570263061672447 18133.077188681811 196.6197295896709 0.78759649023413558 2715.3077997006476 1.1777297705411909 3.7412454448640347 276.06680440716445 176.62695981562138 0.9654034767299885 2.8081391807645559 12548.609333638102 1.0662805084139102 161.4698297418654 1.3912879806011904 2.4157933872193098 1.0562666393816469 0.9200435522943734 33.300165822729468
leaf_count=45289 75612 19176 167 231 28 20 25 106 27 23 22 266 385280 4769 19 50145 27 89 6826 4300 25 73 240935 23 3355 29 56 20 21 701
internal_value=-1.33444e-05 0.000140829 -0.00459425 0.0172095 0.0311631 0.0259351 0.0390744 0.0826277 0.183361 0.0191323 0.116286 0.00565147 0.000244943 2.33758e-06 0.000866484 0.00100989 0.0701969 0.0186859 0.000985097 0.000457922 -0.00837717 0.080297 0.000649184 0.00894877 0.0173002 0.0418315 0.139663 0.242957 0.124235 0.0264385
internal_weight=40780.2 38920.5 837.366 49.6298 37.8352 36.5564 28.0784 8.81863 2.7449 19.2598 2.3468 16.913 38083.2 34257.4 16124.3 15927.7 5.70657 4.91898 15922 13206.7 279.84 3.77354 12926.9 378.247 201.62 40.1498 5.45838 3.04259 1.97631 34.6915
internal_count=837685 792396 20091 915 684 656 489 153 47 336 47 289 772305 696693 311413 306644 135 116 306509 256364 6924 98 249440 8505 4205 850 120 64 41 730
is_linear=0
shrinkage=0.05


Tree=78
num_leaves=31
num_cat=0
split_feature=11 0 8 21 14 9 8 10 20 16 25 22 8 18 24 5 7 24 7 7 10 18 20 10 8 8 20 19 18 9
split_gain=7.98203 8.228 10.7522 9.61507 9.00642 8.94338 8.6611 11.0078 8.59776 10.2404 14.3 7.86183 10.3893 9.69202 7.99215 7.8195 7.63877 8.48169 7.56415 7.47463 13.252 14.6663 18.6935 18.5738 17.5336 9.95863 12.1353 9.22505 13.8024 26.8448
threshold=0.051963024990569533 50.500000000000007 1.125557420482757 0.41428571428571431 4.5000000000000009 0.042049857500261127 2.3836119250524006 0.039732617135141042 0.049914288384186579 18.500000000000004 3291.5000000000005 4.5000000000000009 2.1518185817355966 0.076230831315577105 21.500000000000004 1.0000000180025095e-35 246120.50000000003 17.500000000000004 19606.500000000004 15140.500000000002 0.055468732830466973 0.05771593271593272 0.061933203649415063 0.057033154040512353 1.6282944322818993 1.8315139503668558 0.053899961281972837 0.057371705815718051 0.056570434912680913 0.069976152623211454
decision_type=2 2 2 2 2 2 2 2 2 2 2 2 2 2 2 2 2 2 2 2 2 2 2 2 2 2 2 2 2 2
left_child=1 2 8 4 11 15 -7 -8 9 16 -11 -4 14 -14 -13 -3 -1 -18 19 27 -21 22 24 -24 -22 -26 -27 -6 29 -29
right_child=-2 5 3 -5 18 6 7 -9 -10 10 -12 12 13 -15 -16 -17 17 -19 -20 20 21 -23 23 -25 25 26 -28 28 -30 -31
leaf_value=-0.0034972407777719965 0.00085905516875242204 -0.0064821779060558462 0.00015797110942174092 0.0065246069290744507 -0.011091541520355241 -0.00129415664721764 0.20365551632097181 -0.011557705444316398 0.010094493628331605 0.0070631646563665898 0.24494507077746053 -0.0026288427736584942 -0.022949257833312638 0.022776409134356631 0.0031179791608119236 -0.028941935416756406 0.010611661695608728 0.11092704206546566 -0.0068358317695387518 -0.010909887137296894 0.31040158752628949 0.01087107522187295 0.46370366316320749 0.094550751357546217 -0.0080242207429477939 0.29689937352997292 0.034991071359376284 0.041010986167165399 0.0051657486962390963 0.30904740675229392
leaf_weight=275.0469057559967 15959.992588760331 778.4554205685854 15246.993151888251 479.35269103758037 65.329423066228628 1557.6298876348883 1.1683999076485627 1.2089227158576248 440.06458364054561 1.6917945165187114 1.0082790441811083 4147.0428778696805 95.662071703001857 13.186078434810041 708.32302252948284 40.783622365444899 6.9421010985970479 3.0254013538360596 895.00327013991773 11.056877050548794 0.69017891213297655 7.1801432203501463 0.67902045138180234 0.68397150188684464 3.4373195879161358 0.716874100267887 1.1546215340495107 5.9327866751700631 28.966850750148296 1.1087125204503534
leaf_count=4248 320426 19064 312261 6434 2208 32218 22 26 6595 47 22 83457 2455 256 14073 1058 101 43 30671 384 21 226 22 23 114 22 40 196 916 36
internal_value=-1.32852e-05 -0.000574237 -0.000277804 -0.000478181 -0.000636274 -0.00337009 -0.00114861 0.0942147 0.00570024 -0.00102086 0.0958946 -0.000404718 -0.00213295 -0.01741 -0.00179047 -0.00760028 -0.00193899 0.04106 -0.00521582 0.00620654 0.030347 0.061716 0.111305 0.278457 0.0733276 0.0425065 0.135315 0.000108406 0.0204283 0.0832144
internal_weight=40779.5 24819.5 22440.3 21712.5 21233.1 2379.25 1560.01 2.37732 727.779 287.714 2.70007 20211.2 4964.21 108.848 4855.37 819.239 285.014 9.9675 1021.94 126.937 25.599 14.5421 7.36199 1.36299 5.99899 5.30882 1.8715 101.338 36.0083 7.0415
internal_count=837685 517259 464871 453815 447381 52388 32266 48 11056 4461 69 412502 100241 2711 97530 20122 4392 144 34879 4208 852 468 242 45 197 176 62 3356 1148 232
is_linear=0
shrinkage=0.05


Tree=79
num_leaves=31
num_cat=0
split_feature=2 19 18 7 19 7 16 7 19 9 8 24 14 20 7 10 18 10 25 19 8 2 10 7 10 8 19 22 0 20
split_gain=7.87568 10.0105 10.1295 12.0018 13.0878 9.99705 10.4422 10.3556 12.4896 9.68823 10.7947 8.9739 8.54599 8.82675 15.1471 8.5258 8.49732 9.45131 8.43185 10.582 15.1766 8.43742 8.88103 8.35786 8.16202 12.5717 13.329 17.2715 11.7959 10.2442
threshold=4.5000000000000009 0.036737953967529512 0.085553610020033768 246849.00000000003 0.094467108618052034 202027.00000000003 38.500000000000007 210690.50000000003 0.088365434669443008 0.036862623127049611 2.2111680526818964 6.5000000000000009 9.5000000000000018 0.073346462366107895 154375.00000000003 0.17519181585677754 0.059978586723768747 0.083472686733556303 383.50000000000006 0.085889929742388779 1.4404182288811544 2.5000000000000004 0.057888980570432187 251790.50000000003 0.051957054058002917 1.901339876571617 0.096571316614420075 3.5000000000000004 31.500000000000004 0.039375616022680714
decision_type=2 2 2 2 2 2 2 2 2 2 2 2 2 2 2 2 2 2 2 2 2 2 2 2 2 2 2 2 2 2
left_child=1 -1 3 4 9 6 -4 8 -7 11 -11 -3 16 23 -15 -10 17 -2 19 -13 -21 22 -22 -14 28 -26 29 -28 -5 -27
right_child=12 2 5 24 -6 7 -8 -9 15 10 -12 18 13 14 -16 -17 -18 -19 -20 20 21 -23 -24 -25 25 26 27 -29 -30 -31
leaf_value=-0.0023123651699783775 0.0022812707250202419 0.0010472414965950185 0.0022340873882956188 -0.017053476776192081 -0.00701838380085037 -0.0070546801416455961 0.13013567499022999 0.010046096169726938 0.068282016101529439 0.00079579233198646601 -0.012754242802836102 -0.010790207472182355 -0.023416796746730466 -0.017576397562067102 0.25004089198431062 -0.05371037486503142 -0.0014211730496173458 0.024391149890981935 -0.0023562626830337268 0.20227660614904697 0.003198205014944889 -0.035685767012852761 0.24370260968552035 0.14189654656859071 0.0024586397103768553 0.063881568967884494 -0.021128026625661305 0.22871655300122518 0.011536967618521582 -0.024148547782420274
leaf_weight=5443.5156892687082 5948.1566663719714 1777.5833649020642 714.1452353913337 250.36522476002574 641.16601640917361 9.6907804794609529 1.5993790607899416 157.66300884261727 22.065581366419796 20133.579918449745 148.06546094827354 428.46138847060502 57.012329446151853 1.4682790860533708 0.82629060372710217 1.5316335521638382 1842.6945980209857 48.730714816600084 2665.7832700684667 1.3702865969389666 0.887912383303046 3.0477598756551743 0.67614572495222092 0.77496600709855457 336.95084874331951 3.4276574812829486 1.560444422066211 1.2424938455224035 42.150709543377161 92.270563397556543
leaf_count=129545 123126 41753 12346 5714 12071 172 30 2639 350 387371 3381 13477 2190 51 19 25 33620 838 59258 30 25 85 20 27 6474 73 31 24 983 1937
internal_value=-1.31196e-05 -0.00035372 3.49008e-05 -0.000142715 3.59238e-05 0.00523169 0.00251989 0.0153964 0.040737 0.000215696 0.000696871 -0.001785 0.00140448 -0.017381 0.0787945 0.0603638 0.00154845 0.00246094 -0.00340892 -0.00986815 0.0561731 0.0127621 0.107169 -0.0211998 -0.00647404 -0.00213476 -0.0178478 0.0896237 -0.0129337 -0.0209955
internal_weight=40778.5 32878.8 27435.3 26528.6 25800.6 906.696 715.745 190.951 33.288 25159.5 20281.6 4877.81 7899.66 60.0819 2.29457 23.5972 7839.58 5996.89 3100.23 434.443 5.9821 4.61182 1.56406 57.7873 727.968 435.452 98.5012 2.80294 292.516 95.6982
internal_count=837685 677814 548269 532707 517471 15562 12376 3186 547 505400 390752 114648 159871 2287 70 375 157584 123964 72895 13637 160 130 45 2217 15236 8539 2065 55 6697 2010
is_linear=0
shrinkage=0.05


Tree=80
num_leaves=31
num_cat=0
split_feature=25 17 1 8 9 7 7 20 11 16 17 10 7 19 17 25 9 7 16 20 7 22 11 8 19 10 16 9 7 9
split_gain=7.76818 8.99852 8.46745 13.6642 9.41503 16.261 9.90723 11.7721 16.4187 8.91242 12.1806 12.169 19.1861 23.1022 36.3557 11.9711 13.2144 10.2038 12.3914 9.38837 13.0505 11.5429 12.4335 9.45439 13.5693 13.1292 14.1678 26.2133 12.1566 9.39114
threshold=786214.00000000012 0.40833333333333338 1.5000000000000002 1.4404182288811544 0.53571428571428581 8616.0000000000018 52599.500000000007 0.049907189624989308 0.050343962067630442 9.5000000000000018 0.040408163265306128 0.061340127291047548 178631.00000000003 0.083538587848932686 0.16064516129032261 34799.500000000007 0.0556420383022476 1915.5000000000002 28.500000000000004 0.012232530300763133 248802.50000000003 1.5000000000000002 0.050343962067630442 1.9336696716826904 0.054997708524289653 0.04910668422906455 2.5000000000000004 0.010695493022191719 115450.50000000001 0.056007935021206497
decision_type=2 2 2 2 2 2 2 2 2 2 2 2 2 2 2 2 2 2 2 2 2 2 2 2 2 2 2 2 2 2
left_child=1 2 -1 -4 9 -6 -7 8 -8 19 17 -12 -13 14 15 16 -14 18 -11 20 21 -5 -23 25 -25 26 27 -24 -29 -30
right_child=-2 -3 3 4 5 6 7 -9 -10 10 11 12 13 -15 -16 -17 -18 -19 -20 -21 -22 22 23 24 -26 -27 -28 28 29 -31
leaf_value=-0.0026005793476334017 0.00067860739732147023 0.0038678482629379142 0.005526369516915079 -0.023835649834776852 0.18724500346099049 -0.053790528753902812 0.29203137907121474 0.012402177989835042 0.045479340700237805 0.024298480387825314 -0.0004104210125739568 0.0085976783825402452 -0.02614668433285381 -0.052913364425413702 0.48046120607939102 0.26104607917131478 0.16857064655809201 -0.0093372978843993329 0.24449507459330497 -0.00040218935759364893 0.20597598038470225 -0.0060741627195480923 0.42148296435708882 -0.0026593514189164275 0.22775175491643856 0.014383233079487323 0.013006661418886168 0.2587840747259092 -0.052319757096298464 0.15173611399669654
leaf_weight=5513.0950951166451 20347.386538069695 1023.4343681614846 942.95204234682024 10.619995430111883 1.6246657073497797 3.4368543997406951 1.0098665785044425 8.3698218706995231 2.0378557853400707 11.833563534542915 466.87493639625609 18.692150801420215 1.9329256620258086 1.7222377974539993 0.74980882555246342 0.95726131834089745 1.5864743143320081 768.86125129833817 0.67537396587431509 11623.184251330793 0.96809965372085471 9.7631947826594132 0.95015153288841059 6.0968859121203414 0.71379191242158402 2.9846846982836723 1.5437837950885294 1.1246786974370482 1.0452799778431656 1.2242084778845308
leaf_count=136763 357072 15662 18359 293 24 67 19 180 47 380 13516 490 57 40 15 24 46 27463 24 266432 24 266 25 183 17 67 49 27 26 28
internal_value=-1.29054e-05 -0.00070162 -0.000942597 -0.000284692 -0.000707805 0.0370614 0.0206354 0.0430388 0.127175 -0.000755926 -0.00472681 0.00143143 0.0349683 0.105906 0.15824 0.10427 0.0616279 -0.0086085 0.0361872 -0.000322104 0.0248124 0.0199496 0.038223 0.0657987 0.0214888 0.0998106 0.143114 0.189348 0.124365 0.0577522
internal_weight=40777.5 20430.1 19406.6 13893.5 12950.6 16.4791 14.8544 11.4175 3.04772 12934.1 1273.89 492.516 25.6409 6.94871 5.22647 4.47666 3.5194 781.37 12.5089 11660.2 37.0348 36.0667 25.4467 15.6835 6.81068 8.87279 5.8881 4.34432 3.39417 2.26949
internal_count=837685 480613 464951 328188 309829 337 313 246 66 309492 42055 14188 672 182 142 127 103 27867 404 267437 1005 981 688 422 200 222 155 106 81 54
is_linear=0
shrinkage=0.05


Tree=81
num_leaves=31
num_cat=0
split_feature=20 10 16 14 20 7 7 4 8 24 20 24 7 7 22 7 9 13 9 24 10 0 24 8 10 8 8 8 9 20
split_gain=7.28636 7.2663 8.30393 13.2446 32.4539 9.7154 8.94951 14.1328 14.4827 7.74904 12.7218 8.72653 8.05601 7.20774 7.45493 6.91101 10.1432 14.456 13.648 10.3221 10.289 7.52751 25.5252 18.4567 7.08054 6.88054 6.79642 8.82927 16.0621 17.1626
threshold=0.03132570101211217 0.034185831918375091 9.5000000000000018 6.5000000000000009 0.023603476452235927 18968.000000000004 15140.500000000002 2.5000000000000004 1.7546146556055326 9.5000000000000018 0.028721883077599961 14.500000000000002 217746.50000000003 17197.500000000004 2.5000000000000004 229291.00000000003 0.13691420331651047 0.29166666666666669 0.14218328840970354 13.500000000000002 0.083472686733556303 -1.0000000180025095e-35 9.5000000000000018 1.6796605839506467 0.017301245210727973 0.92579609661032014 1.6808428667646478 1.861891736077361 0.05257277271390768 0.024316670223360367
decision_type=2 2 2 2 2 2 2 2 2 2 2 2 2 2 2 2 2 2 2 2 2 2 2 2 2 2 2 2 2 2
left_child=1 2 3 5 -5 6 -1 8 -8 -7 11 12 26 -9 -15 -2 20 18 19 -18 -17 22 23 -22 -20 -26 -11 28 29 -28
right_child=15 -3 -4 4 -6 9 7 13 -10 10 -12 -13 -14 14 -16 16 17 -19 24 -21 21 -23 -24 -25 25 -27 27 -29 -30 -31
leaf_value=0.0053354685594420546 0.000332505359191264 -0.0014177793865788133 -0.042727206605342703 0.41224794038799512 -0.015775016846158545 -0.017617153168448474 0.32673472220647481 -0.05206905846028359 0.050397335152673021 -0.052604736283710145 -0.028710173311934928 0.0012029015644761038 -0.052221445701274197 -0.0089249115585346133 0.172592594514586 -0.0032155913486364286 0.22758568905183166 0.17932483588554327 0.10293853881895432 0.025181091467162343 0.034853198330150832 0.0090988246028329365 -0.038209829097168045 0.26204135506295356 0.099346043539478818 0.0046715798982785413 0.11164415771730392 0.021700742653761693 0.030135840860456193 0.40098193805547822
leaf_weight=31.284523501992226 35719.859066982754 1447.6974760536104 17.452018750831485 0.64697986282408182 1.4037623498588798 188.3884900957346 0.92311227880418278 1.887123692780732 0.97488142736256123 0.940150946378706 36.315460961312056 115.3313611894846 1.5403154771775005 1.1512984447181227 1.111977122724056 2967.6275571361184 1.2453833483159535 1.2733701355755318 1.9204486198723305 1.2745197117328642 1.6870682276785367 100.22517870925367 3.2489874139428139 1.9016425441950557 1.9501905702054489 120.36880315095186 1.2215018086135394 2.7137033548206091 1.8176504261791704 0.88302366621792305
leaf_count=822 725105 34070 723 25 55 5093 22 52 26 22 982 3121 39 28 30 63104 22 16 37 23 26 1699 56 33 27 2248 33 77 44 25
internal_value=-1.28563e-05 -0.00307556 -0.00898697 -0.00747145 0.11926 -0.0081439 0.0160996 0.0717756 0.184797 -0.0107361 -0.00267268 0.0049254 0.0520189 0.0200904 0.080257 0.000133005 -0.00209202 0.0116971 0.0100132 0.125213 -0.00266621 0.0125617 0.0633204 0.155239 0.00767666 0.00618102 0.0732124 0.0910378 0.139011 0.233045
internal_weight=40776.3 1853.68 405.987 388.535 2.05074 386.485 37.3329 6.04839 1.89799 349.152 160.763 124.448 9.11635 4.1504 2.26328 38922.6 3202.72 128.033 126.759 2.5199 3074.69 107.063 6.8377 3.58871 124.239 122.319 7.57603 6.63588 3.92218 2.10453
internal_count=837685 45289 11219 10496 80 10416 980 158 48 9436 4343 3361 240 110 58 792396 67291 2373 2357 45 64918 1814 115 59 2312 2275 201 179 102 58
is_linear=0
shrinkage=0.05


Tree=82
num_leaves=31
num_cat=0
split_feature=11 9 4 8 2 19 19 18 18 9 7 7 7 10 22 24 10 8 11 24 22 9 10 3 18 13 9 19 19 0
split_gain=7.26988 7.59131 9.77599 11.287 9.90017 11.2387 10.8409 17.5622 13.3174 15.3665 17.479 12.2912 14.7952 32.133 15.4632 12.9997 20.4645 9.64468 9.90159 14.9437 23.9936 19.4871 9.47087 9.04045 9.53807 8.96877 10.5989 8.92191 8.84999 8.68789
threshold=0.051963024990569533 0.063027594523657526 1.5000000000000002 1.7406301415123466 5.5000000000000009 0.071280774020500051 0.034073318322544337 0.037172290420085137 0.04005576582718471 0.020067114093959736 87597.000000000015 61147.000000000007 86520.500000000015 0.052284953125965185 2.5000000000000004 5.5000000000000009 0.066549589255123179 1.7546146556055326 0.050303548014050625 18.500000000000004 2.5000000000000004 0.052642075871769577 0.03375006511434079 1.5000000000000002 0.016597796143250691 0.58333333333333337 0.044499449944994503 0.02672619047619048 0.065024471140233811 73.500000000000014
decision_type=2 2 2 2 2 2 2 2 2 2 2 2 2 2 2 2 2 2 2 2 2 2 2 2 2 2 2 2 2 2
left_child=1 2 -1 23 22 6 7 27 9 -9 -11 -10 13 14 -13 -14 -17 -7 -19 -20 -21 -22 -5 24 -4 28 29 -6 -24 -27
right_child=-2 -3 3 4 5 17 -8 8 11 10 -12 12 15 -15 -16 16 -18 18 19 20 21 -23 25 -25 -26 26 -28 -29 -30 -31
leaf_value=0.001909336518526967 0.00081933452233442995 0.0012184528413903958 0.0086657210457631081 -0.0077901799384204667 -0.021340518015680321 0.1770329943849491 -0.0060890142707852929 -0.0095998227869440057 -0.020696027827547092 0.38113729060561807 0.097771785413959089 0.21025163977722927 -0.026729941997801199 0.41405916379523017 -0.052547907082349382 0.03727329194783055 0.21774012071419838 0.0060069609213016205 0.02231536539570677 0.001511244299216276 0.29512778700658088 0.066931741762519203 -0.0018792992638777661 -0.003190994432689043 0.00050109690832899018 0.041080624116721393 0.0015814516987159872 0.12211910717160718 -0.007447598211108796 0.19124609449347268
leaf_weight=2550.2890434861183 15970.105363681912 4882.6425344515592 384.15478683635592 840.1930886041373 20.794697033241395 1.0843919850885857 122.76521203294396 1.1706009432673448 7.7899915259331491 0.92126174643635783 1.329656485468149 0.95050035603344785 5.7657976243644979 0.85618283599615086 1.3615570683032272 10.549261154606937 1.8457376789301623 26.180682005360723 13.20983378775418 2.7251751273870459 2.1505408845841889 1.6559595093131063 8288.8778087645769 1608.8842583820224 5195.8396987393498 16.953114744275812 31.817451484501362 1.1433622166514386 780.78791296295822 1.021215971559285
leaf_count=51996 320426 92439 7438 22714 476 19 2561 29 170 18 30 21 124 17 32 227 35 503 243 49 37 27 186084 32638 101914 334 579 26 16459 20
internal_value=-1.27249e-05 -0.000548411 -0.000981425 -0.00140578 -0.00247656 0.00791282 0.00214842 0.0207111 0.0440206 0.137334 0.213748 0.0330562 0.052688 0.15239 0.0554905 0.0352946 0.0641466 0.0296482 0.0261679 0.0529048 0.11477 0.195855 -0.00271048 0.000111096 0.00106319 -0.00224248 0.0189201 -0.0138637 -0.00235866 0.0496123
internal_weight=40775.8 24805.7 19923.1 17372.8 10183.9 224.25 177.244 54.4786 32.5405 3.42152 2.25092 29.119 21.329 3.16824 2.31206 18.1608 12.395 47.0066 45.9222 19.7415 6.53168 3.8065 9959.65 7188.88 5579.99 9119.46 49.7918 21.9381 9069.67 17.9743
internal_count=837685 517259 424820 372824 230834 4644 3766 1205 703 77 48 626 456 70 53 386 262 878 859 356 113 64 226190 141990 109352 203476 933 502 202543 354
is_linear=0
shrinkage=0.05


Tree=83
num_leaves=31
num_cat=0
split_feature=2 10 8 2 16 0 9 19 10 14 20 22 18 9 10 14 16 9 20 7 6 21 22 8 20 20 1 8 9 10
split_gain=7.12831 9.29233 9.01841 12.2805 11.8299 9.86072 8.94763 8.25885 9.77297 27.1304 11.0963 15.3482 12.8265 10.7086 8.94303 8.77613 8.09872 13.9282 7.83831 10.3672 7.73796 10.8485 23.8862 28.7713 17.086 15.1676 10.5713 10.0686 9.83203 9.05376
threshold=4.5000000000000009 0.060006858710562418 1.8398049952482287 1.5000000000000002 1.5000000000000002 52.500000000000007 0.13182720953326715 0.18898809523809526 0.12095088819226753 4.5000000000000009 0.049907189624989308 1.0000000180025095e-35 0.12565789473684214 0.055366492971767219 0.17519181585677754 9.5000000000000018 1.0000000180025095e-35 0.025677655677655679 0.073346462366107895 154375.00000000003 1.5000000000000002 0.46428571428571436 4.5000000000000009 1.9583904748318133 0.057605613730168863 0.063303458771355417 1.5000000000000002 1.4886432771608176 0.125492125984252 0.064015528716532558
decision_type=2 2 2 2 2 2 2 2 2 2 2 2 2 2 2 2 2 2 2 2 2 2 2 2 2 2 2 2 2 2
left_child=1 2 3 6 -4 -6 -1 8 15 10 14 12 13 -12 16 20 17 -10 -17 -20 21 27 -23 24 -24 -26 -25 28 29 -2
right_child=7 -3 4 -5 5 -7 -8 -9 9 -11 11 -13 -14 -15 -16 18 -18 -19 19 -21 -22 22 23 26 25 -27 -28 -29 -30 -31
leaf_value=0.0026025882157717454 0.019176176991172592 0.0011840555135448367 -0.0010187811572103364 -0.00069260570634855994 -0.0042100209601997366 -0.016037184918765067 0.02092332451570628 -0.012087525323659094 0.042480749531458799 0.22233797740340383 0.22675825710110328 -0.0079127308750504399 0.016428998675967015 0.045708198064277228 -0.0028540813369141303 -0.02183488364708519 0.019578479852823582 0.20474813104760461 -0.017026159151842878 0.19089233483864021 0.00029243894505482938 0.0043492342848240181 -0.01686578191782245 0.2373562169781748 0.18221642348572747 0.021565702170265134 0.099582707874145429 0.0020884726923673428 -0.027400633774466346 -0.0024520694670577153
leaf_weight=2453.769779894501 208.5489857904613 7691.6692609488964 6534.3493338841945 13872.156844649464 2053.2779581509531 192.77944383583963 68.504749638959765 112.96390174143016 2.5903238505125028 1.6353721506893624 1.7791177816688999 39.371396483853459 4.9837388750165701 1.5098398905247448 3.9334463346749535 55.72578096203506 2.75246886536479 2.7017234861850739 1.4459119327366345 1.0242211259901521 4807.7236428987235 47.170070633292198 7.8447360321879405 2.6940358579158774 2.7280591651797295 3.1840653270483017 2.8815208896994591 2515.3841104283929 15.018893072381614 63.004927607253194
leaf_count=48176 3471 140293 136371 284753 60831 6150 1240 1920 39 44 26 659 82 25 65 2194 54 38 51 19 98015 614 100 23 31 34 32 51135 230 970
internal_value=-1.26487e-05 -0.000336943 -0.000801653 -0.000109088 -0.00209478 -0.00522515 0.00310018 0.00133505 0.00152955 0.0214221 0.0159112 0.00509579 0.0670059 0.143645 0.0589311 0.001372 0.0891416 0.125322 -0.0179715 0.0691856 0.00151865 0.00357386 0.023533 0.0703405 0.0315084 0.0956955 0.166153 0.00310014 0.01198 0.0141581
internal_weight=40775.1 32866.5 25174.8 16394.4 8780.41 2246.06 2522.27 7908.6 7795.64 61.2574 59.6221 47.6441 8.2727 3.28896 11.978 7734.38 8.04452 5.29205 58.1959 2.47013 7676.18 2868.46 66.5025 19.3324 13.7569 5.91212 5.57556 2801.96 286.573 271.554
internal_count=837685 677814 537521 334169 203352 66981 49416 159871 157951 1032 988 792 133 51 196 156919 131 77 2264 70 154655 56640 834 220 165 65 55 55806 4671 4441
is_linear=0
shrinkage=0.05


Tree=84
num_leaves=31
num_cat=0
split_feature=21 12 25 1 8 22 24 16 17 3 7 17 20 16 0 10 25 9 24 20 24 22 24 14 19 14 22 8 7 17
split_gain=6.85489 9.38242 12.1741 13.5385 11.5325 11.0163 10.1376 12.1542 9.37298 9.31872 8.68524 10.7818 31.6574 9.65001 9.10828 9.70349 10.6654 17.785 27.386 19.916 9.49096 19.17 20.9347 11.3055 10.4696 18.9057 9.44253 13.2168 9.02567 23.3256
threshold=0.059714795008912663 1.0000000180025095e-35 150.50000000000003 1.5000000000000002 1.61537906892284 4.5000000000000009 20.500000000000004 1.5000000000000002 0.037749287749287756 1.5000000000000002 18448.500000000004 0.19677419354838713 0.053899961281972837 19.500000000000004 5.5000000000000009 0.060196030719067296 1.0000000180025095e-35 0.08711462450592887 12.500000000000002 0.085166827852998075 4.5000000000000009 5.5000000000000009 2.5000000000000004 1.5000000000000002 0.081165540540540551 4.5000000000000009 1.5000000000000002 1.2206001792295977 218706.00000000003 0.065591397849462371
decision_type=2 2 2 2 2 2 2 2 2 2 2 2 2 2 2 2 2 2 2 2 2 2 2 2 2 2 2 2 2 2
left_child=1 5 3 -3 10 -1 7 -7 -2 -9 11 13 -13 -5 15 16 17 19 -19 28 21 26 23 -23 -22 -26 -18 -28 -12 -30
right_child=8 2 -4 4 -6 6 -8 9 -10 -11 14 12 -14 -15 -16 -17 20 18 -20 -21 24 22 -24 -25 25 -27 27 -29 29 -31
leaf_value=0.00062376690127615634 0.0068162017965411881 -0.011714834346664513 0.00015058841331108564 0.015903883482468698 -0.0049369875742643829 -0.0017704562862869162 0.0018291722115869971 -0.0055929679053806835 -0.00064354665116700893 -0.021028352145290738 0.017459579227548254 -0.021713697093458169 0.31584704215372761 0.16253248314584015 -0.009627685720985886 -0.011438305685739187 -0.019395020370348348 0.43004167122305148 0.036569958037463192 0.28973152336383301 -0.0043863940076857922 0.18974165046324051 0.30946552677509315 -0.051804563102110346 0.01193294486469168 0.3326028760110642 0.23734879398817132 0.033056029293202317 0.030946877179681798 0.35116401678620013
leaf_weight=26449.189174311236 847.68590256012976 572.57446940988302 2236.8566861916333 28.795650301501158 1107.3738359892741 6112.8170091789216 1839.9127721805125 336.41232758387923 836.72301886975765 137.85067270882428 30.277885995805264 1.6126495152711862 1.2200204767286775 1.1675949562340964 91.231529150158167 40.676678592339158 9.252542516216641 0.72599280253052612 1.1313811019062994 0.7306781280785789 70.705605486407876 0.82678593695163671 1.2449300419539211 1.1698896046727894 1.5680918283760541 0.6502328012138604 0.86425331234931846 9.4308046512305719 2.4189561493694778 0.74349745362997044
leaf_count=517768 13457 20881 62342 876 40272 112899 34454 8668 14399 3594 887 34 24 40 2780 1157 284 20 34 18 2219 21 36 37 47 20 25 297 76 19
internal_value=-1.24928e-05 -0.000147071 -0.00237578 -0.00523509 -0.00259221 0.000122171 -0.00145215 -0.0023687 0.0031106 -0.0100795 0.00616673 0.0304324 0.123672 0.0216176 0.00314828 0.00990841 0.0164995 0.0396873 0.190366 0.0314971 0.00777106 0.0359361 0.148548 0.0482152 -0.00103068 0.105927 0.0172615 0.0502061 0.0258546 0.10623
internal_weight=40773.8 39089.4 4213.25 1976.39 1403.82 34876.2 8426.99 6587.08 1684.41 474.263 296.446 32.7959 2.83267 29.9632 263.65 172.418 131.742 36.0284 1.85737 34.171 95.7131 22.7892 3.24161 1.99668 72.9239 2.21832 19.5476 10.2951 33.4403 3.16245
internal_count=837685 809829 132446 70104 49223 677383 159615 125161 27856 12262 8951 974 58 916 7977 5197 4040 1054 54 1000 2986 700 94 58 2286 67 606 322 982 95
is_linear=0
shrinkage=0.05


Tree=85
num_leaves=31
num_cat=0
split_feature=11 24 14 22 8 19 14 10 21 8 9 18 2 22 7 18 24 10 10 0 8 9 19 18 0 6 7 8 19 7
split_gain=6.8214 6.88829 11.8588 8.12496 9.94134 8.35738 9.97044 9.8636 7.78836 12.7236 9.14008 8.55652 9.81257 7.67856 7.92391 10.8865 7.89231 10.0782 10.7735 14.9802 9.3423 10.6511 13.7263 10.3298 7.79569 12.9704 9.60187 13.2873 12.9349 10.015
threshold=0.051963024990569533 18.500000000000004 9.5000000000000018 4.5000000000000009 1.3518273169216737 0.12599206349206352 3.5000000000000004 0.096930786094581903 0.70833333333333337 2.0677806941168746 0.0784827019813161 0.06202512166503165 2.5000000000000004 3.5000000000000004 243333.00000000003 0.1438923395445135 22.500000000000004 0.038056162574918978 0.03753055294166386 6.5000000000000009 1.6606671378441364 0.020067114093959736 0.034949766390814437 1.0000000180025095e-35 49.500000000000007 3.5000000000000004 218706.00000000003 1.0160080785657655 0.053277366585517703 252965.00000000003
decision_type=2 2 2 2 2 2 2 2 2 2 2 2 2 2 2 2 2 2 2 2 2 2 2 2 2 2 2 2 2 2
left_child=1 2 3 4 5 -1 -7 -8 -5 10 11 -10 -13 14 -3 16 17 18 20 -20 21 -16 -23 -22 26 -26 -15 28 -28 -29
right_child=-2 13 -4 8 -6 6 7 -9 9 -11 -12 12 -14 24 15 -17 -18 -19 19 -21 23 22 -24 -25 25 -27 27 29 -30 -31
leaf_value=0.0060655273805725884 0.0007932218176390617 0.002609469050621338 -0.014453940368882721 -0.0032372956368127482 -0.00073104973988086068 -0.017472074048882812 -0.0050638529931190156 0.15821367300341357 0.0082816553993308607 0.12039740793296699 -0.044243234669167832 0.12336936781568215 0.009819114899793641 -0.001369692433335496 0.21256402279184275 0.11484768451132187 -0.030908364583233525 -0.0091819608486975856 0.027107193455699521 0.29838640022154311 0.097992585788321235 -0.053069839189486372 0.16925555392366864 -0.026789533085299067 -0.015154805685289303 0.008947697766661324 0.14257538651268212 0.0082261891824590948 0.014013043657637623 -0.030381679359861677
leaf_weight=831.71521000191569 15976.619247499853 4025.4985564332455 164.02604789379984 3774.9622835088521 12549.157820720226 60.906120110303164 2.1118685696274038 1.645779278129339 32.275981571525335 2.7945186346769324 6.5401556827127925 3.8473082035779944 3.7639874890446663 2533.1087605915964 1.1293212100863481 1.7830692064017046 34.221653170883656 126.84414855018258 1.2577578276395791 0.85470848158001889 1.9944923222064961 1.8162666540592911 1.1238155160099266 9.8465530183166248 215.53053608909249 75.324994215741754 3.5490630343556395 306.44728697836399 4.360008679330349 17.771339094266295
leaf_count=13446 320426 84078 5931 77751 265663 864 52 31 409 28 62 34 40 51748 23 32 742 2647 30 19 49 36 21 264 4766 1627 47 6383 58 378
internal_value=-1.24746e-05 -0.000531598 -0.00107316 -0.000946073 -0.000367686 0.00471935 -0.0125954 0.0664486 -0.00297964 0.016781 0.0105442 0.0195275 0.0672158 0.000750782 0.00214947 -0.00808842 -0.00931242 -0.00421085 0.0307755 0.136867 0.0166895 0.0820455 0.0319117 -0.00577137 -0.00111335 -0.0089128 -0.000321615 0.00767198 0.0717032 0.00610998
internal_weight=40772.8 24796.2 17433.7 17269.7 13445.5 896.379 64.6638 3.75765 3824.18 49.222 46.4274 39.8873 7.6113 7362.46 4206.37 180.872 179.089 144.867 18.0229 2.11247 15.9104 4.0694 2.94008 11.841 3156.09 290.856 2865.24 332.128 7.90907 324.219
internal_count=837685 517259 364311 358380 280056 14393 947 83 78324 573 545 483 74 152948 87941 3863 3831 3089 442 49 393 80 57 313 65007 6393 58614 6866 105 6761
is_linear=0
shrinkage=0.05


Tree=86
num_leaves=31
num_cat=0
split_feature=25 17 6 9 16 0 8 25 15 19 7 19 7 13 17 20 25 0 18 24 0 20 8 11 11 20 11 8 24 10
split_gain=6.68903 7.76223 8.15117 10.0731 8.69948 8.67172 8.98158 8.36879 21.7609 9.62976 10.9284 7.72006 10.1547 8.19929 10.8349 9.30276 8.95249 7.95822 8.41912 7.71559 15.781 14.426 23.3195 26.0866 16.2688 14.3373 16.2281 10.7569 9.42038 8.31186
threshold=786214.00000000012 0.40833333333333338 3.5000000000000004 0.026266508969051847 5.5000000000000009 1.0000000180025095e-35 2.0456257733539456 19216.500000000004 0.46428571428571436 0.049833610188261358 138741.00000000003 0.036737953967529512 13121.000000000002 0.70833333333333337 0.34313725490196084 0.053091882442914899 244.50000000000003 19.500000000000004 0.057115590697807986 10.500000000000002 53.500000000000007 0.038422688422688429 1.9199259949566834 0.053657989013283586 0.050168168696291163 0.052016770950567691 0.050303548014050625 1.9239393526891286 8.5000000000000018 0.04627348680327991
decision_type=2 2 2 2 2 2 2 2 2 2 2 2 2 2 2 2 2 2 2 2 2 2 2 2 2 2 2 2 2 2
left_child=1 11 5 7 -5 6 -3 -4 -9 10 -10 12 19 -13 16 -16 -15 -18 -19 20 25 22 23 -22 -23 28 -27 -28 -1 -30
right_child=-2 2 3 4 -6 -7 -8 8 9 -11 -12 13 -14 14 15 -17 17 18 -20 -21 21 24 -24 -25 -26 26 27 -29 29 -31
leaf_value=0.00043157705392008188 0.00062888056943903993 0.0037721948608545764 0.0084704294796027427 0.0064984498909174768 0.10754490876603347 -0.0048363654444692414 0.02839127002843202 0.017391027345673365 0.1579292714733227 0.21122208209697768 -0.019606922672711583 -0.00052887858332700116 -0.0039584600643472433 -0.006416193344627368 0.17338353580400634 0.0095877395638449686 0.015446091681986988 0.025049591086102049 0.1199076637519798 -0.0020468006125854746 0.075479015421686099 0.22127866214485079 -0.052028543637330366 0.40698551637104502 0.017713839039299583 -0.051942677182842782 0.23494824005028203 0.013196678999306514 0.038229813239272437 0.20925395073481945
leaf_weight=67.460053540766239 20363.562548719347 532.37608166784048 10.437267368659379 111.9623358733952 2.1713674254715434 315.79352666996419 39.817496815696359 9.1378830671310407 2.1192232221364971 2.6340876556932926 1.4667355567216871 16331.723227070644 2793.8777616620064 35.490807669237256 1.97476527839899 1.5451029539108274 29.047446869313717 5.1287669166922552 4.3005745820701122 88.795703498646617 1.1785436775535343 1.0972071979194868 0.93831262923777092 1.1953135728836057 9.3072539661079627 1.1651707105338567 1.9136729054152968 0.76570347882807244 2.7681076023727651 0.9557186122983693
leaf_count=1832 357072 8000 176 1630 35 4960 617 151 32 37 24 379587 78985 788 28 20 523 104 65 2435 37 31 27 25 256 36 47 21 79 25
internal_value=-1.22539e-05 -0.000651975 0.00358214 0.0147985 0.00842084 0.00181467 0.00548537 0.043017 0.0664949 0.138633 0.0853131 -0.000876546 -0.00322163 -0.000451892 0.0157742 0.101483 0.0116956 0.0284019 0.0683129 0.00837353 0.0187998 0.068112 0.158993 0.242403 0.0391809 0.0097846 0.103835 0.171577 0.00470509 0.0821231
internal_weight=40772.1 20408.5 1027.92 139.929 114.134 887.987 572.194 25.7952 15.3579 6.22005 3.58596 19380.6 2971.42 16409.2 77.4875 3.51987 73.9676 38.4768 9.42934 177.541 88.7451 13.7166 3.31217 2.37386 10.4045 75.0284 3.84455 2.67938 71.1839 3.72383
internal_count=837685 480613 15662 2085 1665 13577 8617 420 244 93 56 464951 83836 381115 1528 48 1480 692 169 4851 2416 376 89 62 287 2040 104 68 1936 104
is_linear=0
shrinkage=0.05


Tree=87
num_leaves=31
num_cat=0
split_feature=2 8 19 19 9 19 16 20 9 19 10 18 9 24 16 24 9 19 18 10 21 0 16 17 10 0 19 11 21 0
split_gain=6.45918 8.68753 9.65874 9.14505 10.2878 8.79986 8.76896 8.40738 12.1186 10.7223 8.31529 10.8884 14.6839 11.713 16.3893 12.1789 10.4069 9.78265 8.01196 8.44443 7.9908 9.77137 8.93883 33.3048 8.58973 19.7398 10.5082 12.4641 10.0341 25.8491
threshold=4.5000000000000009 1.9813967401863188 0.059815536081358874 0.05927925251160273 0.038341497247388279 1.0000000180025095e-35 34.500000000000007 0.012232530300763133 0.027864044168391996 0.066683383483784706 0.12095088819226753 0.16843971631205676 0.16264534883720935 3.5000000000000004 4.5000000000000009 1.5000000000000002 0.098538198890311582 0.060298891399588703 0.06106329172675326 0.083472686733556303 0.052107704095528944 55.500000000000007 38.500000000000007 1.0000000180025095e-35 0.045730867432641271 33.500000000000007 0.091160916645681198 0.050303548014050625 0.22649572649572652 32.500000000000007
decision_type=2 2 2 2 2 2 2 2 2 2 2 2 2 2 2 2 2 2 2 2 2 2 2 2 2 2 2 2 2 2
left_child=1 2 3 4 5 -1 -6 8 9 -4 17 12 13 15 16 -12 -15 -3 19 -2 21 22 -9 -24 25 26 -22 -28 29 -26
right_child=18 10 7 -5 6 -7 -8 20 -10 -11 11 -13 -14 14 -16 -17 -18 -19 -20 -21 24 -23 23 -25 28 -27 27 -29 -30 -31
leaf_value=0.0024884889426870322 0.0017319064302583065 -0.0014450848982596525 0.28963203811171628 -0.0077235077506271968 0.0002529129920179843 -0.0032523073157113207 -0.036317975527059204 0.0014679178792420756 0.02099993573116762 0.049219385811543441 0.0407828025765965 -0.014906895828203162 -0.041587227446421245 0.0084928424347899285 0.23338756391672588 0.22714136743553712 0.12757731275812031 -0.0075730785687264397 -0.0028601168663323442 0.022209312947243189 -0.017687405097638866 -0.0066500833603697507 0.39962464551411198 0.010641839770976578 0.01327633108268673 0.22022084909282752 -0.016799252848962106 0.12409426246466811 0.001716177360252615 0.11569350820921216
leaf_weight=789.71398898772895 6843.2454777043313 3073.8463497813791 0.87687058188021072 436.3735933508724 15916.741729633883 4314.5073166396469 16.408331293612719 6606.4401880707592 8.1031897719949466 0.98448396287858486 1.585953224450356 12.896047929301856 4.1867485437542191 11.343348750844596 1.0437026154249895 1.9603717382997274 2.188627064228057 826.35031335428357 1022.5839057788253 50.718593450263143 6.7312902845442277 388.18128644488752 0.66456583328545038 3.1999404784291983 118.3883423358202 1.4562881663441647 2.5234911404550076 4.1531034223735332 297.20122178085148 6.4990413710474959
leaf_count=18054 140359 72603 20 8377 318939 106085 593 121487 159 24 28 229 70 205 24 35 33 16535 18655 857 101 7495 22 103 2392 22 31 47 3983 118
internal_value=-1.21271e-05 -0.000321052 -2.11201e-05 -0.000559176 -0.000410568 -0.0023641 0.000215251 0.00153072 0.0474274 0.162476 -0.00252509 0.0216661 0.0428078 0.0623057 0.0424779 0.1438 0.0277533 -0.00274345 0.00126994 0.00188256 0.00146921 0.00105964 0.00151239 0.0775339 0.0080291 0.0453863 0.0263967 0.070842 0.00671354 0.018606
internal_weight=40771.1 32854.5 28919.1 21473.7 21037.4 5104.22 15933.2 7445.4 9.96454 1.86135 3935.4 35.2048 22.3088 18.122 14.5757 3.54632 13.532 3900.2 7916.55 6893.96 7435.44 6998.49 6610.3 3.86451 436.953 14.8642 13.4079 6.67659 422.089 124.887
internal_count=837685 677814 588052 452048 443671 124139 319532 136004 203 44 89762 624 395 325 262 63 238 89138 159871 141216 135801 129107 121612 125 6694 201 179 78 6493 2510
is_linear=0
shrinkage=0.05


Tree=88
num_leaves=31
num_cat=0
split_feature=20 24 7 18 19 8 16 14 19 7 8 20 20 9 18 8 19 19 8 9 20 9 18 6 10 24 13 11 8 25
split_gain=6.36749 6.91216 10.8601 15.1509 14.125 12.1806 10.5916 24.2431 21.2893 11.3638 13.2001 12.3485 10.4314 9.69613 10.1271 9.3888 8.90561 10.385 9.94538 8.1057 17.9518 7.31318 12.4507 7.76778 13.2416 8.17393 7.59375 9.84512 7.49074 9.63743
threshold=0.03132570101211217 10.500000000000002 13121.000000000002 0.07015422473959991 0.037315450868965074 1.7219218375107521 1.5000000000000002 1.0000000180025095e-35 0.031069009404956553 6836.5000000000009 1.9301089574952364 0.026019100231080304 0.028275237181537152 0.04942397834554698 0.090644049827723311 1.7772440273081243 0.056317275326634865 0.056379968956065132 0.8264008068883284 0.04522953066118534 0.025339387268391123 0.050912955883052814 0.029937424273667388 1.5000000000000002 0.051532688514627861 15.500000000000002 0.70833333333333337 0.051963024990569533 1.6796605839506467 176609.50000000003
decision_type=2 2 2 2 2 2 2 2 2 2 2 2 2 2 2 2 2 2 2 2 2 2 2 2 2 2 2 2 2 2
left_child=1 2 3 4 5 -1 7 9 -9 10 12 -12 -7 14 -3 -11 -4 -18 -19 -8 -21 22 -15 24 25 -24 28 -28 29 -23
right_child=-2 13 16 -5 -6 6 19 8 -10 15 11 -13 -14 21 -16 -17 17 18 -20 20 -22 26 23 -25 -26 -27 27 -29 -30 -31
leaf_value=-0.038971559199897532 0.00012408349332023867 -0.0058142644735091282 -0.0093153092652393295 0.2149043047365285 -0.0069025252867045243 -0.014148199667083673 -0.051672381499046273 0.059538554105116694 0.38568959869964559 0.12546886479931516 0.29841976581083801 0.057613686038080716 0.15305206051165482 0.19148561622884649 0.15993925555756239 -0.039169372840390224 0.1296469404958277 0.12400482003473037 0.0016677119329708942 0.2591023197836419 -0.051984163625847728 0.031918645367678813 0.16509459212129904 -0.0022822315493124458 0.23326931600204467 -0.0044701744048841457 -0.010419507018134154 0.19200172782437427 9.1564958678210221e-06 0.0019081471126020776
leaf_weight=3.7222156971693066 38923.949835320003 405.87658502161503 759.94664721563458 0.92914331331848998 38.228273743763566 2.5860214941203612 3.0928682200610629 0.89134864136576597 1.1405772417783735 1.1200681030750272 1.2830280400812628 0.90995115041732777 1.4592291321605442 1.2311511114239682 0.92360204830765624 3.8166608884930611 1.647120278328656 1.6835856735706318 125.43959238938987 0.80341450870037068 1.0969250500202177 47.347426353022456 0.91912092454731364 8.9914656337350589 1.0492130946367977 3.1345580574125051 1.1807711701840156 1.2227115128189323 363.26858346536756 61.500565432012081
leaf_count=91 792396 11012 19175 14 856 56 108 23 28 24 31 22 33 32 16 94 39 25 2579 23 34 1125 21 223 23 78 26 24 8392 1062
internal_value=-1.20112e-05 -0.00288096 -0.00585334 0.0145408 0.0114458 0.0434416 0.0602964 0.0837497 0.242616 0.0548632 0.0997169 0.1985 0.0461654 0.000267616 -0.00543794 -0.00181548 -0.00725498 0.00490419 0.00328791 -0.00173677 0.0795352 0.00500588 0.0390007 0.0256811 0.0749534 0.0339765 0.00390796 0.0925572 0.00345665 0.0149623
internal_weight=40770.4 1846.44 949.797 61.0797 60.1506 21.9223 18.2001 13.2069 2.03193 11.175 6.23823 2.19298 4.04525 896.646 406.8 4.93673 888.717 128.77 127.123 4.99321 1.90034 489.846 15.3255 14.0944 5.10289 4.05368 474.52 2.40348 472.117 108.848
internal_count=837685 45289 23255 1437 1423 567 476 311 51 260 142 53 89 22034 11028 118 21818 2643 2604 165 57 11006 377 345 122 99 10629 50 10579 2187
is_linear=0
shrinkage=0.05


Tree=89
num_leaves=31
num_cat=0
split_feature=11 9 10 18 8 20 3 10 7 20 18 18 0 2 17 11 1 18 7 7 0 17 21 10 8 19 22 10 22 10
split_gain=6.22065 6.6208 8.86921 9.25913 9.68685 9.62976 9.5297 8.72146 13.6226 14.8973 16.8105 29.719 11.4535 10.558 11.009 15.727 22.1406 11.8743 8.15425 22.4437 8.9214 9.57601 19.4668 8.79571 8.58299 16.0146 8.1149 9.44757 9.86414 8.80521
threshold=0.051963024990569533 0.063027594523657526 0.085592185592185607 0.062417108753315652 1.7406301415123466 0.078028256219745587 1.5000000000000002 0.032993896388019521 244798.50000000003 0.045639037080945799 0.034036983402027411 0.039581487331612548 30.500000000000004 3.5000000000000004 0.31174089068825916 0.050260215400075865 1.5000000000000002 0.054293524848495194 66722.500000000015 67521.000000000015 88.500000000000014 0.16064516129032261 0.051432940262870375 0.094160272804774098 1.6687278934347927 0.066281701391200168 4.5000000000000009 0.041030361748253481 1.5000000000000002 0.039522628879635778
decision_type=2 2 2 2 2 2 2 2 2 2 2 2 2 2 2 2 2 2 2 2 2 2 2 2 2 2 2 2 2 2
left_child=1 2 3 4 5 6 7 8 13 -10 12 -12 -11 -1 17 -16 -17 -15 23 -20 21 -21 -23 -4 -24 -26 27 29 -29 -6
right_child=-2 -3 18 -5 26 -7 -8 -9 9 10 11 -13 -14 14 15 16 -18 -19 19 20 -22 22 24 -25 25 -27 -28 28 -30 -31
leaf_value=-0.0011402455166050829 0.00075711449719535761 0.0011406907126923526 0.015824026503772716 -0.0046749132258107288 -0.0034843496011678892 0.014191621336365796 -0.0033314088030825515 0.00067489981361030637 -0.052239537791597082 0.026819085987452796 0.36580075749869473 0.038201112195860594 0.15850630557233192 0.0099298768324499968 -0.012060161332541001 0.023372267626171853 0.23357280020849217 0.13733056733066679 0.19636237654774269 0.0080304201243294963 -0.029841098630953453 0.19060764946711345 0.0011620057221544764 -0.012750513462097771 0.21971389105484326 0.024337103345356118 -0.0041505162593587176 -0.0024590309587310807 0.0014723160860853697 -0.018986861024481959
leaf_weight=283.12056043371558 15985.924202533439 4888.6965957134962 36.821313332766294 1646.5472226534039 1422.0909213973209 129.6608555316925 1347.9713378418237 4934.288296148181 3.230367939919236 13.147590944543483 1.1947737205773585 1.6460790019482372 1.8883207831531752 268.29722804948688 3.5573641397058946 2.5812429785728455 2.4340470246970654 1.8415221720933903 1.5930658429861058 363.26187233999372 14.750372724607585 2.0468237884342697 10.681100707501171 100.26337707601488 1.4631111733615387 3.7043009176850319 2568.1144466567785 2673.1261345278472 3958.1899517998099 97.901555728167295
leaf_count=5972 320426 92439 666 32220 38359 2440 28006 97325 83 264 26 35 36 5373 55 40 38 39 24 6286 257 35 150 1736 25 46 57395 58053 87241 2595
internal_value=-1.19008e-05 -0.000507921 -0.000913018 -0.00108844 -0.000755075 0.000692349 0.000437392 0.00135819 0.00714188 0.0465765 0.0644327 0.175979 0.0433573 0.00566038 0.0125686 0.0683516 0.125388 0.0107984 0.00544014 0.00906657 0.00831292 0.00978944 0.0454962 -0.00507532 0.0267551 0.0796565 -0.00169958 -0.000927397 -0.000112435 -0.00448285
internal_weight=40770 24784.1 19895.4 19360.8 17714.3 6994.86 6865.2 5517.23 582.939 21.1071 17.8768 2.84085 15.0359 561.832 278.711 8.57265 5.01529 270.139 534.585 397.501 395.908 381.157 17.8953 137.085 15.8485 5.16741 10719.4 8151.31 6631.32 1519.99
internal_count=837685 517259 424820 415595 383375 139732 137292 109286 11961 444 361 61 300 11517 5545 133 78 5412 9225 6823 6799 6542 256 2402 221 71 243643 186248 145294 40954
is_linear=0
shrinkage=0.05


Tree=90
num_leaves=31
num_cat=0
split_feature=25 19 20 24 22 19 19 19 10 8 0 7 20 18 19 10 8 25 8 8 10 0 8 7 0 8 25 19 6 20
split_gain=6.32231 6.86274 6.72156 10.8123 13.1196 13.2099 12.8639 11.0066 9.87257 18.293 8.78169 9.38476 11.5231 9.81043 16.4045 16.1548 18.9462 13.7019 12.3603 16.9608 23.8975 31.0518 18.2493 16.0751 10.9391 16.9565 15.3061 12.1227 9.61399 15.9279
threshold=786214.00000000012 0.037064512583800426 0.073346462366107895 16.500000000000004 1.5000000000000002 0.043788213234344883 0.048971713837912254 0.043342089310971922 0.052284953125965185 1.8672016205362001 54.500000000000007 206590.00000000003 0.074102089987112693 0.05704843021705993 0.051303277296654785 0.061095969453638703 1.8134527976939816 73020.000000000015 1.7574875106093129 1.6209420861965491 0.054826582585496005 7.5000000000000009 1.7164172829911466 88679.500000000015 1.5000000000000002 1.8747296645150644 55284.500000000007 0.059546274105653919 1.5000000000000002 0.087129054520358878
decision_type=2 2 2 2 2 2 2 2 2 2 2 2 2 2 2 2 2 2 2 2 2 2 2 2 2 2 2 2 2 2
left_child=1 -1 -3 -4 6 7 -5 8 -6 -10 11 12 -8 18 -15 -16 17 28 19 23 -21 22 -22 -14 25 27 -27 -20 -17 -30
right_child=-2 2 3 4 5 -7 10 -9 9 -11 -12 -13 13 14 15 16 -18 -19 24 20 21 -23 -24 -25 -26 26 -28 -29 29 -31
leaf_value=-0.0027753283957836191 0.00061131081668591041 -0.00043430048811528098 -0.00073231397605892493 -0.01638384803357442 -0.00058838324121100825 0.002248434915538413 0.20994842661732216 0.18720264810991882 0.030197722497434167 0.2800123328361046 -0.029761402667437209 -0.0010556865528568058 -0.053144538523666719 0.17689274859323473 -0.019116398715394774 0.08713983659695991 -0.0010154728704624345 0.022732891773592109 -0.052646800595170885 0.047216692583874731 0.28729332272834013 0.4800541217942253 0.023668516827157201 0.12393907714353017 -0.028619164295909993 0.048410389402169435 0.2737628572075011 0.15398848094194556 0.40132754995980885 0.12598637063323334
leaf_weight=3161.7493020640686 20368.951867045835 16603.776433458552 368.93685074150562 12.463652810081838 5.8000005874782783 179.3002047855407 1.1418851371854533 1.4556012637913216 2.4124357402324681 1.0525240339338777 4.3063091728836289 9.6004217546433193 2.3482893593609351 1.74265602976084 13.328627912327649 1.4239965006709083 5.7772637363523245 1.9623051546514032 2.665794717147945 2.501323264092207 1.3222769647836692 1.0325474739074705 1.3037301134318111 2.8211823869496584 4.1146926265209913 1.4847301412373783 1.529933229088783 0.96735816076397885 0.99032729677856002 1.118398046121001
leaf_count=87930 357072 379121 7905 300 148 3769 26 30 53 24 89 195 47 39 285 28 122 32 60 58 27 24 26 53 90 37 29 21 21 24
internal_value=-1.18155e-05 -0.00063398 -0.000241235 0.00480772 0.0124926 0.005472 0.030058 0.0593858 0.0393048 0.106082 0.0391758 0.0441923 0.0529543 0.0492531 0.0286463 0.0181449 0.0622036 0.12867 0.0738258 0.110278 0.166322 0.247753 0.156412 0.0434969 0.0354539 0.0751121 0.162776 0.00237162 0.187514 0.255296
internal_weight=40769.4 20400.4 17238.7 634.905 265.968 190.021 75.9477 10.7206 9.26496 3.46496 63.484 59.1777 49.5773 48.4354 26.3436 24.6009 11.2723 5.49503 22.0919 11.3293 6.15988 3.65855 2.62601 5.16947 10.7625 6.64782 3.01466 3.63315 3.53272 2.10873
internal_count=837685 480613 392683 13562 5657 4024 1633 255 225 77 1333 1244 1049 1023 551 512 227 105 472 235 135 77 53 100 237 147 66 81 73 45
is_linear=0
shrinkage=0.05


Tree=91
num_leaves=31
num_cat=0
split_feature=2 10 19 10 14 20 22 9 14 8 2 16 0 9 8 7 7 10 7 24 18 16 14 7 9 8 18 9 7 16
split_gain=5.86223 7.71689 7.44675 8.3986 19.219 9.24201 12.732 10.6728 7.73548 7.386 11.0722 10.159 8.95309 7.82549 8.93671 10.8598 9.27898 14.4195 12.4876 11.4922 7.64852 12.3892 30.8694 10.2017 9.4469 20.0095 17.5792 10.7778 8.13381 10.1735
threshold=4.5000000000000009 0.060006858710562418 0.18898809523809526 0.12095088819226753 4.5000000000000009 0.049907189624989308 1.0000000180025095e-35 0.059675307672165494 9.5000000000000018 1.8398049952482287 1.5000000000000002 1.5000000000000002 52.500000000000007 0.22401433691756276 1.61537906892284 38756.500000000007 84529.000000000015 0.055669069182253929 155321.50000000003 16.500000000000004 0.05771593271593272 31.500000000000004 12.500000000000002 66722.500000000015 0.11180555555555556 0.8264008068883284 0.029764022709751526 0.28991596638655465 56210.000000000007 9.5000000000000018
decision_type=2 2 2 2 2 2 2 2 2 2 2 2 2 2 2 2 2 2 2 2 2 2 2 2 2 2 2 2 2 2
left_child=1 9 3 8 5 -5 7 -7 -2 10 13 -11 -13 -1 16 -16 17 -15 -18 -20 23 -22 -23 28 -25 26 -26 -27 -12 -30
right_child=2 -3 -4 4 -6 6 -8 -9 -10 11 20 12 -14 14 15 -17 18 -19 19 -21 21 22 -24 24 25 27 -28 -29 29 -31
leaf_value=0.0026692684509103041 0.0013804633244899733 0.0010780445816547103 -0.011605164559141229 0.05263435143140105 0.17246237210567564 0.091750353550241692 -0.0076498938704040219 -0.032662372389835569 -0.017137956289500208 -0.00090795910449892748 0.00080376488623009202 -0.0038546067175044955 -0.015237428520398433 -0.0536517161958339 0.12729393143747006 -0.0092842518337092842 0.23017267142997608 0.15568012438527545 -0.026939309592995953 0.14639467637675282 -0.0040688541778837843 0.39896791701684681 -0.015623135523837995 -0.0017354092219853093 -0.053880102967189016 0.0089038208699747361 0.16979592602347784 -0.017174063764604352 0.0084493518357648262 -0.022062712344433206
leaf_weight=2505.430437957868 7693.4208804965019 7704.80608263053 111.78208627179265 12.646728862076996 1.9915367476642121 6.5013449471443874 39.157114859670401 2.3457752913236618 56.808660440146923 6520.6912108641118 4004.7138684671372 2038.5398073513061 188.74221630580723 2.6778720747679494 1.6478600427508343 12.465385068207977 1.5836973898112772 1.1874564513564108 1.8376929610967638 1.9936973005533216 1597.6217716857791 0.66487665288150255 1.382697034627199 7308.0046716500074 1.1911471486091603 291.80901825986803 3.3457568138837814 45.845801547169685 579.31616745702922 28.671153606846929
leaf_count=49005 154655 140293 1920 196 44 97 659 36 2264 136371 79646 60831 6150 45 29 235 26 18 28 30 30431 20 46 156064 19 5701 47 896 10943 940
internal_value=-1.1836e-05 -0.000306345 0.00120877 0.00139211 0.0196265 0.014608 0.00458989 0.0587629 0.00124472 -0.000730638 -0.000104538 -0.00190378 -0.0048192 0.00293803 0.0317225 0.00666259 0.0698326 0.0106565 0.112073 0.0632565 -0.000659568 -0.00391133 0.119001 -0.000235383 -0.00135521 0.00676455 0.111071 0.00536304 0.00162185 0.00701048
internal_weight=40768.8 32844.2 7924.65 7812.87 62.6425 60.651 48.0042 8.84712 7750.23 25139.4 16391.4 8747.97 2227.28 2528.82 23.3937 14.1132 9.28042 3.86533 5.41509 3.83139 13862.6 1599.67 2.04757 12262.9 7650.2 342.192 4.5369 337.655 4612.7 607.987
internal_count=837685 677814 159871 157951 1032 988 792 133 156919 537521 334169 203352 66981 49416 411 264 147 63 84 58 284753 30497 66 254256 162727 6663 66 6597 91529 11883
is_linear=0
shrinkage=0.05


Tree=92
num_leaves=31
num_cat=0
split_feature=11 0 20 20 2 19 4 19 4 16 9 17 10 18 0 20 8 7 25 21 9 7 25 18 7 19 7 20 19 6
split_gain=5.77981 6.41682 7.66906 9.29985 7.54398 7.82854 8.78372 12.5609 6.71468 14.5519 15.5101 17.4223 20.9434 13.277 7.4716 16.3302 8.80647 11.1281 13.2031 22.7718 20.8039 8.18792 16.3867 17.232 8.28815 10.9018 13.0035 16.6873 24.8547 9.39629
threshold=0.051963024990569533 92.500000000000014 0.061196351190263031 0.065844887622665424 4.5000000000000009 0.14434523809523811 2.5000000000000004 0.34848484848484856 1.5000000000000002 5.5000000000000009 0.05573882498440013 0.057983193277310933 0.045501599849425943 0.057017529241040532 47.500000000000007 0.066729088639201004 1.8234171397687837 19606.500000000004 35694.500000000007 0.051432940262870375 0.038341497247388279 800.50000000000011 786214.00000000012 0.050885230581625272 243333.00000000003 0.058485944378329047 247869.50000000003 0.057405846264304075 0.062010301931273992 3.5000000000000004
decision_type=2 2 2 2 2 2 2 2 2 2 2 2 2 2 2 2 2 2 2 2 2 2 2 2 2 2 2 2 2 2
left_child=-1 4 -3 -4 -2 8 7 -7 9 -6 11 12 -11 -13 21 -16 -17 -18 -19 -20 -21 22 -10 -24 29 -26 27 28 -27 -23
right_child=1 2 3 -5 5 6 -8 -9 14 10 -12 13 -14 -15 15 16 17 18 19 20 -22 24 23 -25 25 26 -28 -29 -30 -31
leaf_value=-0.00049004658712511627 0.00033156211275967842 -0.019550999353913735 0.080124292008009246 -0.026416937797724634 0.011230386112887052 -0.001816092788968519 -0.025974226129857954 0.15356702082857496 -0.013162360872594925 0.49372114951440643 -0.01238716225608783 -0.022241319053287356 0.13318687604601279 0.21372913681243039 0.0079367518641553902 0.019157262074131681 -0.053731009592009132 0.0018329740993332907 0.34297946332021567 0.2521889857480622 0.019195245041601233 0.0001003607820263277 0.018292246408770724 0.21897112843468786 0.002412720259037601 0.29425213553868784 0.020036653537304532 0.0052698052127748566 0.07008548388007077 0.011288621271044285
leaf_weight=24774.711219766177 13450.240629214793 66.373476909473538 4.4921158943325263 3.7648876458406448 95.784575276076794 5.794590273872017 40.211957514286041 1.6770549602806566 4.9047107398509961 0.64179352484643359 2.4941571429371834 1.6633612867444756 1.0817120559513567 0.92906392365694035 264.77848656475544 6.8821791671216479 1.0882359985262136 1.8413916416466234 1.261297535151243 1.4743773899972437 2.7358815185725689 1746.6954386699945 2.095975823700428 2.1847618520259857 42.450835444033146 1.8712585270404831 20.385779341682792 3.3980324883013964 3.6455013193190098 210.24835421703756
leaf_count=517259 271036 1474 82 75 1710 102 733 21 100 22 67 42 35 14 5348 124 18 45 22 28 42 33660 37 30 876 37 362 62 67 4155
internal_value=-1.17138e-05 0.000729266 -0.0138978 0.0315454 0.000797842 0.00333877 -0.0167239 0.0330606 0.003734 0.0162514 0.0868732 0.144235 0.267441 0.0623249 0.00317996 0.0108375 0.0610915 0.0954437 0.117642 0.156617 0.100787 0.00212761 0.0492281 0.120713 0.00191435 0.0186047 0.0420636 0.0924335 0.146122 0.00130239
internal_weight=40767.8 15993.1 74.6305 8.257 15918.5 2468.22 47.6836 7.47165 2420.54 102.595 6.81009 4.31593 1.72351 2.59243 2317.94 280.062 15.2834 8.40118 7.31295 5.47156 4.21026 2037.88 9.18545 4.28074 2028.7 71.7514 29.3006 8.91479 5.51676 1956.94
internal_count=837685 320426 1631 157 318795 47759 856 123 46903 1890 180 113 57 56 45013 5627 279 155 137 92 70 39386 167 67 39219 1404 528 166 104 37815
is_linear=0
shrinkage=0.05


Tree=93
num_leaves=31
num_cat=0
split_feature=21 9 19 7 7 18 19 21 25 25 10 18 12 25 1 16 16 8 22 24 16 9 3 10 17 0 19 12 25 25
split_gain=5.6281 8.77321 8.79799 9.62007 8.49985 10.4893 13.9636 10.7293 10.1616 19.7769 9.57959 8.57979 7.74932 11.0579 9.73029 9.88194 33.5065 27.5731 9.22786 8.91203 10.7832 8.87445 8.69265 8.17943 8.08804 11.8307 8.3905 24.3195 7.70705 7.35106
threshold=0.059714795008912663 0.25462962962962971 0.044107670205124121 239795.50000000003 12456.000000000002 0.054872573240818623 0.078471884621617263 0.13484848484848486 231.50000000000003 35.500000000000007 0.049905406641567833 0.058337292132696152 1.0000000180025095e-35 100.50000000000001 1.5000000000000002 30.500000000000004 32.500000000000007 1.7675465131152872 4.5000000000000009 20.500000000000004 1.5000000000000002 0.16784037558685447 1.5000000000000002 0.03701946728512194 0.040408163265306128 14.500000000000002 0.052645032827467443 2.5000000000000004 38.500000000000007 1.0000000180025095e-35
decision_type=2 2 2 2 2 2 2 2 2 2 2 2 2 2 2 2 2 2 2 2 2 2 2 2 2 2 2 2 2 2
left_child=12 4 -3 -4 5 6 7 8 9 -2 -9 -6 18 14 15 -14 17 -17 -1 20 -20 -16 -22 -18 26 28 -23 -28 -26 -13
right_child=1 2 3 -5 11 -7 -8 10 -10 -11 -12 29 13 -15 21 16 23 -19 19 -21 22 24 -24 -25 25 -27 27 -29 -30 -31
leaf_value=0.00056860738105777263 0.0041909265069780951 0.11553223367011933 0.0097126272952443131 0.12332165829040789 0.000400600679128726 -0.019571746546926456 0.17044882379377149 -0.02382790528883735 0.012901731239801636 0.33730504300595743 0.029524616855339719 0.021838008751089499 -0.012611803315236415 -0.00019254959615380558 -0.0036036605897655561 0.52704422391170158 0.13896995661840605 0.038945862079573526 -0.0016336282979786947 0.0017400246555952397 -0.0051792959632815504 -0.016494153332321165 -0.020231288966856387 -0.038153444501116837 -0.05215490556292196 0.28127764438842218 0.021718677917247894 0.27729671689463831 0.16925511438843399 0.0058516717579665586
leaf_weight=26472.241126218811 0.88408693484961876 2.8770413585007217 17.414629817008976 2.0866058655083171 928.64047469757497 88.62290527485311 1.3292827680706967 21.700048744678497 2.2921037692576647 0.89829145558178425 13.741244284436105 83.240513943135738 438.63794944621623 2638.6717106485739 1092.8689406113699 0.6047916505485762 0.78813186287879933 0.55473533645272255 6097.1775931641459 1842.5467044021934 333.56268063746393 8.5611871257424408 134.6340678203851 3.7678924407809973 0.93520371802151137 0.74975821003317822 7.4695472121238691 1.0632748734205959 0.67796554416418076 528.31875564344227
leaf_count=517768 21 34 173 15 16028 1439 17 377 54 22 216 1322 16524 75624 39438 21 35 25 112899 34454 8668 307 3594 149 25 20 225 33 20 8138
internal_value=-1.16743e-05 0.00281151 0.0339104 0.0218686 0.0023947 -0.00990992 0.0110537 0.00569175 0.0825321 0.172075 -0.00314215 0.00342902 -0.000133924 -0.0021642 -0.00550627 -0.0117607 0.05356 0.293531 0.000110275 -0.00133278 -0.00219515 -0.00300775 -0.00950763 -0.00751344 0.0304635 0.11717 0.0184779 0.0535663 0.0408969 0.0080276
internal_weight=40767.6 1692.05 22.3783 19.5012 1669.67 129.468 40.8451 39.5158 4.07448 1.78238 35.4413 1540.2 39075.5 4195.35 1556.68 444.354 5.71555 1.15953 34880.2 8407.92 6565.37 1112.33 468.197 4.55602 19.4569 2.36293 17.094 8.53282 1.61317 611.559
internal_count=837685 27856 222 188 27634 2146 707 690 97 43 593 25488 809829 132446 56822 16754 230 46 677383 159615 125161 40068 12262 184 630 65 565 258 45 9460
is_linear=0
shrinkage=0.05


Tree=94
num_leaves=31
num_cat=0
split_feature=7 8 6 10 8 17 9 20 19 7 7 9 19 7 10 20 8 7 4 25 7 7 10 9 8 7 8 20 20 20
split_gain=5.61287 9.0734 11.6543 10.3625 14.7752 7.64908 8.95426 7.54856 17.2308 7.68986 7.84701 7.23086 11.8111 8.88657 8.6299 7.49772 7.44978 9.91521 11.0423 9.08946 14.0322 13.4009 12.1365 10.5045 8.73871 10.8868 10.4967 11.2935 8.79154 15.6018
threshold=229291.00000000003 1.4404182288811544 2.5000000000000004 0.068939499063345608 0.52805973025047626 0.13840996168582378 0.055366492971767219 0.029218423186921076 0.05771754492226934 236385.00000000003 252965.00000000003 0.10557275541795667 0.047638118122699628 246849.00000000003 0.028388942617666026 0.072128904497622395 1.7772440273081243 248802.50000000003 2.5000000000000004 33031.000000000007 239795.50000000003 237521.00000000003 0.054381763177287365 0.15047169811320757 1.8398049952482287 241021.00000000003 1.9073113649169404 0.05584405692694238 0.051918038736367862 0.050176661956464766
decision_type=2 2 2 2 2 2 2 2 2 2 2 2 2 2 2 2 2 2 2 2 2 2 2 2 2 2 2 2 2 2
left_child=-1 2 7 5 -5 -4 -7 8 -2 -9 -11 -3 13 15 -14 -13 -16 18 19 20 23 22 -21 -18 28 -26 27 -27 29 -20
right_child=1 11 3 4 -6 6 -8 9 -10 10 -12 12 14 -15 16 -17 17 -19 24 21 -22 -23 -24 -25 25 26 -28 -29 -30 -31
leaf_value=0.00016454073003486917 -0.0017353819249255329 -0.0033904724025106471 -0.023300741519927601 0.13975191988413255 0.0066886462071998557 -0.053814080922071954 0.10537917631641913 -0.0054890135658349206 0.23976933711637882 0.022327888316284506 -0.010204767299295503 -0.0029983195064783984 0.14651337316276311 -0.041105528381173956 -0.0020605523942493135 0.10890207671798716 0.17711609029383515 -0.017343397955398888 0.059291055831199424 0.19540756511190049 0.30366051616426604 -0.006520036251807507 0.042148685396997843 -0.053517584884128569 -0.018139455465863121 0.0071925103520998268 0.011753437904944014 0.17699439444240517 0.01798935201013695 0.25942677693445487
leaf_weight=37396.060266790912 1.9395683705806726 2886.0587926004082 60.973475873470306 2.3022179678082493 22.234920391812921 1.3649807460606092 2.5032823458313942 47.6522201821208 1.1927796453237531 127.21439629234374 21.696835946291685 51.212639894336462 1.2490005642175663 17.208480032160878 44.144905002787709 1.542018424719571 1.0885013341903662 12.51246967166662 7.5485953036695737 2.2099749743938446 0.97933829016983498 5.2984900698065758 3.1090502310544252 0.90351055562496174 19.974512629210949 1.6614519357681263 9.9476128071546537 2.3847607374191284 11.162322416901587 1.1180151384323833
leaf_count=766107 36 63180 1031 27 346 23 39 783 20 2064 333 1092 23 374 745 28 26 228 137 37 20 85 48 18 381 32 177 41 185 19
internal_value=-1.15912e-05 -0.00196586 0.00650404 -0.00850232 0.0191734 -0.0189753 0.0492052 0.0132205 0.0902282 0.0119933 0.0175878 -0.00276046 0.00655164 -0.00990502 0.015741 0.000272529 0.0144243 0.0235323 0.0311222 0.0713942 0.148695 0.0497613 0.105825 0.0725083 0.0209498 0.00555315 0.0393715 0.107271 0.0473253 0.0851091
internal_weight=40766.4 3370.39 289.075 89.3789 24.5371 64.8417 3.86826 199.696 3.13235 196.563 148.911 3081.31 195.256 69.9631 125.293 52.7547 124.044 79.8986 67.3861 13.5889 2.97135 10.6175 5.31903 1.99201 53.7973 33.9683 13.9938 4.04621 19.8289 8.66661
internal_count=837685 71578 4702 1466 373 1093 62 3236 56 3180 2397 66876 3696 1494 2202 1120 2179 1434 1206 234 64 170 85 44 972 631 250 73 341 156
is_linear=0
shrinkage=0.05


Tree=95
num_leaves=31
num_cat=0
split_feature=20 10 16 14 20 7 7 18 4 20 24 24 7 9 19 9 3 8 7 22 0 20 16 25 7 1 20 6 19 7
split_gain=5.51414 6.39344 7.82151 10.7748 17.6608 7.60665 7.93078 11.1374 14.5098 7.2045 10.4957 7.23382 11.4972 10.7293 13.6891 21.078 16.3643 12.8854 20.5647 10.2781 10.0719 12.1598 12.0602 9.51716 8.0013 6.56015 10.7053 11.9934 9.64494 9.71364
threshold=0.03132570101211217 0.034185831918375091 9.5000000000000018 6.5000000000000009 0.023603476452235927 18968.000000000004 15140.500000000002 0.030338431039365624 2.5000000000000004 0.028275237181537152 9.5000000000000018 20.500000000000004 172799.50000000003 0.035106977102470786 0.027125213506766523 0.090760933981272982 -1.0000000180025095e-35 1.861891736077361 138741.00000000003 3.5000000000000004 65.500000000000014 0.025339387268391123 1.0000000180025095e-35 786214.00000000012 96801.500000000015 1.5000000000000002 0.012232530300763133 3.5000000000000004 0.059298973615914512 7711.0000000000009
decision_type=2 2 2 2 2 2 2 2 2 2 2 2 2 2 2 2 2 2 2 2 2 2 2 2 2 2 2 2 2 2
left_child=1 2 3 5 -5 6 -1 -8 -9 10 -7 12 13 17 15 16 19 18 -12 -15 21 -16 -23 -20 -22 -3 27 28 29 -27
right_child=-2 25 -4 4 -6 9 7 8 -10 -11 11 -13 -14 14 20 -17 -18 -19 23 -21 24 22 -24 -25 -26 26 -28 -29 -30 -31
leaf_value=0.0034267218005835606 0.00011497115246187633 -0.0054912650234532172 -0.042100773053219215 0.26825913249247096 -0.014319959624701024 -0.014888664893563414 -0.029015598783839931 0.23072306505709073 0.040242756037253781 -0.021239071758184541 0.0093779774186123765 -0.0069648586867100881 -0.019078847347399591 0.30790417857027813 0.008609582838377686 0.36258933043736574 -0.052165162611079112 -0.027125182390792271 0.32647683089486729 0.062329385968517295 0.054934926296008872 0.2431370392193275 0.0021811152016325023 0.10561997050624372 0.27284804453825717 0.12969132172759235 -0.00011304495983156972 -0.031739293284865862 0.072252083079623414 0.015004725289218819
leaf_weight=32.255576089024544 38926.773267967626 539.83942036889493 16.395658133551478 0.93624780699610655 1.3505168389528988 130.51329661533237 2.1363786309957495 1.5868666619062421 2.702286459505558 98.907568858936429 6.5102341789752263 55.336147217079997 15.108133280649779 0.83298087120056175 13.943504335358744 0.84361455775797356 1.3206394631415634 12.141014086082576 0.79298941604793083 0.87222390063107014 0.9312678463757027 1.1837479099631303 0.92516938038170327 1.2673543877899647 0.76916219107806683 1.9187576640397299 829.08228356391191 9.6240901872515661 10.369567066431044 48.875576499849558
leaf_count=822 792396 13153 723 25 55 3655 53 34 71 2735 180 1490 406 21 346 21 35 372 25 22 22 26 28 32 20 42 19287 229 201 1158
internal_value=-1.14322e-05 -0.00268666 -0.00828243 -0.00683534 0.101374 -0.00748502 0.0135316 0.0642571 0.110715 -0.00986067 -0.0052349 0.00593698 0.0183658 0.0317291 0.0563649 0.14158 0.0799618 0.00600998 0.052949 0.182291 0.0377912 0.0255338 0.137431 0.190624 0.153504 -0.00113367 0.00148049 0.0201443 0.0283081 0.019337
internal_weight=40766 1839.27 399.563 383.167 2.28676 380.88 38.6811 6.42553 4.28915 342.199 243.291 112.778 57.442 42.3339 21.6223 3.86946 3.02584 20.7116 8.57058 1.7052 17.7529 16.0524 2.10892 2.06034 1.70043 1439.71 899.87 70.788 61.1639 50.7943
internal_count=837685 45289 11219 10496 80 10416 980 158 105 9436 6701 3046 1556 1150 541 99 78 609 237 43 442 400 54 57 42 34070 20917 1630 1401 1200
is_linear=0
shrinkage=0.05


Tree=96
num_leaves=31
num_cat=0
split_feature=25 17 6 9 0 8 9 10 10 8 22 15 22 8 7 21 11 7 6 10 25 0 24 25 25 16 24 1 8 9
split_gain=5.40279 6.56814 7.17352 8.62204 7.70615 8.04348 7.30566 9.18075 8.86681 7.22364 10.7672 19.8169 7.20978 9.39114 10.6946 8.58906 8.24526 7.5688 8.12845 10.8837 12.2063 6.99748 8.15458 8.1627 9.58534 6.94779 6.94632 6.47778 10.854 7.95077
threshold=786214.00000000012 0.40833333333333338 3.5000000000000004 0.026266508969051847 1.0000000180025095e-35 2.0456257733539456 0.056007935021206497 0.07147044046223415 0.13994288045695638 1.244579944061633 1.5000000000000002 0.87500000000000011 4.5000000000000009 2.0545018661317744 146683.00000000003 0.46428571428571436 0.050343962067630442 219807.00000000003 1.5000000000000002 0.060196030719067296 102218.50000000001 41.500000000000007 12.500000000000002 22838.500000000004 118243.00000000001 5.5000000000000009 6.5000000000000009 1.5000000000000002 1.4404182288811544 0.53571428571428581
decision_type=2 2 2 2 2 2 2 2 2 2 2 2 2 2 2 2 2 2 2 2 2 2 2 2 2 2 2 2 2 2
left_child=1 27 4 9 5 6 8 -8 -3 -4 11 26 16 -14 15 -15 -7 18 19 20 -18 22 23 -12 -25 -5 -11 -1 -29 -30
right_child=-2 2 3 25 -6 12 7 -9 -10 10 21 -13 13 14 -16 -17 17 -19 -20 -21 -22 -23 -24 24 -26 -27 -28 28 29 -31
leaf_value=-0.0022507340403428839 0.00056421121496178157 -0.0019852950993519943 0.14672497925083863 0.0060100762361653889 -0.0046568906972242518 -0.02086964485439936 0.012988009510127435 -0.033202386306096461 0.10890988505827626 0.09609976618916162 0.0035001767904316431 0.18528084206396706 0.1682579761350359 -0.053269059409854339 0.11713107117863736 0.086374424189682761 -0.0036638775463772367 -0.0539386056035559 0.014374608110908292 0.17875664928999918 0.14828151868401943 -0.042469183810963831 -0.0059368425151231502 0.18094658521117021 0.016043717921253236 0.092081420628755475 -0.034410182193474463 0.0049331541045004486 -0.0006443085493588181 0.033511371829862205
leaf_weight=5474.7083107028157 20384.679846104234 317.61079711280763 1.4786768779158617 112.78003606945276 314.67408926598728 10.626573609188201 204.27025091275573 11.355616841465233 1.8128162696957577 1.6683555841445947 2.6052630506455916 2.915717352181673 1.7775029614567737 3.1557003334164619 2.8785007987171412 1.6913068071007726 3.9777721818536573 2.2141227982938281 10.250982660800217 2.1193513609468937 1.9795118048787115 4.3948923088610163 7.3154485821723938 2.335049226880074 1.415394891053438 2.394379958510398 2.6216854657977819 951.86309079639614 12905.107772409916 17.060707567259669
leaf_count=136763 357072 5017 16 1630 4960 172 2819 144 20 27 43 43 21 57 39 14 64 34 160 24 32 72 120 33 21 35 45 18359 309492 337
internal_value=-1.13515e-05 -0.000587016 0.00329893 0.0137387 0.00163488 0.0050738 0.00344438 0.0105555 -0.00135593 0.0393103 0.0330254 0.084702 0.0265096 0.0646348 0.040793 -0.00454209 0.0148854 0.0333821 0.0439311 0.0814447 0.0468252 0.0124138 0.0300571 0.0714863 0.118713 0.00779943 0.0163439 -0.000794345 -0.000219652 -0.000599214
internal_weight=40765.7 20381.1 1032.32 141.925 890.395 575.721 535.049 215.626 319.424 26.7505 25.2718 7.20576 40.6713 9.50301 7.72551 4.84701 31.1683 20.5417 18.3276 8.07664 5.95728 18.066 13.6712 6.35571 3.75044 115.174 4.29004 19348.7 13874 12922.2
internal_count=837685 480613 15662 2085 13577 8617 8000 2963 5037 420 404 115 617 131 110 71 486 314 280 120 96 289 217 97 54 1665 72 464951 328188 309829
is_linear=0
shrinkage=0.05


Tree=97
num_leaves=31
num_cat=0
split_feature=20 4 20 24 9 8 2 8 8 10 20 18 18 18 7 10 7 0 6 10 8 19 18 14 18 7 8 8 20 11
split_gain=5.35535 10.1012 7.70964 12.261 10.7141 8.43321 7.95849 14.1765 10.0226 10.5171 8.78223 8.59463 8.36897 9.37354 13.6003 7.71148 17.4367 7.66163 11.191 12.6148 9.95156 7.58387 8.22447 9.41615 12.0567 11.1199 8.49993 9.53368 9.39885 14.0951
threshold=0.050641131020877868 1.5000000000000002 0.047255040756606075 18.500000000000004 0.072395406070549645 2.2664457163570444 3.5000000000000004 2.0778186479520748 2.0679071523046426 0.046164946164946173 0.049907189624989308 0.054541835552982053 0.055591885372162649 0.055225313631774769 155321.50000000003 0.063610089332632694 165932.00000000003 23.500000000000004 3.5000000000000004 0.041657628344179326 1.9734170564399922 0.085889929742388779 0.048068151189069278 1.0000000180025095e-35 0.041721061792863369 125194.50000000001 1.7454524393965982 0.92579609661032014 0.053584021761031643 0.050303548014050625
decision_type=2 2 2 2 2 2 2 2 2 2 2 2 2 2 2 2 2 2 2 2 2 2 2 2 2 2 2 2 2 2
left_child=1 2 3 -1 6 15 7 8 10 -10 -4 -9 13 17 -15 -5 -17 18 -8 -20 -19 -2 23 24 -23 -26 27 -24 29 -28
right_child=21 -3 4 5 -6 -7 12 11 9 -11 -12 -13 -14 14 -16 16 -18 20 19 -21 -22 22 26 -25 25 -27 28 -29 -30 -31
leaf_value=-0.0054817306131031227 0.00056102273257180953 -0.00088153195299661398 0.012805813032038342 0.0060947439419183234 -0.0048277918228996916 0.15578305784573385 0.018511516464139021 -0.029477751382132763 0.22219730002749044 -0.0025660922906825395 0.0022338261805742248 0.0071497641901067588 0.0014311150793271464 0.19173552568429203 -0.016490960886598984 0.010788182572250081 0.23424777864047763 -0.029420083600112397 0.24242574025082872 -0.0010613673934063484 0.05232634672338763 -0.017035119327844083 0.091480659896077343 -0.025740605805619311 0.067458837501169641 0.25184279033122736 -0.016537793682631381 -0.02060284838739089 0.01658741573914926 0.1971189551352345
leaf_weight=568.29571008682251 17820.489742947742 20415.728866030462 281.57140102982521 242.16654681228101 257.4736597314477 0.95969071052968402 215.52604970708489 48.244465200230479 1.0926597416400903 0.99385569989681233 649.73116067610681 23.975017363205552 112.01257968507707 1.8378259558230632 1.3678118437528608 3.1137064155191174 1.2130955420434473 16.970042066648606 1.1852156966924661 0.96510463766753662 4.7693331819027653 1.3773375712335099 2.0494330786168602 1.8725261185318229 1.6413744911551478 1.6294686794281004 1.3538039568811648 25.544172445312142 57.622558979317546 1.795979483053088
leaf_count=12674 343309 442426 5667 5349 4732 22 4477 1220 28 21 13022 488 2002 36 28 56 19 342 24 20 110 25 26 46 26 24 25 417 991 33
internal_value=-1.11205e-05 -0.000518578 0.00252645 -0.00143677 0.00452494 0.00785281 0.00629527 0.00402408 0.00567542 0.115137 0.00543018 -0.0173184 0.0127355 0.0179545 0.102887 0.00727687 0.073439 0.0168173 0.0196439 0.133144 -0.011486 0.000636089 0.0147342 0.0689238 0.10706 0.159315 0.0107354 -0.0122782 0.0211847 0.105287
internal_weight=40764.6 22849.2 2433.46 815.749 1617.72 247.453 1360.24 1005.61 933.389 2.08652 931.303 72.2195 354.634 242.621 3.20564 246.493 4.3268 239.416 217.676 2.15032 21.7394 17915.4 94.8867 6.52071 4.64818 3.27084 88.3659 27.5936 60.7723 3.14978
internal_count=837685 492763 50337 18120 32217 5446 27485 20446 18738 49 18689 1708 7039 5037 64 5424 75 4973 4521 44 452 344922 1613 121 75 50 1492 443 1049 58
is_linear=0
shrinkage=0.05


Tree=98
num_leaves=31
num_cat=0
split_feature=11 0 20 20 24 2 19 4 19 7 18 1 7 20 7 19 22 9 7 8 14 3 19 21 19 8 19 2 0 7
split_gain=5.27706 5.81638 6.91551 8.08327 7.24675 6.69589 7.16009 7.93152 9.54747 6.55449 9.49684 20.173 19.9695 7.47833 11.6621 12.4359 12.0444 9.55157 8.23849 7.90306 9.4045 7.02286 6.76126 7.65737 7.44912 6.99668 14.3451 9.75256 7.9054 10.9926
threshold=0.051963024990569533 92.500000000000014 0.061196351190263031 0.069906375945902169 4.5000000000000009 4.5000000000000009 0.14434523809523811 2.5000000000000004 0.34848484848484856 69545.000000000015 0.25657894736842107 1.5000000000000002 25045.500000000004 0.073346462366107895 66722.500000000015 0.053128603432619742 3.5000000000000004 0.078069592198581575 800.50000000000011 1.6808428667646478 1.0000000180025095e-35 1.0000000180025095e-35 0.066281701391200168 0.051432940262870375 0.027125213506766523 1.4886432771608176 0.061872460458712523 2.5000000000000004 7.5000000000000009 7987.0000000000009
decision_type=2 2 2 2 2 2 2 2 2 2 2 2 2 2 2 2 2 2 2 2 2 2 2 2 2 2 2 2 2 2
left_child=-1 5 -3 4 -4 9 -7 8 -8 10 13 -12 -13 22 17 -16 21 18 -15 20 -19 -17 23 24 -2 26 -26 -28 29 -27
right_child=1 2 3 -5 -6 6 7 -9 -10 -11 11 12 -14 14 15 16 -18 19 -20 -21 -22 -23 -24 -25 25 28 27 -29 -30 -31
leaf_value=-0.00046827878682253581 -0.019485776406771581 -0.018858739553977204 0.14383725915855725 -0.05287716856814198 0.024421166057024206 0.0035253468305207268 -0.0017478418859948081 -0.025264097561632354 0.12719060100001475 -0.00061775271493213536 -0.013644174723873047 0.04454542025685157 0.31595309434166718 0.12300348910437207 -0.053255816341505703 0.22878373323326606 0.017970509326660482 -0.020511084570539091 0.012321298389716635 -0.030489752021416291 0.17184358138018807 0.096134968062242782 -0.0054167957165834812 0.0028735252000651702 0.012163379522531889 -0.018549684852126914 0.21947241539700169 0.028392291555537508 0.0038811398674184158 -0.0019300449523214703
leaf_weight=24763.181168642826 55.11563485302031 65.118229852989316 1.7710359245538692 2.2189075574278831 4.494764655828476 2428.6453196164221 5.7869664207100859 39.311345301568508 1.9094064831733701 7800.066036073491 3.7244497165083876 1.5272544585168364 1.2184355687350032 1.7012520302087057 1.6737273838371018 1.7583136390894649 2.7464712932705879 1.4827290326356917 142.99407455511391 21.344195427373052 1.1119798626750705 2.3069701585918665 358.44150647334754 3714.1759539656341 30.723060371354222 115.41117544472218 1.4674046281725162 1.2254239954054353 470.04638939723372 721.42953290790319
leaf_count=517259 1537 1474 30 46 81 46903 102 733 21 161662 61 25 22 32 32 22 38 21 2608 344 25 28 6548 67633 650 2594 30 24 10873 16227
internal_value=-1.09838e-05 0.000696729 -0.0133265 0.0291323 0.0581743 0.000761533 0.00315125 -0.0161765 0.0302407 0.000321729 0.00161835 0.06216 0.164986 0.00154896 0.0116605 0.0688557 0.0988599 0.00878248 0.0136226 -0.0204732 0.0619238 0.153508 0.00122143 0.00168711 -0.00147077 -0.000729964 0.0218622 0.132518 -0.00130762 -0.00422211
internal_weight=40764.1 16000.9 73.6029 8.48471 6.2658 15927.3 2475.65 47.0077 7.69637 13451.7 5651.63 6.47014 2.74569 5645.16 177.12 8.48548 6.81176 168.634 144.695 23.9389 2.59471 4.06528 5468.04 5109.59 1395.42 1340.3 33.4159 2.69283 1306.89 836.841
internal_count=837685 320426 1631 157 111 318795 47759 856 123 271036 109374 108 47 109266 3150 120 88 3030 2640 390 46 50 106116 99568 31935 30398 704 54 29694 18821
is_linear=0
shrinkage=0.05


Tree=99
num_leaves=31
num_cat=0
split_feature=8 11 19 7 9 18 10 25 22 22 2 20 24 6 8 7 18 8 24 10 10 7 22 2 7 19 18 20 24 0
split_gain=5.08304 7.32746 8.88645 8.24153 9.024 12.0836 23.315 18.1781 19.1213 19.2254 8.27248 8.18907 7.76687 11.6366 10.921 16.1955 7.72702 10.8995 8.31716 7.30477 9.49581 11.1932 12.4146 17.4219 17.4601 17.9026 25.7987 10.8919 10.4527 9.28997
threshold=2.1604813465608923 0.053601648584168347 0.017595459236326112 217746.50000000003 0.047206952904471855 0.016597796143250691 0.039732617135141042 34799.500000000007 2.5000000000000004 4.5000000000000009 3.5000000000000004 0.0499194627147923 18.500000000000004 3.5000000000000004 2.1966278771528782 137670.00000000003 0.082859833198816263 2.2183798271810837 5.5000000000000009 0.072057531272614508 0.048372301545738482 13668.500000000002 3.5000000000000004 3.5000000000000004 8616.0000000000018 0.038721035892776014 0.038409195988191348 0.033264177040110657 5.5000000000000009 67.500000000000014
decision_type=2 2 2 2 2 2 2 2 2 2 2 2 2 2 2 2 2 2 2 2 2 2 2 2 2 2 2 2 2 2
left_child=-1 19 3 4 12 -6 7 -7 10 -10 -9 -4 -3 14 15 -14 18 -18 -8 20 21 22 23 24 25 26 -2 -25 -24 -23
right_child=1 2 11 -5 5 6 16 8 9 -11 -12 -13 13 -15 -16 -17 17 -19 -20 -21 -22 29 28 27 -26 -27 -28 -29 -30 -31
leaf_value=8.3472321240377198e-05 0.04988487247042149 -0.0058030693046884785 0.0057491457852000211 -0.026416947664546182 -0.0012317000226865998 -0.017059310452712469 0.079031368877304997 0.011210469708766553 0.37476184468195861 0.11474352472756844 0.19453529152405513 -0.0091365095416839955 0.22634391515682842 0.1836378041749637 0.0039936418723411594 -0.052310267230406132 -0.0076044345746206421 0.21388410063157967 -0.034599809185061746 0.0072081784473250858 -0.018085291439370325 -0.0091186361263181862 0.076512057813692594 0.18112263236989487 0.26666745410772419 -0.029223800269515984 0.40882046242604092 -0.006789210780081021 -0.04526952749204477 0.01535321545280513
leaf_weight=39633.353998812847 1.4701937586069136 29.059374181553721 187.17430057749152 9.6312528364360315 8.7804079018533248 1.4395053759217287 2.2758320793509466 1.5702935326844456 1.7541371081024411 1.1953251734375951 1.0119128823280332 182.45743341930211 1.4353539086878275 1.2716286983340985 10.670366548001764 0.81895133480429638 1.0989630632102492 1.1230876110494135 5.5071000996977091 84.186574127525091 181.01187350973487 349.04960218351334 2.3304066769778711 0.85698416270315458 1.5665919706225393 2.1878250688314438 0.75909600406885136 7.6989102996885777 7.2238621981814504 43.628474103286862
leaf_count=810420 40 736 4489 234 205 46 49 36 37 26 23 4107 35 32 270 20 21 20 118 1552 4149 9280 61 23 39 60 20 208 191 1138
internal_value=-1.08146e-05 -0.00331709 0.00164849 0.0169106 0.0229574 0.046388 0.0710178 0.141216 0.182404 0.269385 0.0830516 -0.0015987 0.0090056 0.0393185 0.0251192 0.125114 0.0221061 0.104342 -0.00137255 -0.00658109 -0.00852305 -0.00436999 0.0287098 0.057804 0.123251 0.0723861 0.172106 0.0120326 -0.0155655 -0.00639969
internal_weight=40763.6 1130.25 448.275 78.6435 69.0122 25.7566 16.9762 6.97117 5.53167 2.94946 2.58221 369.632 43.2557 14.1963 12.9247 2.25431 10.005 2.22205 7.78293 681.97 597.784 416.772 24.0939 14.5396 5.98371 4.41711 2.22929 8.55589 9.55427 392.678
internal_count=837685 27265 10504 1908 1674 581 376 168 122 63 59 8596 1093 357 325 55 208 41 167 16761 15209 11060 642 390 159 120 60 231 252 10418
is_linear=0
shrinkage=0.05


Tree=100
num_leaves=31
num_cat=0
split_feature=16 17 25 24 12 18 18 7 20 22 8 9 3 8 8 19 24 17 20 19 9 20 10 19 9 24 10 7 16 17
split_gain=4.94981 7.96951 7.49067 9.1751 6.83432 9.0087 15.3932 12.3436 11.9754 20.2178 23.193 10.7916 14.7334 15.5748 10.2903 9.07218 6.47289 6.45253 9.21824 11.283 13.0317 9.37653 8.35462 9.53376 19.0059 36.5481 24.1806 7.44468 6.76412 6.60999
threshold=4.5000000000000009 0.77500000000000013 222203.50000000003 18.500000000000004 3.5000000000000004 0.05704843021705993 0.057137379491673974 96801.500000000015 0.050641131020877868 3.5000000000000004 1.8315139503668558 0.025078616352201263 -1.0000000180025095e-35 1.720160782832141 1.6209420861965491 0.049833610188261358 21.500000000000004 0.028991596638655467 0.019386157218916383 0.060205760478717694 0.056025176400516845 0.038660688072170178 0.03673201681197185 0.031808473918108475 0.04942397834554698 19.500000000000004 0.039073028975741247 800.50000000000011 23.500000000000004 0.031754032258064523
decision_type=2 2 2 2 2 2 2 2 2 2 2 2 2 2 2 2 2 2 2 2 2 2 2 2 2 2 2 2 2 2
left_child=4 2 17 -4 -1 11 -7 -8 14 -10 -11 12 13 -6 -9 -15 -5 18 19 -2 -21 22 -20 24 -24 26 -26 -25 -23 -19
right_child=1 -3 3 16 5 6 7 8 9 10 -12 -13 -14 15 -16 -17 -18 29 21 20 -22 28 23 27 25 -27 -28 -29 -30 -31
leaf_value=0.00016444628473229656 0.013479648793226346 0.17374199629603138 -0.0096578611442518156 0.15116033362470568 0.29752904280536674 0.27639787829712198 -0.012478427460123395 0.1517434294334313 -0.0034982855519626538 0.45196641163733303 0.077684273967222869 -0.015828183095151518 -0.030497870880045647 0.0061613644557839903 -0.051813492252079513 0.24791387909539153 0.017335307116944948 0.049825534745055931 -0.030186724024751772 0.038345170333525969 0.24379347330340134 -0.0019498412961419808 -0.023301919888009795 0.14630158170622623 0.33128226940735178 0.44811300460924886 -0.0032955817690025592 -0.010756463320088953 -0.015887510456213189 0.00078079303095148693
leaf_weight=36143.348580496386 28.482510381378237 0.64825427532195945 3.5320889074355355 2.4462924599647526 1.0018369778990748 0.76112544722854991 5.0713901165872795 0.9713997878134254 1.0286648739129307 0.89288370497524716 0.77157367952167988 16.660918835550547 2.3633592482656267 1.734063968062401 1.720526974648237 0.49995569884777058 1.4327979031950233 6.9014123510569325 52.099559110589325 2.2187278848141427 1.183619813993573 2675.1012695627287 5.3494655806571227 0.75732166320085426 0.65335989370942149 0.70025121048092831 3.1131557989865541 203.34666184708476 89.978414577431977 1508.6870772000402
leaf_count=694548 1079 6 94 45 31 22 158 19 30 26 24 537 84 66 56 17 33 247 2184 70 35 87933 215 24 26 24 116 7155 3489 39292
internal_value=-1.08208e-05 -0.0015582 -0.00158298 0.0486438 0.000185362 0.0227661 0.0593036 0.0435012 0.0962203 0.170766 0.278465 0.0043538 0.0644069 0.133722 0.0216414 0.0602636 0.10173 -0.00166428 -0.00298463 0.0237596 0.109817 -0.00326596 -0.0122317 -0.00785885 0.0402727 0.11641 0.0547421 -0.0101737 -0.00240339 0.00100412
internal_weight=40763.5 4586.63 4585.98 7.41118 36176.8 33.4777 11.2176 10.4564 5.38505 2.69312 1.66446 22.2601 5.59922 3.23586 2.69193 2.23402 3.87909 4578.57 3062.98 31.8849 3.40235 3031.1 266.02 213.92 9.81623 4.46677 3.76652 204.104 2765.08 1515.59
internal_count=837685 142067 142061 172 695618 1070 335 313 155 80 50 735 198 114 75 83 78 141889 102350 1184 105 101166 9744 7560 381 166 142 7179 91422 39539
is_linear=0
shrinkage=0.05


Tree=101
num_leaves=31
num_cat=0
split_feature=7 9 13 9 10 8 2 14 19 18 16 25 8 0 24 24 20 22 25 0 14 9 10 7 25 4 24 22 18 2
split_gain=4.93142 8.11065 8.5127 8.29894 7.92094 7.11645 8.73536 8.11324 26.0551 7.76353 6.77438 8.89205 14.7149 15.0948 11.7847 11.7677 13.3711 12.6438 7.08705 6.66894 6.38253 11.7105 14.8711 30.919 6.79891 7.08283 13.253 20.5346 6.0001 11.2521
threshold=229291.00000000003 0.13691420331651047 0.29166666666666669 0.14218328840970354 0.083472686733556303 2.0004550638643206 1.0000000180025095e-35 10.500000000000002 0.057199651216828289 0.1112092658029054 4.5000000000000009 42350.500000000007 1.4495421108679336 4.5000000000000009 13.500000000000002 8.5000000000000018 0.049732870165627635 1.0000000180025095e-35 90107.500000000015 49.500000000000007 3.5000000000000004 0.047975138842297517 0.091153470185728266 243333.00000000003 74340.500000000015 1.5000000000000002 8.5000000000000018 2.5000000000000004 1.0000000180025095e-35 3.5000000000000004
decision_type=2 2 2 2 2 2 2 2 2 2 2 2 2 2 2 2 2 2 2 2 2 2 2 2 2 2 2 2 2 2
left_child=-1 4 3 -3 5 -2 -7 9 -9 -8 11 12 13 -5 15 16 -14 -18 -13 28 24 -22 -23 -24 -6 26 27 -26 29 -20
right_child=1 2 -4 10 20 6 7 8 -10 -11 -12 18 14 -15 -16 -17 17 -19 19 -21 21 22 23 -25 25 -27 -28 -29 -30 -31
leaf_value=0.00015405927461736632 -0.0020572308124325429 0.088978989677647988 0.1225862030814978 0.051776037743708793 -0.013968704230672063 -0.049076066056879399 -0.0095871551067348085 -0.051305015227803244 0.36434506570219799 0.12039457724914433 -0.030157689486844913 -0.040966994487745607 0.17599434139077241 0.27810513619925842 -0.016882153782401963 0.21194406443105282 0.14102358898499881 -0.019340282643596968 -0.024156679383951274 -0.02757731295979959 -0.031323764089515614 -0.017352870615306989 0.063930315456053988 0.43844357987705102 -0.0018890278446701326 0.010111055500363271 -0.0054230662869088741 0.21794529679464603 0.0097811478218258873 0.14638694620143416
leaf_weight=37400.561469445005 2829.8897442528978 3.143096935003995 1.6603377535939206 1.9016735069453745 26.428812824189663 13.847363619133828 269.01410225778818 1.0128178242593993 0.60061463713645924 1.1537004634737957 11.352345066145061 8.1525597702711803 1.5254691950976864 1.2025535032153127 9.7450716700404865 1.1330569479614485 1.5474721081554887 5.9753525964915752 1.6968151070177548 11.649727080017326 2.2280548382550469 1.4187310785055163 1.7040802333503964 0.81451512128114689 1.9144880957901458 68.601360082626343 4.1161479614675045 2.386378787457943 74.347688358277082 2.2491780109703541
leaf_count=766107 60486 48 18 34 489 317 6374 44 19 23 326 157 36 19 215 24 34 129 28 206 54 37 39 20 28 1051 63 33 1190 37
internal_value=-1.08366e-05 -0.00184499 0.0100575 0.00867989 -0.00235164 -0.00281642 -0.0103382 -0.00836449 0.103424 -0.00903209 0.00677478 0.0102362 0.0381953 0.139454 0.0224208 0.0600395 0.0410176 0.0136471 0.00367204 0.00771817 0.0108589 0.0602803 0.112117 0.185048 0.00791338 0.0154222 0.0587098 0.120088 0.01297 0.0730515
internal_weight=40763 3362.41 137.282 135.622 3225.13 3115.52 285.629 271.781 1.61343 270.168 132.479 121.127 23.0306 3.10423 19.9264 10.1814 9.04829 7.52282 98.096 89.9434 109.613 6.16538 3.93733 2.5186 103.447 77.0184 8.41701 4.30087 78.2937 3.94599
internal_count=837685 71578 2501 2483 69077 67263 6777 6460 63 6397 2435 2109 491 53 438 223 199 163 1618 1461 1814 150 96 59 1664 1175 124 61 1255 65
is_linear=0
shrinkage=0.05


Tree=102
num_leaves=31
num_cat=0
split_feature=21 17 19 10 14 24 11 9 11 16 11 20 11 20 19 19 19 8 17 8 8 17 25 21 19 11 7 17 0 9
split_gain=4.82672 8.85569 9.0197 14.3011 24.4203 13.4128 21.8975 11.9185 10.9439 10.6005 10.4947 10.5067 9.55983 16.3498 20.4747 11.2484 12.5377 7.8545 7.19272 7.13452 7.08672 7.01794 6.94959 6.85818 10.7268 12.6669 17.7652 18.459 8.12456 9.15971
threshold=0.059714795008912663 0.037749287749287756 0.041693004635482513 0.045730867432641271 4.5000000000000009 21.500000000000004 0.050343962067630442 0.023310149967398396 0.050168168696291163 1.5000000000000002 0.051963024990569533 0.049914288384186579 0.053601648584168347 0.037759612185732629 0.034524728872175413 0.038035099870414237 0.0395040742928209 2.149217472278119 0.53571428571428581 1.8382827596129274 1.7406301415123466 0.048980407836865261 786214.00000000012 0.15587044534412958 0.062093834251553168 0.053601648584168347 19606.500000000004 0.089572192513368995 18.500000000000004 0.093836325966850834
decision_type=2 2 2 2 2 2 2 2 2 2 2 2 2 2 2 2 2 2 2 2 2 2 2 2 2 2 2 2 2 2
left_child=18 2 3 5 8 7 -7 12 -5 10 11 -10 15 14 -14 -2 -17 -4 22 -13 -11 -3 -1 24 -23 28 -27 -28 29 -26
right_child=1 21 17 4 -6 6 -8 -9 9 20 -12 19 13 -15 -16 16 -18 -19 -20 -21 -22 23 -24 -25 25 26 27 -29 -30 -31
leaf_value=-0.00089321252221752411 -0.024056937001739536 -0.035294326794244019 0.0053775648144022484 -0.054173395515506664 0.2801154033353509 0.19833654037621315 0.0024060157365527537 -0.017793639993399581 0.2087035127308608 0.072543911425200766 0.027095354449786026 0.0038871268535664127 0.31661761646122971 0.0045177258030802839 0.031532130420690856 0.22975983393731211 -0.0091517420145651469 -0.031283644716784638 0.0064606596599040963 0.15565183910825409 -0.052932777278253899 0.0037427743172883301 0.00044880616781239348 -0.0024340133635753752 -0.015166021102691754 0.24443350848057746 0.23337409975027823 0.020551238291534227 0.14687599867209111 0.14343809885328104
leaf_weight=18517.449137466028 6.9229373782873136 14.692806379869578 773.54267600178719 2.3124557286500993 1.2020420283079136 2.3705990482121697 3.5789613779634237 29.318505203351378 2.6525461785495263 1.9726110212504853 3.6358073838055134 1.6920085325837138 1.3444184735417359 2.6002867165952921 1.1848726607859132 1.0578038040548565 1.1419734880328176 14.891077149659393 410.35276845097542 1.4279301166534422 2.6196683645248413 112.45447646826506 20137.557070616633 693.20543952099979 10.631973696872592 1.5092445202171783 1.2228545919060705 6.1073009595274925 1.0008477047085751 0.99555792659521181
leaf_count=449365 147 376 12020 36 28 38 66 548 33 32 44 21 20 51 26 20 23 229 6493 20 55 2486 353971 11112 225 27 26 114 20 13
internal_value=-1.07679e-05 0.00259949 0.00618219 0.0237896 0.0626214 0.010055 0.0804744 0.000439232 0.0465951 0.0632389 0.0936351 0.135545 0.0379462 0.0925564 0.183066 0.00723963 0.105733 0.00468515 -0.000124177 0.0733466 0.000965664 -0.0010413 -0.00019408 -0.000432845 0.00992556 0.0423128 0.0882192 0.0560555 0.01018 -0.00158622
internal_weight=40762.6 1697.29 855.469 67.0354 17.5151 49.5204 5.94956 43.5708 16.313 14.0006 9.40829 5.77248 14.2523 5.12958 2.52929 9.12271 2.19978 788.434 39065.4 3.11994 4.59228 841.821 38655 827.128 133.922 21.4678 8.8394 7.33016 12.6284 11.6275
internal_count=837685 27856 13457 1208 269 939 104 835 241 205 118 74 287 97 46 190 43 12249 809829 41 87 14399 803336 14023 2911 425 167 140 258 238
is_linear=0
shrinkage=0.05


Tree=103
num_leaves=31
num_cat=0
split_feature=20 24 7 18 19 8 9 24 7 8 18 22 7 9 8 20 25 7 18 12 25 25 19 9 2 8 19 10 10 21
split_gain=4.82419 6.05488 9.13166 11.2299 11.9885 8.75135 8.34039 8.0353 12.0959 9.60499 7.96933 7.20847 8.72606 11.4699 23.5829 17.3591 8.87761 7.82688 7.96428 7.04563 9.92023 19.0521 9.03966 11.5228 17.0483 27.5982 6.73395 11.9264 6.61562 11.1747
threshold=0.03132570101211217 10.500000000000002 13121.000000000002 0.07015422473959991 0.043788213234344883 0.52805973025047626 0.04942397834554698 7.5000000000000009 1915.5000000000002 1.8116732992109206 0.090644049827723311 2.5000000000000004 241021.00000000003 0.014742103738046944 1.8563635575330177 0.027461753932342171 50.500000000000007 6836.5000000000009 0.052131513618168653 2.5000000000000004 1344.5000000000002 1905.5000000000002 0.041203646540725197 0.055476286559821675 3.5000000000000004 1.7048043448004966 0.036387800902815119 0.03375006511434079 0.034185831918375091 0.080128205128205135
decision_type=2 2 2 2 2 2 2 2 2 2 2 2 2 2 2 2 2 2 2 2 2 2 2 2 2 2 2 2 2 2
left_child=1 2 3 4 7 -4 10 -1 -9 -10 11 12 16 14 15 -14 -3 18 -13 28 22 -22 -21 -24 25 -25 27 -15 29 -7
right_child=-2 6 5 -5 -6 19 -8 8 9 -11 -12 17 13 26 -16 -17 -18 -19 -20 20 21 -23 23 24 -26 -27 -28 -29 -30 -31
leaf_value=0.021260304002991906 0.00010732810059934431 -0.0376100947796612 0.17756539360232348 0.17118208655733813 -0.014330727581144346 -0.017335621529768464 0.0047989064287919762 0.24722865689021953 0.15729622331941082 -0.025041563580059763 0.13242049694253205 0.021343598664247621 0.37757080026423795 -0.051812714197264215 -0.020149455462039872 0.070170369104704811 0.0036862319927854583 -0.01268156396572169 0.18553137400419584 -0.034774007219409452 0.31553609191253074 -0.0051917494415619561 -0.0016056049629338339 0.0075001546548964437 -0.014862062326152418 0.3951252082717549 -0.052272396144706468 0.23096036634027106 -0.0050232620475997337 0.064562546955468814
leaf_weight=29.812453297898173 38928.783526362851 14.254615461453794 0.64434686303138633 1.104726806282996 27.280349778011441 188.94808060582727 491.41635993123055 1.0004567299038161 1.1905968450009825 1.8360083885490892 1.0536382757127274 6.127145202830433 1.0467612640932196 0.78907389007508777 1.5731036849319933 0.81827173754572857 149.539392109029 223.08466783724725 0.83982926607131947 6.0300618167966631 0.8168990146368732 1.0688992012292144 4.9979118928313238 0.84364374540746245 1.3561191447079179 1.0076662562787531 2.5028087049722672 0.70697159320116043 667.0410169865936 4.2590078730136147
leaf_count=746 792396 502 8 14 582 5448 11006 22 26 47 16 167 27 25 47 23 4027 6090 19 259 27 38 179 27 46 38 64 21 15656 92
internal_value=-1.0704e-05 -0.00251745 -0.00532071 0.0131881 0.0103324 -0.00663393 0.000428474 0.0302151 0.0965074 0.0466859 -0.0049096 -0.00527019 0.00249743 0.0554684 0.122435 0.242701 9.23077e-05 -0.0110517 0.0411355 -0.00676936 0.0259797 0.133743 0.0117041 0.0458607 0.119824 0.218484 -0.00210797 0.0818146 -0.00738308 -0.0155303
internal_weight=40761.8 1832.99 939.238 62.2246 61.1199 877.014 893.753 33.8395 4.02706 3.02661 402.336 401.283 171.231 7.43699 3.43814 1.86503 163.794 230.052 6.96697 876.369 16.1212 1.8858 14.2354 8.20534 3.20743 1.85131 3.99885 1.49605 860.248 193.207
internal_count=837685 45289 23255 1437 1423 21818 22034 841 95 73 11028 11012 4736 207 97 50 4529 6276 186 21810 614 65 549 290 111 65 110 46 21196 5540
is_linear=0
shrinkage=0.05


Tree=104
num_leaves=31
num_cat=0
split_feature=2 18 18 25 12 7 9 8 8 6 13 20 19 10 24 21 9 13 8 7 19 1 18 11 8 8 9 8 10 9
split_gain=4.73404 7.06773 9.37601 10.6509 13.2703 29.2422 9.57832 9.80307 8.09764 7.27845 12.4361 11.259 15.0365 12.9412 11.3962 17.8015 22.1606 12.6815 9.3031 9.77724 28.5828 9.63177 12.9047 11.8255 13.9468 25.0406 18.0369 12.0343 11.3537 16.9344
threshold=4.5000000000000009 0.059589826141678855 0.058860703027419269 202249.50000000003 2.5000000000000004 54588.500000000007 0.14218328840970354 1.2206001792295977 1.4201310989905285 1.0000000180025095e-35 0.45000000000000007 0.049732870165627635 0.053352297241704552 0.044606990987135949 9.5000000000000018 0.77500000000000013 0.05573882498440013 0.70833333333333337 1.5227695367105847 247869.50000000003 0.046468436086968302 1.5000000000000002 0.055591885372162649 0.050303548014050625 1.4580764822337107 1.4805463759804518 0.055366492971767219 1.5219511343003354 0.052796801353196907 0.017021584818194994
decision_type=2 2 2 2 2 2 2 2 2 2 2 2 2 2 2 2 2 2 2 2 2 2 2 2 2 2 2 2 2 2
left_child=-1 2 9 4 6 -6 7 -4 -5 10 18 12 13 -12 15 16 -13 -18 19 21 -21 23 28 24 -2 26 -26 -27 -23 -30
right_child=1 -3 3 8 5 -7 -8 -9 -10 -11 11 14 -14 -15 -16 -17 17 -19 -20 20 -22 22 -24 -25 25 27 -28 -29 29 -31
leaf_value=-0.00027569407514062982 0.0036949344776609511 -0.0015822050512554094 0.14853956374083377 0.11364581124619942 0.39570295856336346 -0.012312592702035059 0.12462917539017147 -0.010070747156294668 0.024983834271252482 0.00045072463415468347 0.053227896861317237 -0.05321096854213743 -0.020555001948298589 0.25154966355179903 -0.024282019518412069 0.2457128686440021 0.2502436135921467 0.027132828275854684 0.0025434182727686518 0.23427461477685255 -0.017553528457201248 0.020456986131587307 -0.010594849802160649 -0.018831263746694599 0.35345822727613257 -0.0057498650071043855 0.093831863043959463 0.17311381138983326 0.14977722400542764 0.040501680737344802
leaf_weight=32821.148679818027 40.765728291124105 1892.0989858265966 0.99100630730390449 2.6767578572034827 0.67057409323751827 1.2723450697958467 1.4072863366454829 57.37750243768096 67.927663903683424 4085.1489339089021 1.4139258787035971 3.3591191079467517 1.5242524836212394 1.966776395216584 6.8412189297378063 1.15582675114274 1.3161816541105509 1.2340573146939278 1606.4800488343462 1.9063374493271101 2.755384897813201 61.339989010244608 23.151129998266697 42.943548107519746 1.1063530743122085 6.3057444021105766 1.692137027159333 1.1052399389445779 4.4164496809244183 17.975993677973747
leaf_count=677814 654 34717 18 36 22 45 29 1274 1062 85604 30 65 28 35 127 13 24 20 33345 29 44 1022 385 711 21 115 27 22 68 279
internal_value=-1.06591e-05 0.00108486 0.00191921 0.0150823 -9.00773e-05 0.128509 -0.00426998 -0.00737779 0.0283452 0.00162478 0.00424458 0.044689 0.109822 0.168605 0.0217159 0.0662557 0.0311553 0.142281 0.00382469 0.0138427 0.0854276 0.0121808 0.0224458 0.000498798 0.0167832 0.0690438 0.196472 0.020925 0.0315812 0.062054
internal_weight=40761.5 7940.33 6048.23 132.323 61.7187 1.94292 59.7758 58.3685 70.6044 5915.9 1830.76 18.8114 4.90495 3.3807 13.9064 7.06518 5.90936 2.55024 1811.94 205.464 4.66172 200.802 106.884 93.9188 50.9752 10.2095 2.79849 7.41098 83.7324 22.3924
internal_count=837685 159871 125154 2486 1388 67 1321 1292 1098 122668 37064 342 93 65 249 122 109 44 36722 3377 73 3304 1754 1550 839 185 48 137 1369 347
is_linear=0
shrinkage=0.05


Tree=105
num_leaves=31
num_cat=0
split_feature=11 24 14 22 0 25 20 8 7 20 7 18 24 10 10 0 8 0 0 7 8 20 19 9 20 10 22 18 14 8
split_gain=4.77788 5.76072 10.3325 6.79867 7.64906 10.7549 11.0934 9.55582 12.9463 7.18098 6.93751 8.4872 7.18909 7.75465 8.65063 8.7094 7.66273 9.34429 6.93338 10.0069 10.6385 9.56952 8.94891 8.68756 21.7919 14.2647 8.60304 8.19246 8.18568 14.2182
threshold=0.051963024990569533 18.500000000000004 9.5000000000000018 3.5000000000000004 93.500000000000014 75609.000000000015 0.048942578739090373 1.8688833679526839 116518.00000000001 0.049914288384186579 243333.00000000003 0.1438923395445135 22.500000000000004 0.038056162574918978 0.03753055294166386 6.5000000000000009 1.6606671378441364 4.5000000000000009 33.500000000000007 218706.00000000003 1.0160080785657655 0.037759612185732629 0.053277366585517703 0.12294197031039138 0.047444228579084889 0.04907832690499888 5.5000000000000009 0.02855512067840835 12.500000000000002 1.8382827596129274
decision_type=2 2 2 2 2 2 2 2 2 2 2 2 2 2 2 2 2 2 2 2 2 2 2 2 2 2 2 2 2 2
left_child=1 2 -1 4 10 -6 -7 8 9 -8 -3 12 13 14 16 -16 17 -12 19 28 22 27 -21 -22 25 -25 -26 -20 -5 -30
right_child=-2 3 -4 18 5 6 7 -9 -10 -11 11 -13 -14 -15 15 -17 -18 -19 21 20 23 -23 -24 24 26 -27 -28 -29 29 -31
leaf_value=-0.00082486672379814571 0.00066240929805168108 0.0023415956439541553 -0.013576562230745423 -0.0012854147215722676 -0.029203690466462463 0.18217162492529326 0.10305360779503039 -0.023809811021798966 0.1678118380686886 -0.053750191966471121 0.014999562069049774 0.09395820627612031 -0.029973107434228888 -0.0085250644268981338 0.026088288372356785 0.21791804298470635 -0.0086498103736879738 0.16552493489088524 0.12586913280399112 0.11751044297686385 0.0049283548214377523 -0.004252104907724482 0.014097066266599241 0.068831674347341401 -0.0090029897029891819 0.31789649526483421 0.078060929066448181 -0.031568681785873111 0.0011729063154599776 0.14908319384240268
leaf_weight=17227.644277572632 16009.416196923703 4020.1871162438765 160.33690714091063 2321.4198987912387 4.2456240914762011 1.6965122446417797 1.2743155807256683 3.3585288226604462 2.4789856150746346 1.7098333351314066 2.913542769849303 2.0283641759306184 32.931324316188693 125.02445884421468 1.2733272761106484 1.1053127478808162 11.486872065812348 1.5956879463046787 0.84232300706207652 4.0445887073874456 285.92435179650784 467.94453276693821 4.3332623839378357 1.2318876311182969 8.9766634516417962 1.0778957195580003 4.1486985310912123 43.42898038867861 4.7161933146417132 2.4786786772310734
leaf_count=358380 320426 83821 5931 47340 100 28 20 56 37 28 51 32 738 2642 30 19 311 28 22 47 5975 9931 55 25 159 20 72 1116 159 86
internal_value=-1.06912e-05 -0.00044605 -0.000942452 0.000726079 0.00203983 0.0379662 0.065079 0.0425607 0.0833628 0.0132094 0.00191349 -0.00773586 -0.00890566 -0.00406757 0.0262619 0.115228 0.0130325 0.0682662 -0.00103082 2.67767e-06 0.00844584 -0.0063542 0.0640221 0.00690081 0.043439 0.185062 0.0185164 -0.0285732 -0.00112038 0.0521289
internal_weight=40761.3 24751.9 17388 7363.88 4213.31 14.7638 10.5182 8.82166 5.46313 2.98415 4198.55 178.359 176.331 143.399 18.3747 2.37864 15.9961 4.50923 3150.57 2638.35 309.737 512.216 8.37785 301.359 15.4351 2.30978 13.1254 44.2713 2328.61 7.19487
internal_count=837685 517259 364311 152948 87941 269 169 141 85 48 87672 3851 3819 3081 439 49 390 79 65007 53938 6353 11069 102 6251 276 45 231 1138 47585 245
is_linear=0
shrinkage=0.05


Tree=106
num_leaves=31
num_cat=0
split_feature=20 4 8 2 25 19 20 20 24 9 19 16 19 7 18 19 8 19 20 9 8 7 25 22 19 19 10 17 9 16
split_gain=4.60572 9.04049 7.10855 9.39031 10.0273 15.1034 12.4117 8.3373 10.1262 8.63441 6.87471 8.0519 15.8926 7.9161 6.71275 22.1629 7.61853 6.65002 7.11531 8.95129 15.1534 9.25123 14.4213 9.08841 6.82413 11.6246 8.52906 7.8924 12.3473 9.21447
threshold=0.050641131020877868 1.5000000000000002 2.1680110705369393 4.5000000000000009 57538.500000000007 0.067535117828607702 0.0499194627147923 0.047255040756606075 18.500000000000004 0.072395406070549645 0.034949766390814437 22.500000000000004 0.030521412860654681 254357.00000000003 0.02855512067840835 0.037064512583800426 1.7406301415123466 0.085889929742388779 0.055205598432192089 0.056025176400516845 1.7819916078708766 120198.00000000001 206924.50000000003 1.5000000000000002 0.053581550750064634 0.057014466790434211 0.061340127291047548 0.13484848484848486 0.16784037558685447 15.500000000000002
decision_type=2 2 2 2 2 2 2 2 2 2 2 2 2 2 2 2 2 2 2 2 2 2 2 2 2 2 2 2 2 2
left_child=1 2 7 -4 5 6 -5 8 -1 -9 11 13 -13 -2 15 -12 -17 24 19 21 -21 -19 -23 -22 -16 26 27 -26 29 -29
right_child=10 -3 3 4 -6 -7 -8 9 -10 -11 14 12 -14 -15 17 16 -18 18 -20 20 23 22 -24 -25 25 -27 -28 28 -30 -31
leaf_value=-0.0049865129439503981 -0.0088987767435205235 -0.00082557491867980273 -0.020322746160341076 -0.051872113775421204 0.0038159109535180606 0.31424168221071835 0.19863073402893974 0.0066365666617717216 0.0071840500775006717 -0.0035895166930466947 0.25028600707705562 0.32393769849495008 -0.051472103052921825 0.12327041751780579 0.0021856817014798821 0.12670326862893899 -0.019305047538515967 -0.0389256378387354 0.0090871462758359452 -0.020375827915849222 0.086913910088431245 -0.052688936396815433 0.19072116675754422 0.26648119274813009 -0.0019292827067552264 0.0010161577671134016 0.021788906769501973 -0.014052683111798629 0.10727974329978705 0.064540140697105175
leaf_weight=556.19525675103068 245.64976754225791 20393.333641876467 65.317317515611649 1.3016563709825257 11.443097265437245 0.68123605474829663 0.79739374667406071 1311.1078918501735 246.72408178448677 244.99293783120811 1.1517078448086966 0.53307257592677959 0.59837129898369312 1.1381469443440426 4960.0844385698438 1.1136136241257188 4.5184164736419916 3.5000581201165897 85.761064602062106 1.5018892008811233 1.4162598103284838 1.0590901710093021 1.4302914962172508 1.4024086650460956 3661.2835350111127 8694.7212444320321 36.517245242372155 219.58445755019784 2.1644873581826678 3.7938853669911614
leaf_count=12454 5995 442426 1584 40 225 17 21 26123 5381 4492 20 23 23 27 103149 23 107 67 1429 26 21 24 23 22 69916 159352 650 3918 34 73
internal_value=-1.05466e-05 -0.000481528 0.00239569 -0.0123059 0.0245093 0.109679 0.0432897 0.00289139 -0.0012467 0.00502657 0.000589233 -0.00767911 0.1254 -0.00828923 0.00070517 0.0504333 0.00956498 0.000686083 0.0138051 0.0530503 0.107904 0.0134808 0.087164 0.176256 0.000614382 -3.28568e-06 -0.00226253 -0.00248849 -0.0115663 -0.0127179
internal_weight=40760.8 22831.9 2438.56 79.5407 14.2234 2.78029 2.09905 2359.02 802.919 1556.1 17928.9 247.919 1.13144 246.788 17681 6.78374 5.63203 17674.2 96.0711 10.31 4.32056 5.98944 2.48938 2.81867 17578.1 12618.1 3923.34 3886.83 225.543 223.378
internal_count=837685 492763 50337 1887 303 78 61 48450 17835 30615 344922 6068 46 6022 338854 150 130 338704 1612 183 69 114 47 43 337092 233943 74591 73941 4025 3991
is_linear=0
shrinkage=0.05


Tree=107
num_leaves=31
num_cat=0
split_feature=7 6 8 15 0 8 24 9 9 18 8 9 3 11 10 8 19 18 10 18 8 25 0 0 8 22 18 18 24 1
split_gain=4.58344 7.65467 13.4664 12.2266 17.5748 18.1299 8.88842 10.9153 11.4282 9.58889 10.674 7.74932 7.6347 7.45804 10.6801 9.09428 7.08659 7.12918 6.86693 11.184 13.9952 11.7821 7.33751 17.9148 18.3157 9.84259 12.6038 7.6795 9.10318 11.8423
threshold=229291.00000000003 2.5000000000000004 1.4495421108679336 0.87500000000000011 33.500000000000007 1.8612129925562526 14.500000000000002 0.14218328840970354 0.056364502806311563 0.055225313631774769 1.3071536191976747 0.14307966177125056 1.0000000180025095e-35 0.053601648584168347 0.077058029689608662 0.52805973025047626 0.088365434669443008 0.20344827586206901 0.042449620452231419 0.036615211874757893 1.3518273169216737 786214.00000000012 1.5000000000000002 17.500000000000004 1.3518273169216737 2.5000000000000004 0.062568681318681332 0.061833846905907111 21.500000000000004 1.5000000000000002
decision_type=2 2 2 2 2 2 2 2 2 2 2 2 2 2 2 2 2 2 2 2 2 2 2 2 2 2 2 2 2 2
left_child=-1 2 6 13 -5 -6 -2 8 18 -9 -11 12 -4 14 -3 -16 -17 -18 19 -8 21 -21 27 24 25 -24 -27 -20 -29 -30
right_child=1 3 11 4 5 -7 7 9 -10 10 -12 -13 -14 -15 15 16 17 -19 22 20 -22 -23 23 -25 -26 26 -28 28 29 -31
leaf_value=0.00014842751301432253 0.0020141547570127686 -0.0047420268850441524 -0.0043755431964246187 0.0099734646073198346 0.25030292161921514 -0.0076517676079905983 0.023124154614828012 0.17062813293304038 -0.016504396774847413 -0.05463691529397368 0.11549843919085315 0.014801932711344024 0.0018932201440953372 -0.013114484719741094 0.1201107853987238 0.039109738781330061 -0.015482876700605162 0.10978486914880897 -0.0097579166943872614 0.25408960636620964 0.011793978585542124 0.078604256531893985 -0.028296676426681013 0.0058494121680368475 0.2429449243490284 0.20599967287561227 0.0093713237727653144 0.011060093748695548 0.18043185456517125 0.021615296457595818
leaf_weight=37402.596629974432 109.06159264408052 712.64034855086356 1257.0815512891859 8.5516469087451679 1.7969664186239236 1.0969858653843401 9.7620820552110654 2.2188584301620713 18.708576882258058 1.6687497496604922 2.0598057862371206 71.412599803879857 791.52191857434809 267.7278798930347 2.2615310810506335 17.274010425433517 15.69483586587012 1.2244051564484824 24.92021276243031 1.94706399552524 2.2985777854919434 1.8800883330404758 1.9659236334264303 10.900368466973303 1.8552507646381853 1.7280824147164824 1.5424076691269872 12.264154927805068 2.1223229356110087 2.6262317076325417
leaf_count=766107 1769 15865 27172 131 25 21 164 33 294 23 31 1297 17444 5655 23 308 263 21 400 31 40 26 33 176 32 27 22 187 28 37
internal_value=-1.0436e-05 -0.00178001 -0.00019394 -0.00537326 0.0460161 0.152522 0.0118983 0.0226278 0.0184938 0.0883289 0.0393528 -0.00138907 -0.00195347 -0.00595171 -0.00339172 0.0230048 0.0165823 -0.00641755 0.0271304 0.0563552 0.109313 0.167882 0.0193821 0.0460923 0.107948 0.0601193 0.113267 0.00792157 0.0338185 0.0925969
internal_weight=40760.4 3357.82 2329.55 1028.27 11.4456 2.89395 209.53 100.469 94.5213 5.94741 3.72856 2120.02 2048.6 1016.82 749.095 36.4548 34.1933 16.9192 75.8128 15.8878 6.12573 3.82715 59.925 17.992 7.09166 5.23641 3.27049 41.9329 17.0127 4.74855
internal_count=837685 71578 49266 22312 177 46 3353 1584 1497 87 54 45913 44616 22135 16480 615 592 284 1203 261 97 57 942 290 114 82 49 652 252 65
is_linear=0
shrinkage=0.05


Tree=108
num_leaves=31
num_cat=0
split_feature=12 25 25 20 6 18 20 2 10 14 21 7 11 22 6 10 2 11 7 7 10 16 11 10 20 20 9 15 8 8
split_gain=4.54094 9.71216 10.1095 8.76276 9.76823 13.4255 8.7752 9.10528 9.55726 11.955 14.4043 10.0211 11.4098 19.0428 21.0472 30.6577 8.49903 8.35726 11.395 12.4369 9.46009 7.73011 7.36832 7.2961 9.89628 13.7916 7.41517 7.01215 6.98491 9.92078
threshold=1.0000000180025095e-35 86.500000000000014 1.0000000180025095e-35 0.012232530300763133 1.5000000000000002 0.04316103220999034 0.055421361370387938 4.5000000000000009 0.060049777165498044 1.5000000000000002 0.24264705882352944 29339.500000000004 0.050343962067630442 1.5000000000000002 1.5000000000000002 0.056165891367711121 3.5000000000000004 0.051963024990569533 218706.00000000003 181487.50000000003 0.089228844404003652 20.500000000000004 0.053753974982820023 0.060006858710562418 0.059538579699870024 0.058718455457585896 0.056007935021206497 0.36931818181818188 1.7809841796953156 1.768183705106285
decision_type=2 2 2 2 2 2 2 2 2 2 2 2 2 2 2 2 2 2 2 2 2 2 2 2 2 2 2 2 2 2
left_child=-1 2 3 4 -2 -6 -5 28 9 -9 11 -11 23 14 -14 -16 17 -3 19 -19 27 -18 -15 24 25 26 -13 -21 29 -8
right_child=1 16 -4 6 5 -7 7 8 -10 10 -12 12 13 22 15 -17 21 18 -20 20 -22 -23 -24 -25 -26 -27 -28 -29 -30 -31
leaf_value=0.00017901906919558515 -0.051731784831683614 -0.00031852031635895751 -0.0078640673311546894 -0.0044814140200317466 0.26534643135940095 0.0040184561216762855 0.0082530893677868287 -0.00206794496110288 -0.0073064917830737075 -0.034150495712847277 0.18596439156800493 -0.023632269041911819 0.020599632401142366 0.099594366551208374 0.10825984282233857 0.58974741538122444 -0.0021737971172377342 0.0064880114746484214 -0.013265873763729456 0.031705669137391923 0.1437995507568644 -0.024017993045605729 -0.051883103841818434 0.16062531495162324 -0.039216236873845581 0.30411361420283223 0.17095554304757107 -0.032178539489147756 -0.0063005319610859077 0.068754722914966107
leaf_weight=36110.813795029186 0.87367174401879255 1066.2789668003097 963.75050607603043 393.65395859256387 1.1023630071431396 0.88686595670878876 73.880092617124319 8.9717078693211096 12.287077957764266 2.815420199185616 2.2755422443151465 1.7892477605491865 0.67956458218395743 2.9722235798835754 0.62542055919766404 0.70134519599378109 1285.7281620865688 554.99379484727979 64.259835630655289 55.454399719834328 1.7774860933423031 41.817071818746626 1.099895156919956 0.94067678600549687 4.0041718576103449 0.56196914054453362 0.67401590198278416 4.6560533177107564 92.187647329643369 7.4598151668906203
leaf_count=695687 30 30185 35524 13425 31 23 2168 241 356 91 34 63 18 97 21 22 36387 14822 1825 1528 36 1598 34 28 134 18 23 79 2926 231
internal_value=-1.03436e-05 -0.00148116 -0.00467513 0.000359468 0.0876298 0.148838 -5.17471e-05 0.00809947 0.0294785 0.0455568 0.0678811 0.0519474 0.0692021 0.1208 0.24688 0.36278 0.000153964 0.00244515 0.00677148 0.00885875 0.0301189 -0.00286188 0.0586797 0.0298508 0.0123505 0.0806038 0.0296122 0.0267573 0.0031223 0.0138018
internal_weight=40760 4649.16 1574.19 610.443 2.8629 1.98923 607.58 213.926 40.3983 28.1112 19.1395 16.864 14.0485 6.07845 2.00633 1.32677 3074.97 1747.42 681.142 616.882 61.8879 1327.55 4.07212 7.97008 7.0294 3.02523 2.46326 60.1105 173.528 81.3399
internal_count=837685 141998 55538 20014 84 54 19930 6505 1180 824 583 549 458 192 61 43 86460 48475 18290 16465 1643 37985 131 266 238 104 86 1607 5325 2399
is_linear=0
shrinkage=0.05


Tree=109
num_leaves=31
num_cat=0
split_feature=8 3 21 25 20 18 15 3 16 24 25 19 8 11 19 21 4 8 10 20 9 22 22 7 20 20 19 12 11 20
split_gain=4.43547 10.7509 7.84654 9.16655 10.4175 23.0467 9.87854 9.3378 10.3036 23.6905 8.9997 9.40722 17.9072 10.75 14.5179 14.4541 11.2557 9.12974 8.82902 8.52402 8.28951 8.23376 13.0096 7.9385 44.2222 8.08506 9.49917 7.94472 14.0567 7.93066
threshold=1.8324162270420492 2.5000000000000004 0.059714795008912663 520.50000000000011 1.0000000180025095e-35 0.050885230581625272 0.63333333333333341 1.5000000000000002 35.500000000000007 5.5000000000000009 1.0000000180025095e-35 0.032883354580222186 1.9301089574952364 0.053657989013283586 0.054429400821969134 0.46428571428571436 2.5000000000000004 2.0196870785874168 0.060049777165498044 0.031768969630241312 0.53571428571428581 1.5000000000000002 3.5000000000000004 800.50000000000011 0.032900750505147701 0.063128435205354966 0.054997708524289653 4.5000000000000009 0.050343962067630442 0.055230417508648155
decision_type=2 2 2 2 2 2 2 2 2 2 2 2 2 2 2 2 2 2 2 2 2 2 2 2 2 2 2 2 2 2
left_child=1 -1 3 4 5 -2 7 19 -9 -10 11 12 -4 -13 16 -16 -15 18 -17 -6 -12 -5 -23 24 -24 29 -27 -25 -29 -26
right_child=2 -3 10 21 6 -7 -8 8 9 -11 20 13 -14 14 15 17 -18 -19 -20 -21 -22 22 23 27 25 26 -28 28 -30 -31
leaf_value=0.00057969738788074391 0.027935007473502221 -0.0068681672250657036 0.2190426716227418 -0.0022306093003441056 -0.023132398040076472 0.35533175797030947 0.025263147778650741 8.3456792986675726e-06 0.37770495815723049 -0.051184275619299113 0.0017325201972736308 0.0047608599739703003 0.0067633251581351583 0.12567104136867618 0.032141933727942065 0.15003572820146874 -0.026869584152186172 0.21034082023149173 0.020658003880239265 -0.0060317587145027633 0.10033308669523169 0.0024781026919899604 0.32294156634359023 -0.0013949681375523661 0.020257531666024405 0.15893575823929335 -3.1736011742229878e-05 -0.051392095886479167 0.21539740954800504 -0.045575815038551411
leaf_weight=23483.177324070595 4.3847727961838237 494.73687541484833 1.6491761598736037 4333.3683114387095 77.374621261842549 0.61262844502925862 28.032956592738628 647.25284510385245 0.58288921415805706 0.71930567361414433 675.05173900350928 79.143348725512624 2.4986431505531073 1.389978203922509 12.236194897443058 2.6685025244951239 9.304811082780363 2.0546666085720062 2.6068684421479702 1252.2210209509358 2.1383729651570311 4213.6718558501452 1.1975903958082224 5403.9406570456922 15.063863687217241 1.8855955991894 1.8734144140034912 0.88071163184940759 1.1236280556768177 6.5697831846773616
leaf_count=460188 145 10310 31 89715 2859 16 547 20351 26 33 11323 1368 51 24 220 35 163 23 31 39164 16 88563 26 111874 318 35 33 34 39 124
internal_value=-1.03249e-05 0.000426025 -0.000633796 -0.000874219 -0.00403039 0.0680704 -0.00420999 -0.00462766 0.000291024 0.140795 0.00422816 0.0172545 0.0911658 0.0144524 0.0397991 0.0654034 -0.00704422 0.120928 0.0861026 -0.00702692 0.00204387 -0.000420155 0.000393156 -0.001224 0.0260289 0.0120256 0.0797096 -0.00135805 0.0981695 0.000265026
internal_weight=40759.4 23977.9 16781.5 15990.8 2011.18 4.9974 2006.18 1978.15 648.555 1.30219 790.742 113.552 4.14782 109.404 30.261 19.5662 10.6948 7.33004 5.27537 1329.6 677.19 13979.6 9646.21 5432.54 26.5902 25.3927 3.75901 5405.94 2.00434 21.6336
internal_count=837685 470498 367187 353902 63141 161 62980 62433 20410 59 13285 1946 82 1864 496 309 187 89 66 42023 11339 290761 201046 112483 536 510 68 111947 73 442
is_linear=0
shrinkage=0.05


Tree=110
num_leaves=31
num_cat=0
split_feature=2 9 9 18 20 8 19 10 18 7 16 10 8 7 20 8 24 0 8 8 12 11 24 15 7 8 8 11 8 25
split_gain=4.44907 9.95313 14.7582 15.831 10.175 14.0043 23.5731 9.54328 8.92796 6.44206 15.3815 17.0592 9.85987 7.36124 13.2268 14.5898 15.5295 17.3972 14.8869 10.996 10.5745 12.205 25.1018 15.1135 9.18105 8.5729 12.803 10.9284 20.7282 13.4171
threshold=5.5000000000000009 0.073554003541215843 0.068972198651691422 0.029218423186921076 0.056105978653656387 1.8672016205362001 0.060298891399588703 0.12778327560613559 0.09212771690317946 46265.000000000007 18.500000000000004 0.056646937145755895 1.9921801403783161 86520.500000000015 0.0499194627147923 2.2022771497632081 3.5000000000000004 48.500000000000007 1.7406301415123466 1.7219218375107521 1.0000000180025095e-35 0.050168168696291163 6.5000000000000009 0.18898809523809526 83648.000000000015 1.7675465131152872 1.8563635575330177 0.050303548014050625 1.8023984420214438 441721.50000000006
decision_type=2 2 2 2 2 2 2 2 2 2 2 2 2 2 2 2 2 2 2 2 2 2 2 2 2 2 2 2 2 2
left_child=-1 2 7 -4 -5 6 -6 8 9 10 12 -12 -2 14 15 16 17 -11 19 -18 25 22 -22 -23 -20 -16 27 28 -27 -30
right_child=1 -3 3 4 5 -7 -8 -9 -10 13 11 -13 -14 -15 20 -17 18 -19 24 -21 21 23 -24 -25 -26 26 -28 -29 29 -31
leaf_value=-8.0482873175101281e-05 -0.01215065888776397 -0.010557416210783051 0.27694983866839862 0.012712097659523754 0.25020147839592177 -0.022702355114149309 -0.015750876073448175 0.0619078725271065 -0.033626151328521842 0.15283217250497672 0.36018823481999634 0.009962906889009927 0.0224918074544374 0.0045948842625449871 -0.031341837883878641 0.19995182901891831 0.048160554676320418 -0.010893408937330257 -0.010416026903976784 0.18645675007505458 0.43047775449871439 -0.0039672128172695224 0.0091779289448490117 0.21438679754333695 0.092412130507819629 -0.0030379214919776364 -0.0084980655377361412 0.015130937238678061 0.33909288154026684 0.10335641754282254
leaf_weight=40036.346032476053 111.99098902381957 102.45868146233261 0.75770389474928279 9.8213338125497085 2.3021342065185304 1.6283315159380434 1.3058009166270492 7.2825176492333403 15.10649251192808 5.0990483909845343 0.60694949142634758 0.81402566842734814 25.152837751433253 335.20294863916934 17.990932121872902 1.3832226935774077 10.355175688862799 2.3797397557646036 22.381911253556613 1.668976081535219 0.62160548195242771 5.2159847654402256 0.81991161033511162 0.93444012850522984 2.4038864988833657 1.9779846183955649 25.668564965948462 6.5456982776522636 1.1480009220540524 1.2728147953748703
leaf_count=823708 2161 1820 15 175 38 30 22 104 267 102 21 31 511 6661 306 30 196 50 480 32 18 157 26 18 47 33 469 114 23 20
internal_value=-1.0317e-05 0.00387891 0.00626522 0.0539451 0.0427235 0.0990138 0.153947 0.00501681 0.00432252 0.00530814 -0.00410137 0.159557 -0.00579706 0.00825084 0.0196118 0.0400437 0.0350494 0.100735 0.0217039 0.0673563 0.00460826 0.0598992 0.190849 0.0292075 -0.000443089 -0.00307919 0.0108085 0.056089 0.117037 0.215148
internal_weight=40758.6 722.299 619.84 15.8153 15.0576 5.23627 3.60794 604.025 596.742 581.636 138.565 1.42098 137.144 443.071 107.868 45.672 44.2887 7.47879 36.8099 12.0242 62.1959 7.59194 1.44152 6.15042 24.7858 54.604 36.6131 10.9445 4.3988 2.42082
internal_count=837685 13977 12157 280 265 90 60 11877 11773 11506 2724 52 2672 8782 2121 937 907 152 755 228 1184 219 44 175 527 965 659 190 76 43
is_linear=0
shrinkage=0.05


Tree=111
num_leaves=31
num_cat=0
split_feature=14 8 11 16 8 25 14 25 17 14 16 7 15 8 9 9 9 20 4 2 8 8 24 24 8 10 8 9 0 19
split_gain=4.40547 6.60807 4.35292 10.4238 13.9844 13.4149 7.36487 23.3868 7.14413 12.146 5.60685 8.38182 5.68332 8.97112 5.30956 8.34973 9.34533 11.7146 8.17644 8.7781 8.61107 10.7257 10.2149 11.0798 9.3426 7.53028 7.08238 18.7551 8.08885 7.28277
threshold=18.500000000000004 1.2206001792295977 0.051963024990569533 38.500000000000007 2.014170707103335 3062.5000000000005 16.500000000000004 10177.000000000002 0.03883861236802414 17.500000000000004 27.500000000000004 4002.5000000000005 0.10620300751879701 1.778487186341198 0.063027594523657526 0.080145985401459868 0.076968647466277809 0.096579867858530913 2.5000000000000004 1.5000000000000002 2.0196870785874168 2.0887159010454366 2.5000000000000004 3.5000000000000004 1.8324162270420492 0.057449201597884865 2.3836119250524006 0.28991596638655465 4.5000000000000009 0.06805615863366625
decision_type=2 2 2 2 2 2 2 2 2 2 2 2 2 2 2 2 2 2 2 2 2 2 2 2 2 2 2 2 2 2
left_child=2 -2 14 6 5 -5 10 8 -8 -10 -4 -12 -13 -14 -1 16 18 -18 -16 20 22 -22 -20 24 25 -24 29 28 -28 -17
right_child=1 -3 3 4 -6 -7 7 -9 9 -11 11 12 13 -15 15 26 17 -19 19 -21 21 -23 23 -25 -26 -27 27 -29 -30 -31
leaf_value=-0.00077680936325206812 0.11224131424580036 -0.024797891245211326 0.0006395259000155797 -0.051756491915300733 0.21397576560781692 0.13775937670438854 -0.031942185776830459 0.34740777150743302 0.22359621524133921 -0.05224142863427339 0.13580517197737535 -0.038897947042269086 -0.052542266119219951 0.1273669411951632 -0.003884094376242769 -0.0020953437172915234 0.012077554001374967 0.11883604796529389 -0.017476871777703067 0.0027745865819399276 0.22463745168446306 0.03348453883386486 0.057602399538298925 0.015857684932015486 -0.053331344031781497 0.17510483319913564 -0.035799460490437272 0.2551827182824718 0.10414755695942245 0.0045414117715089916
leaf_weight=19831.275202285498 0.91032479517162102 26.131981615908444 15976.923498260789 2.3304529748857017 1.2933150380849836 1.5580386593937872 2.572354892268776 0.62634415738284577 0.9062011335045097 0.71315104700624943 0.79381097480654972 19.780615182593468 1.3836846053600305 1.3879805020987985 417.01462634466588 2240.805256664753 208.58157122321427 2.6016304977238169 22.09103699028492 1362.065745363012 1.078794572502374 2.2950148079544306 3.1553917713463298 114.51288977637887 1.0642590336501596 2.4010478761047125 2.9501697812229386 0.97208161093294609 1.5884662196040151 506.8553579133004
leaf_count=424195 22 985 319031 79 35 41 104 20 28 20 23 725 35 33 7663 43834 3863 39 375 25770 19 44 58 2020 19 37 64 18 31 8455
internal_value=-1.03688e-05 -0.0201847 3.02528e-06 0.000645315 0.0715496 0.0241786 0.000622359 0.0624313 0.0198488 0.102119 0.000603747 -0.0238815 -0.0295023 0.0375518 -0.000412941 0.00106271 0.0034079 0.0133927 0.00231289 0.00402582 0.0156512 0.0946068 0.0137914 0.0194937 0.0823833 0.108378 -0.000757504 0.0558691 0.0131803 -0.000871075
internal_weight=40758.6 27.0423 40731.6 16010.3 5.18181 3.88849 16005.1 4.81805 4.19171 1.61935 16000.3 23.3461 22.5523 2.77167 24721.3 4890.03 2136.86 211.183 1925.68 1508.66 146.598 3.37381 143.225 121.134 6.6207 5.55644 2753.17 5.51072 4.53864 2747.66
internal_count=837685 1007 836678 320174 155 120 320019 172 152 48 319847 816 793 68 516504 92309 39907 3902 36005 28342 2572 63 2509 2134 114 95 52402 113 95 52289
is_linear=0
shrinkage=0.05


Tree=112
num_leaves=31
num_cat=0
split_feature=8 11 11 19 9 24 7 22 22 9 7 10 24 22 24 9 8 8 10 2 6 8 6 12 8 20 24 25 3 8
split_gain=4.38832 6.53844 7.858 8.96453 8.2065 14.9013 12.5034 18.5553 17.4296 11.1459 9.84261 8.06661 9.81961 7.72551 10.6136 6.6168 9.04941 7.98678 11.6927 11.3258 10.0291 8.87572 11.9675 8.11203 14.9528 8.65097 7.68116 9.77171 9.71645 7.66469
threshold=2.1604813465608923 0.053601648584168347 0.053860729432609229 0.017595459236326112 0.047206952904471855 15.500000000000002 144815.50000000003 1.0000000180025095e-35 4.5000000000000009 0.069976152623211454 61147.000000000007 1.0000000180025095e-35 13.500000000000002 1.5000000000000002 5.5000000000000009 0.036862623127049611 2.1818936996017242 2.3224458556717349 0.042029424382365572 3.5000000000000004 1.0000000180025095e-35 2.3836119250524006 1.5000000000000002 2.5000000000000004 2.2111680526818964 0.096579867858530913 14.500000000000002 169548.00000000003 1.0000000180025095e-35 2.176661246656598
decision_type=2 2 2 2 2 2 2 2 2 2 2 2 2 2 2 2 2 2 2 2 2 2 2 2 2 2 2 2 2 2
left_child=-1 -2 3 4 -3 6 7 -6 9 10 -9 12 -5 14 -8 16 29 23 19 21 -20 22 -19 25 -25 -17 -21 -28 -29 -13
right_child=1 2 -4 11 5 -7 13 8 -10 -11 -12 15 -14 -15 -16 17 -18 18 20 26 -22 -23 -24 24 -26 -27 27 28 -30 -31
leaf_value=7.7164978398240093e-05 -0.0061939518074617993 0.007944712781649035 -0.0099324953840484176 -0.003089154977374625 -0.05276401054862332 -0.0016895152477607095 -0.0064788407604105085 0.15165768056874601 0.0069830691363673069 0.08794376433129053 0.31422971459569493 0.017670695925419078 0.22345795370889579 -0.024367691798310168 0.22632225755408419 -0.014179039763072797 0.0032105415005380974 4.3432266604545352e-05 0.091753585947758537 -0.038010054246120598 -0.040763262258722836 -0.0080713603707432604 0.20634882782823893 0.24771231227295726 -0.05157981467589378 0.12569141687966545 -0.052278743502620788 0.24378598183198244 0.032333904584265404 0.081250130879721147
leaf_weight=39633.093175228685 676.39652183093131 36.531782932579517 111.25804521515965 1.0144604016095389 1.3625372815877215 9.80218289606273 1.0798040740191925 1.7121127694845202 1.671452162787318 1.7731324359774587 2.0407410021871328 14.263020828366281 0.90504980459809292 3.536421462893486 0.89570895768702019 120.46317745558918 108.9385418407619 0.95007099583745214 1.7253263052552927 3.4411013573408127 8.278985256329177 1.1224879808723924 2.702468691393733 0.83472768776118644 0.83456774987280369 1.1157234720885743 1.1059258133172991 1.0106173157691958 1.1748443245887754 7.0998554304242125
leaf_count=810420 16761 919 2597 25 30 218 24 38 35 36 39 344 19 80 19 2607 2758 21 35 80 176 26 59 27 31 19 31 19 24 168
internal_value=-1.02463e-05 -0.00308958 0.0015907 0.00539064 0.022843 0.0456402 0.0786091 0.116429 0.148459 0.191251 0.240062 0.00158451 0.103728 0.0198748 0.0990745 0.000871701 0.00904559 -0.00648578 0.0216257 0.0559966 -0.0179096 0.114896 0.152686 -0.0113924 0.0980806 -0.0128955 0.0142219 0.0688297 0.130115 0.038801
internal_weight=40758.1 1125.04 448.645 337.387 60.4059 23.8741 14.0719 8.55998 7.19744 5.52599 3.75285 276.981 1.91951 5.51193 1.97551 275.061 130.301 144.76 21.5118 11.5075 10.0043 4.77503 3.65254 123.248 1.6693 121.579 6.73249 3.29139 2.18546 21.3629
internal_count=837685 27265 10504 7907 1438 519 301 178 148 113 77 6469 44 123 43 6425 3270 3155 471 260 211 106 80 2684 58 2626 154 74 43 512
is_linear=0
shrinkage=0.05


Tree=113
num_leaves=31
num_cat=0
split_feature=2 18 10 8 9 9 0 0 7 16 25 7 16 20 24 8 7 7 7 10 21 8 8 7 20 10 6 13 20 1
split_gain=4.24726 6.65399 12.2564 9.61367 9.16719 11.5153 9.53886 24.2319 9.12818 15.8992 23.1857 13.7251 17.2229 12.0556 7.42247 10.1367 12.6696 15.4232 7.53251 13.3112 7.20415 13.9046 10.8458 8.75245 7.25203 7.01779 7.96194 9.99642 9.8833 10.0146
threshold=4.5000000000000009 0.057127082553725901 0.054885672216995848 2.1966278771528782 0.080145985401459868 0.20256410256410259 87.500000000000014 89.500000000000014 4002.5000000000005 5.5000000000000009 2642.5000000000005 2378.5000000000005 1.0000000180025095e-35 0.055205598432192089 4.5000000000000009 1.7642976289013974 106895.00000000001 78313.000000000015 156648.50000000003 0.056890891400461163 0.61250000000000016 1.7809841796953156 1.8116732992109206 53595.000000000007 0.053584021761031643 0.014436711451859022 1.0000000180025095e-35 0.45000000000000007 0.048084896032657233 1.5000000000000002
decision_type=2 2 2 2 2 2 2 2 2 2 2 2 2 2 2 2 2 2 2 2 2 2 2 2 2 2 2 2 2 2
left_child=-1 2 25 4 8 6 -6 -8 9 11 -11 -4 -13 -14 -7 16 17 -16 -17 -20 -10 -22 -23 -24 -25 -2 27 -27 29 -29
right_child=1 -3 3 -5 5 14 7 -9 20 10 -12 12 13 -15 15 18 -18 -19 19 -21 21 22 23 24 -26 26 -28 28 -30 -31
leaf_value=-0.00026136931066958794 0.0082132509171895431 -0.00097463388949194237 0.0030548823356056055 -0.039530469861024792 -0.016703661247650967 -0.030573133422401335 0.17071509387617637 -0.0057857110209944586 0.0069199823421495291 0.010699055355293646 0.28525398150370085 0.012477536166156218 0.25687743455408796 0.058303703595400547 0.071729293898615779 -0.022744431134481408 0.01503062888912988 0.2688808131781717 0.20578811552620083 -0.020414807539819259 -0.021532160967987102 0.19357472756253735 0.14550140086142296 0.092302353854070041 -0.011395589380492635 0.0030428611322501375 -0.0015007371405019218 0.20287036062660518 0.017932978720540404 0.041244530075282893
leaf_weight=32810.575269369408 286.86993997730315 2727.3386733084917 21.143093559890993 11.342469727620481 102.9779788069427 4.2677846774458912 2.4498721882700911 9.428947549313305 1095.9251971952617 1.5993845555931323 1.4809906352311371 3.7742702774703494 1.7734601590782406 1.3432621285319326 2.7754882778972414 6.3296260107308608 3.5840967204421759 1.5437720529735086 1.148435225710273 1.4996301122009752 5.9367632307112244 1.6065775118768204 1.9945039227604846 2.6843171939253807 4.5334367826581001 1141.0797774000093 2488.7097054375336 1.7546795364469283 8.3686846029013378 2.1119864601641893
leaf_count=677814 5963 50240 349 243 1784 76 40 165 20492 50 37 59 34 25 42 109 56 22 19 24 74 20 25 30 55 24342 55268 31 159 38
internal_value=-1.01671e-05 0.00102692 0.00207268 0.00629899 0.00670517 -0.00556676 -0.0118098 0.0306156 0.00816439 0.0348755 0.1427 0.0230278 0.084309 0.171295 0.0283383 0.043232 0.0845268 0.142194 0.00687882 0.0776868 0.00741745 0.0399551 0.0736959 0.0527895 0.0271702 0.00068379 9.07199e-05 0.00352488 0.0484789 0.11459
internal_weight=40758 7947.38 5220.04 1291.14 1279.8 136.006 114.857 11.8788 1143.8 31.1145 3.08038 28.0341 6.89099 3.11672 21.1488 16.881 7.90336 4.31926 8.97769 2.64807 1112.68 16.7556 10.8188 9.21226 7.21775 3928.89 3642.02 1153.32 12.2354 3.86667
internal_count=837685 159871 109631 23830 23587 2337 1989 205 21250 554 87 467 118 59 348 272 120 64 152 43 20696 204 130 110 85 85801 79838 24570 228 69
is_linear=0
shrinkage=0.05


Tree=114
num_leaves=31
num_cat=0
split_feature=0 19 19 10 8 10 20 6 18 8 11 8 9 18 9 10 11 14 21 20 24 10 8 18 19 25 16 10 20 18
split_gain=4.19668 8.94045 6.31994 8.26752 18.7254 22.6635 7.0823 12.3183 13.3122 8.47556 7.05804 9.62629 6.59929 6.14741 7.63057 6.07735 14.4514 5.67619 11.9802 12.1714 9.97512 9.39367 8.89348 13.4385 14.7734 17.742 11.1634 13.4549 8.17165 9.50715
threshold=50.500000000000007 0.066281701391200168 0.059815536081358874 0.04488414673438805 2.1293907659134983 0.040565473222299801 0.075644073418841232 2.5000000000000004 0.076230831315577105 1.720160782832141 0.050303548014050625 1.6832969120271082 0.05573882498440013 0.041134908703584397 0.036862623127049611 0.24568965517241384 0.050303548014050625 4.5000000000000009 0.41428571428571431 0.049914288384186579 10.500000000000002 0.045730867432641271 1.4805463759804518 0.061234610382709997 0.054745190344295834 32.500000000000007 12.500000000000002 0.050918800045605637 0.041484042382918793 0.02855512067840835
decision_type=2 2 2 2 2 2 2 2 2 2 2 2 2 2 2 2 2 2 2 2 2 2 2 2 2 2 2 2 2 2
left_child=17 2 -2 4 10 -6 -5 8 9 -8 11 -4 -11 -13 -15 -3 -17 -1 28 -20 -21 -22 -23 24 26 -26 27 -24 29 -19
right_child=1 15 3 6 5 -7 7 -9 -10 12 -12 13 -14 14 -16 16 -18 18 19 20 21 22 23 -25 25 -27 -28 -29 -30 -31
leaf_value=0.00029101643783263669 -0.0013637629090231514 -0.0081659642894287392 0.16813670360740718 0.0023649490313456924 0.29418477170282986 -0.0071353964516381006 0.042678235004326125 -0.0077207771905697404 -0.02533344932046025 0.11386491772843946 -0.0045313719514233552 -0.031150289036737583 0.2646455516170807 0.18020891513503923 -0.0071128860956300444 -0.053482408164025053 0.11045056687924414 0.049523439452398815 -0.014168321395370033 0.0080087747375074524 -0.053261570368344793 -0.018180120915227742 0.14287322626480153 0.16658800194864476 0.16371005037826425 -0.022954177833332728 0.19528583042884162 -0.053660545852792965 -0.0021153128563019363 -0.0146902256335683
leaf_weight=35205.71777411364 2916.445091904141 525.0258923638612 1.5830268505960763 304.22624726034701 1.4420309998095029 1.1001035608351228 1.5618114601820687 6.507772384211421 1.7725570928305385 1.4938654880970719 11.462756481021641 2.3513395823538303 1.4112132210284469 1.075034383684397 1.0998535733669994 2.2545347549021235 3.3300665281713009 5.9381077494472256 18.687844023108482 19.170666016638279 1.7707726843655134 2.6776294261217144 2.0363798588514359 3.5506787113845339 1.5819970369338969 6.5169564783573151 2.5896068438887596 1.5215316712856291 1505.0235088253394 196.76516084372997
leaf_count=695332 66677 10110 33 5895 33 24 30 110 31 27 270 57 21 26 25 39 47 234 316 308 32 36 35 39 22 108 34 25 50421 7288
internal_value=-1.01224e-05 -0.00159604 -0.00061457 0.00586736 0.0369521 0.163789 0.00389482 0.0404069 0.0906043 0.136611 0.0186026 0.0620088 0.18711 0.0248911 0.0854792 -0.00761408 0.0442699 0.000152192 -0.00261245 0.0193277 0.0344418 0.0572211 0.0667763 0.0795582 0.0578676 0.0135076 0.116309 0.0588261 -0.00338464 -0.0128091
internal_weight=40757.7 3784.14 3253.53 337.088 20.1141 2.54213 316.973 12.7472 6.23945 4.46689 17.572 6.10925 2.90508 4.52623 2.17489 530.61 5.5846 36973.5 1767.83 60.1041 41.4162 22.2456 20.4748 17.7972 14.2465 8.09895 6.14752 3.55791 1707.73 202.703
internal_count=837685 83455 73259 6582 468 57 6114 219 109 78 411 141 48 108 51 10196 86 754230 58898 955 639 331 299 263 224 130 94 60 57943 7522
is_linear=0
shrinkage=0.05


Tree=115
num_leaves=31
num_cat=0
split_feature=22 24 7 10 18 21 18 7 4 8 8 18 16 20 20 20 10 25 2 10 8 6 10 20 21 20 7 19 10 18
split_gain=4.14919 8.47601 13.4718 9.97896 9.18121 8.62229 12.0998 14.2289 10.7148 8.8852 11.386 10.1228 12.5022 21.2309 16.3999 9.04521 16.6599 17.687 19.8977 8.6966 8.58599 22.4701 13.7318 13.5807 8.23693 8.15048 8.10696 8.10063 7.96052 10.863
threshold=4.5000000000000009 21.500000000000004 128787.00000000001 0.060661339438153682 0.10546176762661372 0.054093567251461992 0.069342847886507422 133627.50000000003 1.5000000000000002 1.7642976289013974 1.9759344456391033 0.033364254792826224 3.5000000000000004 0.049602548735095585 0.061010600287113206 0.065844887622665424 0.051957054058002917 51181.500000000007 3.5000000000000004 0.045215266584494811 1.7406301415123466 2.5000000000000004 0.057178293791180342 0.062027009967084303 0.12250000000000001 0.029826035385983992 203633.50000000003 0.11167800453514741 0.12778327560613559 0.1112092658029054
decision_type=2 2 2 2 2 2 2 2 2 2 2 2 2 2 2 2 2 2 2 2 2 2 2 2 2 2 2 2 2 2
left_child=27 4 3 -3 -2 9 7 -7 -9 15 -11 -12 -13 -14 -15 19 17 18 -17 25 -21 23 -23 -22 -10 -4 -19 -1 -6 -30
right_child=1 2 5 -5 28 6 -8 8 24 10 11 12 13 14 -16 16 -18 26 -20 20 21 22 -24 -25 -26 -27 -28 -29 29 -31
leaf_value=0.00040702007866679477 -0.0017596127330181816 0.00067548328548692116 -0.052319820845640311 -0.015717277611491789 0.015163872189927534 0.16447207107425918 0.1141498042682802 0.11808947562044188 0.089094880998116951 -0.0034147547637938774 -0.018412153763844953 0.02252238489269786 0.40988657916427895 -0.0016008788390697371 0.3039225881674103 0.31508957794399517 0.01317526264122966 -0.0029032168200421524 0.010328864861152824 0.0018814684675949507 -0.020424576687487705 0.072359091141291243 0.27851344572103676 0.16382230475344753 -0.016956522117195973 0.032431050789436908 0.11751896623298669 -0.0046902010200239605 0.1100219751608041 -0.01426245466383623
leaf_weight=30094.276187483221 8229.3509178841487 756.65605417918414 2.9928572084754697 105.82046561315656 143.11706274189055 1.6027501560747683 4.2524329945445052 2.0202501192689004 2.0907576084136954 245.76242038235068 14.732486132532356 57.744953067973256 0.54178334958851282 2.0024130530655389 0.56264584511518467 1.6323844660073539 14.97558021917939 2.9783205799758434 0.79710773564875115 144.76957920752466 7.6486128028482181 1.9962038602679961 1.3567830454558132 1.1505944225937126 14.733209662139414 54.418881271034479 2.6333178319036961 800.18122436199337 1.8342381492257107 42.387345006689429
leaf_count=626031 165847 14985 76 1856 2459 26 37 29 39 5167 364 1216 20 73 20 40 260 53 20 2635 147 41 25 20 226 1099 46 14100 31 697
internal_value=-1.00398e-05 -0.000902925 0.0026336 -0.00133581 -0.00151045 0.00850185 0.0374116 0.0214521 0.00928784 0.00722378 0.00180473 0.0187759 0.0277793 0.125486 0.0654157 0.0145606 0.0443463 0.102398 0.215099 0.011362 0.00527001 0.0456378 0.155779 0.00366776 -0.00377724 0.028013 0.0536061 0.000275 0.00943461 -0.00910734
internal_weight=40757 9862.56 1445.87 862.477 8416.69 583.396 24.6994 20.447 18.8442 558.697 321.347 75.5843 60.8518 3.10684 2.56506 237.35 23.0167 8.04113 2.42949 214.334 156.922 12.1522 3.35299 8.79921 16.824 57.4117 5.61164 30894.5 187.339 44.2216
internal_count=837685 197554 28520 16841 169034 11679 357 320 294 11322 6860 1693 1329 113 93 4462 419 159 60 4043 2868 233 66 167 265 1175 99 640131 3187 728
is_linear=0
shrinkage=0.05


Tree=116
num_leaves=31
num_cat=0
split_feature=25 19 7 7 10 19 2 7 17 14 25 7 7 8 25 2 18 12 10 10 25 25 25 6 21 11 22 25 11 25
split_gain=4.14686 5.38032 6.57391 6.97495 9.84021 13.0536 9.39592 12.472 8.53669 7.74502 20.6456 7.73005 8.8875 9.5579 8.85571 8.13116 7.80624 7.38267 7.00939 9.00454 12.9369 19.0206 11.7664 16.5273 17.99 17.3613 14.2928 9.94561 11.2398 11.308
threshold=786214.00000000012 0.036737953967529512 13121.000000000002 188652.50000000003 0.045501599849425943 0.015444245676803818 5.5000000000000009 128787.00000000001 0.24264705882352944 3.5000000000000004 8233.0000000000018 105623.00000000001 145795.50000000003 1.6687278934347927 20.500000000000004 3.5000000000000004 0.043320209973753292 1.0000000180025095e-35 0.017301245210727973 0.020707521886725037 145296.00000000003 118243.00000000001 55284.500000000007 2.5000000000000004 0.051432940262870375 0.050168168696291163 2.5000000000000004 385819.00000000006 0.050343962067630442 441721.50000000006
decision_type=2 2 2 2 2 2 2 2 2 2 2 2 2 2 2 2 2 2 2 2 2 2 2 2 2 2 2 2 2 2
left_child=1 2 -1 4 5 8 -7 -8 18 11 -11 14 13 15 -10 -13 -14 -6 -4 20 21 22 23 25 -25 -20 -26 -21 -29 -30
right_child=-2 -3 3 -5 17 6 7 -9 9 10 -12 12 16 -15 -16 -17 -18 -19 19 27 -22 -23 -24 24 26 -27 -28 28 29 -31
leaf_value=0.0066536102316929486 0.00049359125277559509 -0.0001721330836654514 -0.0043802875088458084 0.0012854643769271495 -0.012698699645999229 -0.0064052272543296263 0.015263652005593153 0.21003076295903852 0.11555170203888472 0.020827003821409007 0.31938492312001254 0.24632846412383436 -0.01191825735376436 0.042081669250115306 -0.011598577026529014 0.077097768084327722 0.11333957268119116 0.00032100097342527165 0.24936845304090985 0.0031946730099115146 -0.031174076283570381 0.3273734156992954 -0.035291462790630904 0.37456830609956809 0.23951290987306609 0.0056047113227964858 -0.012013108680437357 0.00074058735376315561 0.19476366024483793 0.01572085413971084
leaf_weight=186.58349192608148 20407.502553576604 17275.186403345317 260.25083851441741 707.03578153438866 480.67982436530292 926.01303151715547 2.948086690157651 1.1397129297256468 1.4826411865651632 2.0509105827659364 0.80684262886643399 1.3270980343222638 7.2680970262736064 5.2398159299045801 17.928423387929797 1.5259517468512056 1.5006906352937219 140.76647586561739 0.83011862449347784 303.9379171859473 4.6700636781752101 0.65860710106790143 2.9790046531707057 0.82056643255054984 1.0298169963061812 6.0828821491450071 1.2507709190249441 3.7445863150060168 2.2232232876122002 1.4616879746317861
leaf_count=4982 357072 394389 6957 19550 11213 29061 73 25 32 51 19 20 140 101 331 24 28 4378 27 8570 104 17 81 26 33 185 36 81 48 31
internal_value=-1.0037e-05 -0.000515103 -0.00244237 -0.00303009 -0.00442936 -0.00230886 -0.00607133 0.0695664 0.00325407 0.0258699 0.10512 0.0196261 0.0443915 0.0821773 -0.00188668 0.155816 0.00951837 -0.00974955 0.00175398 0.00659626 0.0406606 0.0652342 0.0519467 0.0778983 0.173802 0.0348761 0.101565 0.0045918 0.0617478 0.123743
internal_weight=40756.9 20349.4 3074.24 2887.65 2180.62 1559.17 930.101 4.0878 629.071 39.1305 2.85775 36.2727 16.8617 8.09287 19.4111 2.85305 8.76879 621.446 589.94 329.689 18.3218 13.6518 12.9932 10.0142 3.10115 6.913 2.28059 311.367 7.4295 3.68491
internal_count=837685 480613 86224 81242 61692 46101 29159 98 16942 746 70 676 313 145 363 44 168 15591 16196 9239 509 405 388 307 95 212 69 8730 160 79
is_linear=0
shrinkage=0.05


Tree=117
num_leaves=31
num_cat=0
split_feature=7 6 8 15 0 24 9 7 3 18 10 21 16 9 1 18 2 25 20 10 20 10 10 2 19 9 22 22 8 19
split_gain=4.15159 6.93389 12.0405 10.5468 13.21 8.54552 11.1003 10.6775 8.41899 8.81087 9.39234 8.38709 9.87628 10.0087 14.3618 24.6769 9.92962 7.82867 7.77205 15.5208 11.8789 7.41645 8.72427 17.5826 26.7608 15.596 11.477 7.65676 7.37446 7.30324
threshold=229291.00000000003 2.5000000000000004 1.5879806505344871 0.87500000000000011 33.500000000000007 16.500000000000004 0.22401433691756276 237521.00000000003 1.0000000180025095e-35 0.029218423186921076 0.085592185592185607 0.048809523809523817 16.500000000000004 0.037826481944129013 1.5000000000000002 0.051613510865976188 2.5000000000000004 274.50000000000006 0.044982000554851388 0.04907832690499888 0.036194785606550324 0.072057531272614508 0.061340127291047548 3.5000000000000004 0.040992942230852543 0.055366492971767219 1.0000000180025095e-35 5.5000000000000009 1.8382827596129274 0.088365434669443008
decision_type=2 2 2 2 2 2 2 2 2 2 2 2 2 2 2 2 2 2 2 2 2 2 2 2 2 2 2 2 2 2
left_child=-1 2 5 -3 -5 7 21 29 9 10 -4 12 13 14 -9 -16 -14 -10 19 -15 -21 22 -7 24 25 -24 -26 -28 -6 -2
right_child=1 3 8 4 28 6 -8 11 17 -11 -12 -13 16 18 15 -17 -18 -19 -20 20 -22 -23 23 -25 26 -27 27 -29 -30 -31
leaf_value=0.00014105956742453546 -0.023179278585863113 -0.0056780841569310046 0.0072409602458096099 0.009209567565313749 0.1962131406932198 0.013697653564706725 0.093303612300750099 -0.010573796218326527 -0.011098703465987876 -0.0057232361805679248 0.097334643885951894 0.0028190272306666472 0.021959426074871197 -0.05258533266083 0.29445069385819272 0.026552658992520517 0.28703996799065012 0.0042441440183562384 0.00095964638647548246 0.046946662824702362 0.28925441663484669 -0.0098478423972993435 0.095447496950502989 -0.0037228317049375808 0.16938674667982656 0.32786788296475361 -0.0043074568525817529 0.12582407183001124 0.045740524125778725 0.024231831856112343
leaf_weight=37404.485587096773 52.969470525160432 1011.136835760437 93.830187989398837 8.6421477198600751 1.7723568677902215 105.67193876206875 4.6081677246838799 2.3713410850614336 95.079025923274457 1085.7501228125766 2.9848700370639554 136.77512303553522 0.67757136188447364 1.2881854511797457 1.5847513768821957 1.8785288352519272 0.73813221976161003 662.17985350452363 22.173291333019733 1.0005047656595709 1.0229605585336683 25.885143958032131 1.3371189218014508 8.9672372154891473 1.5623787175863961 1.5684081818908451 5.995170745998621 1.3930175025016067 1.5062252599745987 9.5937609784305078
leaf_count=766107 963 22135 2262 131 20 1900 56 52 2856 23478 54 2278 21 30 36 36 25 13869 439 20 22 391 21 146 23 23 89 24 26 152
internal_value=-1.00061e-05 -0.00169575 -0.000188502 -0.00512686 0.0416288 0.00783916 0.0168488 0.00174448 -0.00179858 -0.00443447 0.0100186 0.00826007 0.0309939 0.025155 0.0842277 0.149139 0.160169 0.00231774 0.0116306 0.0830784 0.169445 0.0145367 0.0195266 0.0491069 0.0890641 0.220908 0.0462649 0.0202284 0.127084 -0.015909
internal_weight=40756.4 3351.94 2328.89 1023.06 11.9207 389.062 156.989 232.074 1939.82 1182.57 96.8151 169.51 32.7353 31.3196 5.83462 3.46328 1.4157 757.259 25.4849 3.31165 2.02347 152.38 126.495 20.8233 11.8561 2.90553 8.95057 7.38819 3.27858 62.5632
internal_count=837685 71578 49266 22312 177 6747 2673 4074 42519 25794 2316 2959 681 635 124 72 46 16725 511 72 42 2617 2226 326 180 44 136 113 46 1115
is_linear=0
shrinkage=0.05


Tree=118
num_leaves=31
num_cat=0
split_feature=9 7 0 7 8 24 19 19 16 11 24 20 25 24 18 18 8 7 9 20 20 10 9 6 19 7 8 24 6 8
split_gain=4.10365 7.91323 8.48335 7.80309 11.372 10.1504 9.24397 9.34412 8.80232 8.59767 13.2749 7.67824 7.91007 10.525 8.18265 7.66869 7.23549 9.48856 7.00552 15.5073 17.6883 8.46993 10.9842 9.41268 7.31153 6.82349 10.3493 8.09211 10.818 6.49068
threshold=0.0330042793230889 252965.00000000003 -1.0000000180025095e-35 130389.50000000001 1.244579944061633 2.5000000000000004 0.046942607053211245 0.040217281710022187 9.5000000000000018 0.053860729432609229 20.500000000000004 0.04624990605977105 6120.0000000000009 13.500000000000002 0.025078616352201263 0.022284295468653015 1.9260293362942307 254357.00000000003 0.026266508969051847 0.078028256219745587 0.080695251452614719 0.057449201597884865 0.030323019109298795 1.5000000000000002 0.14434523809523811 132174.50000000003 1.9401385103915538 7.5000000000000009 2.5000000000000004 2.2284418219736888
decision_type=2 2 2 2 2 2 2 2 2 2 2 2 2 2 2 2 2 2 2 2 2 2 2 2 2 2 2 2 2 2
left_child=1 3 16 4 5 6 7 -1 18 -7 -11 12 13 -6 -15 -8 17 -3 -5 24 -21 22 23 -22 25 26 -20 -28 -29 -14
right_child=-2 2 -4 8 11 9 15 -9 -10 10 -12 -13 29 14 -16 -17 -18 -19 19 20 21 -23 -24 -25 -26 -27 27 28 -30 -31
leaf_value=0.051344835780682163 0.00026386369371433091 0.015678220856906656 -0.02284454890804986 0.0019814891010044001 -0.0042802944378801918 0.0022354669123082894 0.116927134174104 0.18423520835858562 -0.010559202731000427 0.016625506798195598 0.15197573652799642 -0.0015732362550553412 -0.0048518563971294967 0.19899003743491292 -0.027843281718613486 -0.003930911431452618 -0.053945576360062197 0.20730161780259035 -0.029490886878535006 0.24589736282183045 0.040182622979835714 -0.053038946822409311 -0.022618055146978521 0.24479825055561261 0.056515600586267506 -0.0085072553597666991 0.0097419795851877468 0.069292025249884148 0.26425820521050786 0.027630689466009585
leaf_weight=13.325300620868804 31401.910485466942 1.4687366466969247 60.850356308743358 3560.6475530583411 106.34551034495234 164.35175032168627 1.4602547343820322 1.4685764480382193 163.1806202204898 7.1299019847065193 2.4286316819489002 3959.237973164767 800.63982578646392 0.39918416924774547 98.685152315534651 12.974635675549505 1.0774150341749189 1.153280146420002 4.3784886542707664 1.1712850667536248 1.0760513730347163 1.9198334794491527 1.6542327329516409 1.1766435671597717 4.543840315192937 358.72888831142336 3.1907517071813345 2.8688062522560362 0.94614469446241845 15.680270111188291
leaf_count=219 615689 36 1505 82356 3611 2725 22 22 5934 123 37 92723 19757 15 3465 199 25 25 107 24 23 38 35 26 83 8282 68 62 22 427
internal_value=-9.96765e-06 -0.000929219 -0.0183752 -0.000807994 -0.00209758 0.00949854 0.0367614 0.0645368 0.000820403 0.00491652 0.0510153 -0.0025705 -0.00643485 -0.0152046 -0.0269294 0.00829527 0.0551388 0.0999628 0.00129143 -0.00514647 0.0685982 0.0329578 0.075216 0.147059 -0.00652391 -0.00729784 0.0308121 0.0685008 0.117646 -0.00422792
internal_weight=40756.1 9354.16 64.5498 9289.61 5184.13 203.139 29.2288 14.7939 4105.48 173.91 9.55853 4980.99 1021.75 205.43 99.0843 14.4349 3.69943 2.62202 3942.3 381.655 6.99805 5.82676 3.90693 2.25269 374.657 370.113 11.3842 7.0057 3.81495 816.32
internal_count=837685 221996 1591 220405 123345 3347 462 241 97060 2885 160 119998 27275 7091 3480 221 86 61 91126 8770 146 122 84 49 8624 8541 259 152 84 20184
is_linear=0
shrinkage=0.05


Tree=119
num_leaves=31
num_cat=0
split_feature=8 2 9 11 11 25 24 11 20 21 7 19 10 10 22 0 7 2 16 25 9 18 19 10 24 7 8 0 10 24
split_gain=3.99514 6.27286 7.61125 12.1777 11.5079 15.694 9.1729 6.51479 7.56323 8.0687 7.83037 9.90828 7.69848 7.59911 10.7013 12.949 16.0099 16.8556 13.4456 14.4394 11.9683 11.8449 10.6466 11.9136 10.3903 9.51257 14.3664 13.4645 12.244 11.0233
threshold=2.1604813465608923 5.5000000000000009 0.058058475292980562 0.050343962067630442 0.051963024990569533 169548.00000000003 22.500000000000004 0.053601648584168347 0.016997303543913714 0.051432940262870375 82762.500000000015 0.037064512583800426 0.072057531272614508 0.048372301545738482 3.5000000000000004 73.500000000000014 13668.500000000002 3.5000000000000004 1.0000000180025095e-35 310.50000000000006 0.055366492971767219 0.047555143321424916 0.081165540540540551 0.029584932214376587 4.5000000000000009 181487.50000000003 2.3224458556717349 84.500000000000014 0.036396754429541323 15.500000000000002
decision_type=2 2 2 2 2 2 2 2 2 2 2 2 2 2 2 2 2 2 2 2 2 2 2 2 2 2 2 2 2 2
left_child=-1 7 3 6 5 -5 -3 8 9 -2 11 -11 13 14 15 16 17 18 20 -20 21 -10 -16 -24 -25 26 29 28 -27 -17
right_child=1 2 -4 4 -6 -7 -8 -9 12 10 -12 -13 -14 -15 22 25 -18 -19 19 -21 -22 -23 23 24 -26 27 -28 -29 -30 -31
leaf_value=7.3431255737948649e-05 -0.026003952959494661 -0.014119363071437666 -0.029512486712104203 -0.0057836219901158774 0.0384287483511528 0.22905515659920211 0.14194469735177612 0.0011125004039614884 0.017983814839243908 0.26499270884300724 0.0329470707259664 0.042215838639726479 0.0067893940259315146 -0.018408981922156897 -0.01900035390084575 -0.035834763807468271 -0.0065510966042121995 -0.006368472184107285 0.22533191654562346 -0.030628660140154185 0.31029481048937813 0.24160102219202673 0.1932805699594784 0.15371246595453716 -0.035521783609730143 0.27941201959510881 0.12099790007782314 0.017968138730388765 0.064229860645102416 0.04985585037386793
leaf_weight=39633.493923004717 3.8852706849575025 11.630927324295047 6.2865134719759217 1.0702846962958568 8.205234941095112 2.1218559965491295 1.0244783237576491 441.42492235358804 1.4163249619305123 0.94577468931674991 5.8778632525354624 1.0568326842039821 82.231270000338554 170.02901442721486 140.31535536423326 9.1305074244737678 203.82017540559173 6.5513800699263811 0.72197232581675086 2.3265512697398663 1.0986588299274442 1.0177140980958936 1.1895982567220915 0.97014892101287875 2.8751362152397633 1.3575277831405395 2.8796718548983327 2.8477666517719626 1.2885748650878666 6.372379168868064
leaf_count=810420 129 259 117 28 170 37 20 10340 31 25 157 26 1514 4023 3878 235 5473 183 25 64 18 19 19 23 66 37 68 75 34 172
internal_value=-9.86061e-06 -0.00295214 0.0194736 0.0322768 0.069766 0.150317 -0.00148569 -0.00357541 -0.00675804 0.0329656 0.062039 0.147427 -0.0074901 -0.00960122 -0.00572329 0.00074287 -0.00310337 0.050406 0.106923 0.0299897 0.173312 0.111482 -0.016437 0.0550003 0.0122212 0.0356916 0.0184384 0.0934212 0.174625 -0.000612092
internal_weight=40755.5 1121.97 30.3393 24.0528 11.3974 3.19214 12.6554 1091.63 650.205 11.7657 7.88047 2.00261 638.44 556.208 386.179 240.829 216.953 13.1326 6.58122 3.04852 3.5327 2.43404 145.35 5.03488 3.84529 23.8764 18.3826 5.49387 2.6461 15.5029
internal_count=837685 27265 631 514 235 65 279 26634 16294 337 208 51 15957 14443 10420 6434 5813 340 157 89 68 50 3986 108 89 621 475 146 71 407
is_linear=0
shrinkage=0.05


Tree=120
num_leaves=31
num_cat=0
split_feature=14 8 21 17 19 10 14 24 11 9 11 25 18 7 7 18 11 20 7 8 19 19 4 7 21 4 7 19 16 18
split_gain=3.9872 5.63741 3.90596 7.47359 7.85556 13.681 13.3035 10.2318 14.531 11.0824 9.97845 9.36556 13.2003 9.5153 9.05521 8.9687 8.1436 13.8073 17.9764 7.85667 7.36332 13.4043 6.57066 10.6872 9.5835 15.1425 8.82156 14.0037 14.5216 7.58975
threshold=18.500000000000004 1.2206001792295977 0.059714795008912663 0.037749287749287756 0.042473252570667343 0.045730867432641271 4.5000000000000009 21.500000000000004 0.050303548014050625 0.023310149967398396 0.050168168696291163 786214.00000000012 0.045043558655173906 151352.00000000003 135769.50000000003 0.054541835552982053 0.053601648584168347 0.037759612185732629 86520.500000000015 2.149217472278119 0.038035099870414237 0.039128456699766591 2.5000000000000004 44742.500000000007 0.096399535423925681 1.5000000000000002 24182.000000000004 0.060298891399588703 1.0000000180025095e-35 0.087778568041725943
decision_type=2 2 2 2 2 2 2 2 2 2 2 2 2 2 2 2 2 2 2 2 2 2 2 2 2 2 2 2 2 2
left_child=2 -2 -1 4 5 7 10 9 -9 16 -7 13 -13 -12 -14 -15 20 18 -18 22 -4 -22 23 26 25 -25 -6 -28 -29 -24
right_child=1 -3 3 -5 19 6 -8 8 -10 -11 11 12 14 15 -16 -17 17 -19 -20 -21 21 -23 29 24 -26 -27 27 28 -30 -31
leaf_value=-9.9449865702700568e-05 0.096913193707132028 -0.024009138489406404 -0.022990000200335484 -0.0010059050408984982 0.016853373092551773 -0.053945658757584891 0.19374657560498271 0.15979095413720262 0.007563592912810971 -0.01778807373762557 -0.004155440872871047 0.22133644615637138 0.14229704752939903 0.033767071538791514 -0.009943182483675251 0.19494390619700419 0.017299211426998827 -0.00010326302388580459 0.258686111258006 -0.033162773127351851 0.20309918928797371 -0.020979322106998495 0.0016082437081381875 0.01302171095980089 0.0040889485444746982 0.20533968658492563 0.031046299545937923 0.21311325985252677 0.046332860779296541 0.031380401134679256
leaf_weight=39027.878202637658 1.00182166323066 25.424849795177579 6.6866694353520852 840.28665838949382 17.963381864130501 2.2702610697597327 1.618173288181423 2.5438018739223471 4.0852708276361227 30.742226595059037 6.9743827544152754 1.804197747260331 1.766299791634083 2.2551326304674153 2.1850451454520226 1.3982618823647497 1.3788626026362174 2.8287377804517746 1.7503839265555141 13.846020318567751 1.1625848785042765 1.5668996535241602 609.69011787511408 3.0287907626479864 105.35827512852848 1.5459416788071383 8.7274018209427577 2.767739310860633 2.4698491282761097 22.18549532070756
leaf_count=808959 22 985 144 14316 254 37 30 34 73 579 111 21 20 33 25 18 24 56 26 216 18 32 9658 66 1479 30 129 26 36 228
internal_value=-9.82794e-06 -0.019425 2.76953e-06 0.00234826 0.00562324 0.0213122 0.0562232 0.00789477 0.0659784 -0.000454564 0.0442932 0.0579063 0.109277 0.0300863 0.0581101 0.0954542 0.0342056 0.0799534 0.152322 0.00416872 0.00525916 0.0744637 0.00483676 0.0145611 0.00716516 0.0780118 0.0400263 0.069834 0.134466 0.00265356
internal_weight=40755.2 26.4267 40728.8 1700.89 860.6 73.0172 20.2718 52.7454 6.62907 46.1164 18.6536 16.3833 5.75554 10.6278 3.95134 3.65339 15.3741 5.95798 3.12925 787.583 9.41615 2.72948 773.737 141.861 109.933 4.57473 31.9284 13.965 5.23759 631.876
internal_count=837685 1007 836678 27719 13403 1281 295 986 107 879 265 228 66 162 45 51 300 106 50 12122 194 50 11906 2020 1575 96 445 191 62 9886
is_linear=0
shrinkage=0.05


Tree=121
num_leaves=31
num_cat=0
split_feature=11 0 20 20 0 18 7 7 19 17 20 6 9 18 19 18 9 24 21 0 9 9 8 20 9 7 22 22 18 10
split_gain=3.88738 5.26743 6.2427 7.07865 5.68458 10.0594 10.6426 15.023 13.4893 14.9323 11.5245 11.1444 10.7703 10.598 17.1266 15.8892 24.1898 10.5834 10.1796 9.92898 9.41587 11.736 27.4697 8.08991 7.90455 7.82268 7.80671 8.50257 10.1655 20.1942
threshold=0.051963024990569533 92.500000000000014 0.061196351190263031 0.069906375945902169 85.500000000000014 0.060324313109187268 139674.50000000003 11603.000000000002 0.049049681222182132 0.77500000000000013 0.069481306818499303 2.5000000000000004 0.085744172145845801 0.04555986268439588 0.057277245735207614 0.038995839843624425 0.041612554112554122 3.5000000000000004 0.051432940262870375 90.500000000000014 0.056025176400516845 0.039763458660170344 2.0217851611656763 0.050492909867909878 0.050912955883052814 185488.50000000003 1.0000000180025095e-35 1.5000000000000002 0.04852683767223151 0.05250659136758485
decision_type=2 2 2 2 2 2 2 2 2 2 2 2 2 2 2 2 2 2 2 2 2 2 2 2 2 2 2 2 2 2
left_child=-1 4 -3 -4 -2 6 7 -6 20 10 13 -12 -8 14 15 17 -17 -10 -14 -16 21 -9 23 24 -23 -20 -15 28 -28 -30
right_child=1 2 3 -5 5 -7 12 8 9 -11 11 -13 18 26 19 16 -18 -19 25 -21 -22 22 -24 -25 -26 -27 27 -29 29 -31
leaf_value=-0.0004028458765102024 0.00054817505396554354 -0.018232421528202598 0.052438223172467928 -0.05272280453130157 -0.02678844160844604 -0.013729108423701099 -0.0092359295332514156 0.00052775909893519851 0.2220130295922203 0.21349254643859161 0.22771860631435692 0.027465441644189317 0.1906961005237629 -0.028374999174701696 0.12299851059400507 0.41753075569053943 0.083213666705706957 0.02400996261690011 0.10300397380691935 -0.019047067462255284 -0.033196697627805354 0.095693302971689945 0.29489728882160338 0.14269566472685907 -0.011979195303515279 -0.032478468756240886 -0.05296941520163926 0.021880819925870293 0.32974039798645238 0.069628897130273856
leaf_weight=24728.703044985421 15739.759836778045 64.00839819572866 6.5897154435515386 2.1134471297264099 13.2302232645452 40.312970332801342 56.099456137046218 21.717450892552733 0.9107704926282153 1.3044306263327587 1.596329398453235 1.2301676254719494 1.2299915943294752 5.9571815803647032 1.7034255284816024 1.0636833719909193 1.1012602485716341 2.6056145168840885 1.9154270719736812 4.4287317879498005 10.119459528475998 2.3604285195469838 1.1512618977576483 1.5341265071183432 6.134361457079649 2.400952996686101 1.0613084640353907 27.228694431483746 0.91449685767292965 4.0543738882988691
leaf_count=517259 314506 1474 111 46 257 731 1182 527 22 17 25 21 24 105 33 25 22 56 33 97 211 55 27 33 136 44 21 498 18 69
internal_value=-9.73031e-06 0.000596867 -0.0128302 0.0269013 0.000658066 0.00876454 0.0140045 0.023228 0.0299681 0.046335 0.0422863 0.140563 -0.00266456 0.0368428 0.0783586 0.140904 0.247471 0.0752943 0.0638024 0.0204112 0.00898105 0.0219551 0.0635777 0.0370235 0.0179395 0.0276429 0.0243365 0.033778 0.0874984 0.117501
internal_weight=40754.5 16025.8 72.7116 8.70316 15953.1 213.367 173.054 111.408 98.1776 55.1605 53.856 2.8265 61.6458 51.0295 11.8135 5.68133 2.16494 3.51639 5.54637 6.13216 43.0171 32.8976 11.1802 10.0289 8.49479 4.31638 39.2161 33.2589 6.03018 4.96887
internal_count=837685 320426 1631 157 318795 4289 3558 2275 2018 1029 1012 46 1283 966 255 125 47 78 101 130 989 778 251 224 191 77 711 606 108 87
is_linear=0
shrinkage=0.05


Tree=122
num_leaves=31
num_cat=0
split_feature=0 19 7 22 22 19 19 19 10 8 8 8 11 19 4 9 24 7 16 21 19 9 9 18 20 8 19 13 10 8
split_gain=3.88629 8.04026 6.13746 6.76544 11.7783 12.479 19.5304 9.76273 26.8337 40.0941 10.2471 9.73663 8.83172 8.22785 10.2238 9.76123 14.0968 19.9802 16.7465 12.571 12.0927 18.5157 7.7543 13.7607 9.76543 13.6411 14.1798 8.75851 10.9796 8.36863
threshold=50.500000000000007 0.066281701391200168 218706.00000000003 1.5000000000000002 3.5000000000000004 0.064778040444678206 0.065024471140233811 0.060568720860705236 0.041717791782680334 2.0395446047585177 1.7358935567162828 2.3836119250524006 0.050303548014050625 0.064265762170790122 1.5000000000000002 0.051598366234747957 9.5000000000000018 46265.000000000007 2.5000000000000004 0.051432940262870375 0.060963182858047839 0.024450023912003831 0.022284295468653015 0.1438923395445135 0.04995303512527751 1.3279269674104242 0.037571696038515269 0.22500000000000003 0.060006858710562418 1.8968239448879329
decision_type=2 2 2 2 2 2 2 2 2 2 2 2 2 2 2 2 2 2 2 2 2 2 2 2 2 2 2 2 2 2
left_child=-1 2 3 22 5 11 -7 -6 9 10 -9 -5 -13 14 -10 16 -16 -18 19 -19 -21 -22 23 24 -2 26 -26 -24 -29 -27
right_child=1 -3 -4 4 7 6 -8 8 13 -11 -12 12 -14 -15 15 -17 17 18 -20 20 21 -23 27 -25 25 29 -28 28 -30 -31
leaf_value=0.00014636834880630672 -0.018754899374099368 -0.0072673470720234119 -0.0064263209471525501 0.0052462169382099929 -0.0029886671150800123 0.1712105329822573 0.017127834682205495 0.14376560234735367 0.16337676469724066 0.38528579209726344 -0.012879191527492867 0.20533421596738 -0.00011485093871152217 -0.020768737707077909 -0.013626761977885754 0.0014270656429816934 -0.035101551753816705 0.27665969318470002 -0.052446097770017908 -0.015914497004660563 0.047883999479879653 0.26183068122836922 -0.0012320567588282006 0.1347139760252534 0.01337798365083563 -0.015899894832342793 0.24535587739828146 0.020754838665994486 0.17507048079520354 0.022244606633472015
leaf_weight=36974.754983038642 165.46652143262327 526.79575305432081 397.91406371723861 861.88949274923652 1027.2639014860615 2.892681082710622 7.1150977984070778 1.7795292232185591 1.1527026873081911 1.1404768265783785 2.5259674452245235 1.1603076159954064 0.95249477587640274 20.093478180468082 6.4064084291458157 47.483431275933981 2.811028365045785 1.5180154275149087 1.2049127481877802 1.3480901047587392 1.9830003231763838 2.0637112352997065 626.39422916155308 1.6007406748831261 1.5054719932377332 35.597790794447064 1.1712383721023796 4.7646885924041262 1.520516926422715 24.12315578199923
leaf_count=754230 4245 10196 9098 19605 23209 51 140 37 20 22 60 23 22 399 145 876 58 33 34 26 39 39 13389 35 30 862 21 109 22 610
internal_value=-9.73878e-06 -0.00153687 -0.000608829 0.000202001 0.00180296 0.00615202 0.0616644 -0.00159461 0.0140545 0.121688 0.0518646 0.00550901 0.112714 0.00724366 0.0157757 0.0131508 0.0452637 0.0797851 0.119568 0.149551 0.113784 0.156991 -0.0034985 -0.0113723 -0.0123986 0.00445721 0.114884 -0.000642767 0.0580869 -0.000492139
internal_weight=40754.4 3779.64 3252.84 2854.93 1992.78 874.01 10.0078 1118.77 91.5108 5.44597 4.3055 864.002 2.1128 86.0648 65.9713 64.8186 17.3352 10.9288 8.11773 6.91282 5.3948 4.04671 862.144 229.465 227.864 62.3977 2.67671 632.679 6.28521 59.7209
internal_count=837685 83455 73259 64161 44838 19841 191 24997 1788 119 97 19650 45 1669 1270 1250 374 229 171 137 104 78 19323 5803 5768 1523 51 13520 131 1472
is_linear=0
shrinkage=0.05


Tree=123
num_leaves=31
num_cat=0
split_feature=2 8 19 10 19 18 7 19 7 10 10 18 10 16 25 19 16 17 0 10 19 18 19 8 10 14 19 11 17 10
split_gain=3.86821 6.32302 7.85585 7.79934 7.17906 11.2869 16.0421 17.815 11.5126 7.12641 10.9364 7.29472 11.1012 9.03245 15.2835 17.8291 17.9978 9.35533 8.94194 12.4565 7.0764 7.41792 12.2438 8.94518 11.1842 9.74212 16.7314 29.1675 13.9702 11.5125
threshold=4.5000000000000009 1.9813967401863188 0.055572524265254879 0.12095088819226753 0.054083304083304092 0.059589826141678855 213423.50000000003 0.054997708524289653 124191.50000000001 0.034732344810253842 0.032993896388019521 0.032062296237553974 0.045370653999109188 16.500000000000004 1344.5000000000002 0.031808473918108475 22.500000000000004 0.054804804804804812 81.500000000000014 0.050199688782907495 0.02672619047619048 0.085553610020033768 0.094467108618052034 1.9301089574952364 0.052998332044511189 1.0000000180025095e-35 0.13383084577114432 0.050343962067630442 0.24264705882352944 0.066549589255123179
decision_type=2 2 2 2 2 2 2 2 2 2 2 2 2 2 2 2 2 2 2 2 2 2 2 2 2 2 2 2 2 2
left_child=1 9 4 -4 -3 -6 8 -8 -7 10 -1 12 13 -11 17 16 -16 -15 -14 -20 -13 22 -22 -23 -25 -26 28 -28 29 -27
right_child=-2 2 3 -5 5 6 7 -9 -10 11 -12 20 18 14 15 -17 -18 -19 19 -21 21 23 -24 24 25 26 27 -29 -30 -31
leaf_value=-0.0010762671409212277 0.00097948188022570692 -0.0013782725138334719 -0.0055760453318047321 0.026543557216249763 0.0041558193394072296 0.055936900714415844 0.33844190869900004 0.063370420586061571 -0.021358739750084677 0.010009581445334577 -0.010213824312059992 -0.0039335890956209629 -0.00099864918045708558 -0.051351050545447779 0.14103559843434568 0.028884156108071976 0.51981318050483938 0.15440160178980111 0.25227752544687493 0.021336274507006064 0.00025346745225866471 0.0037336862699422512 -0.007995201941497795 -0.052911705626656563 0.020764394101405285 0.13627774121003575 0.32279983790389399 0.012155002138686168 0.21515360234574801 -0.030971656560842966
leaf_weight=1833.0912598287687 7952.9637958528474 2241.1888185543939 1381.578618792817 19.161936435848475 240.32111360132694 12.382332880049949 0.89451478607952539 1.7212777361273763 7.8849171344190827 390.57960834726691 398.67331410944462 1052.7203422617167 465.77946355380118 2.2972328849136825 0.77896326407790206 1.2431625518947838 0.52495837211608887 0.72740558721125115 0.82031157612800543 2.0259451270103455 23505.04576366581 739.00091016478837 458.65069029666483 3.9938438721001139 30.320945128798485 1.325274646282194 1.596181605011225 1.4349305871874092 0.92706859484314907 4.6011931616812944
leaf_count=43492 159871 55989 27898 313 5099 244 19 39 161 9017 10215 22810 9281 94 28 44 18 23 19 45 471383 12288 8482 84 516 34 33 24 14 108
internal_value=-9.79878e-06 -0.000249659 -0.00213804 -0.00513665 -0.000460871 0.00735083 0.0409053 0.157436 0.0258652 5.54379e-06 -0.00270856 0.00023271 0.00474985 0.0109113 0.0741237 0.164364 0.293531 -0.0018689 -0.000458741 0.0878952 8.13001e-05 0.000252091 9.55929e-05 0.0050405 0.02689 0.0348172 0.0779238 0.17574 0.0346625 0.00642859
internal_weight=40754.3 32801.3 3905.13 1400.74 2504.39 263.204 22.883 2.61579 20.2673 28896.2 2231.76 26664.4 864.777 396.151 5.57172 2.54708 1.30392 3.02464 468.626 2.84626 25799.6 24746.9 23963.7 783.2 44.1994 40.2056 9.88465 3.03111 6.85354 5.92647
internal_count=837685 677814 89762 28211 61551 5562 463 58 405 588052 53707 534345 18569 9224 207 90 46 117 9345 64 515776 492966 479865 13101 813 729 213 57 156 142
is_linear=0
shrinkage=0.05


Tree=124
num_leaves=31
num_cat=0
split_feature=10 8 3 18 9 7 10 7 16 24 7 9 9 9 7 24 19 19 8 11 18 22 18 10 21 14 7 2 19 19
split_gain=3.88918 8.1736 14.3351 13.2275 9.78688 12.4951 13.3476 10.685 13.9914 9.83219 9.74791 9.35358 9.89646 9.24596 24.0168 9.09784 9.72957 8.76591 18.734 17.3053 10.8013 9.45907 9.01059 10.0631 8.72585 15.8653 8.36095 8.32172 10.9662 12.4617
threshold=0.060006858710562418 1.5655538540707761 1.5000000000000002 0.057240795419383185 0.027864044168391996 243333.00000000003 0.040066889632107035 131433.50000000003 41.500000000000007 16.500000000000004 60306.000000000007 0.023310149967398396 0.0330042793230889 0.02279924916975502 79300.500000000015 7.5000000000000009 0.040217281710022187 1.0000000180025095e-35 1.575014178292883 0.050343962067630442 0.038498451380971625 1.0000000180025095e-35 0.055746186081551942 0.050705519807035561 0.46428571428571436 3.5000000000000004 62249.000000000007 1.5000000000000002 0.071280774020500051 0.10034722222222224
decision_type=2 2 2 2 2 2 2 2 2 2 2 2 2 2 2 2 2 2 2 2 2 2 2 2 2 2 2 2 2 2
left_child=1 2 10 4 7 9 -7 17 -9 -6 15 13 -13 -5 -15 -1 -17 18 19 -3 -19 -22 -20 -24 -4 -26 -12 28 -11 -30
right_child=-2 3 24 11 5 6 -8 8 -10 27 26 12 -14 14 -16 16 -18 20 22 -21 21 -23 23 -25 25 -27 -28 -29 29 -31
leaf_value=0.013208538509500751 0.00086919029989123884 0.029033005470433873 -0.0043963140872143513 0.0019343944798655421 -0.00026789147758966771 0.0076802857365536482 -0.0097980253810479815 0.00044083451053432269 0.18083430700963904 0.0063113100765563486 -0.028052181951321732 -0.018343118501292114 -0.0036349180310307062 0.28555375931965948 0.0025625992854111748 -0.0075733443382369359 0.0075273522599976954 -0.0096561340876239622 0.0017922113902415369 0.2711007920142473 -0.011133704848766898 -0.0012678794044404726 0.00085405870010774043 0.23707500941104037 0.013191085351742335 0.16409187527941999 0.001880274751087837 0.0016729303667892014 0.0547868471487164 -0.022873796011825515
leaf_weight=407.55414937250316 9615.0063258744776 1.8356308061629527 902.37737011164427 649.10470418725163 9709.6048512645066 137.37863788660616 533.10225096158683 2420.7704359805211 1.0753528736531723 565.05993661470711 23.55813037417829 118.14691361784935 3574.6921733953059 1.035423951223492 2.7173018734902143 148.74948276951909 377.06710999459028 828.28168419189751 352.4089943934232 1.2350963689386842 287.33820266649127 1572.7978326976299 0.94351028464734443 0.86345134675502777 11.541484110057352 2.0514296889305106 2407.0161572564393 6070.8788159927353 23.128715138882402 6.6509718652814618
leaf_count=7211 174472 39 17118 14940 205280 3426 11679 61715 40 11631 418 2661 68035 24 61 2793 6590 22919 8966 26 7121 39085 26 20 141 28 43519 127122 443 136
internal_value=-9.81466e-06 -0.000281231 0.0017481 -0.000604599 -0.000117101 0.000473318 -0.00621679 -0.00195781 0.000520933 0.000747242 0.00325807 -0.00313014 -0.00410549 0.00238683 0.0806434 0.00760146 0.00325548 -0.00392882 0.00342926 0.126397 -0.0049067 -0.00279187 0.00236325 0.113732 -0.00379736 0.0359649 0.00159016 0.00222593 0.00786983 0.0374422
internal_weight=40754 31139 4279.92 26859.1 22513.4 17045.8 670.481 5467.55 2421.85 16375.3 3363.95 4345.7 3692.84 652.857 3.75273 933.371 525.817 3045.7 357.287 3.07073 2688.42 1860.14 354.216 1.80696 915.97 13.5929 2430.57 6665.72 594.84 29.7797
internal_count=837685 663213 77818 585395 499674 359717 15105 139957 61755 344612 60531 85721 70696 15025 85 16594 9383 78202 9077 65 69125 46206 9012 46 17287 169 43937 139332 12210 579
is_linear=0
shrinkage=0.05


Tree=125
num_leaves=31
num_cat=0
split_feature=22 19 24 7 10 10 22 10 9 20 20 0 0 14 0 8 18 10 6 9 9 25 11 0 21 9 21 4 19 8
split_gain=3.88059 7.53595 7.43421 11.8986 9.15364 7.98384 8.52537 11.2 18.3858 8.01969 8.00356 7.94052 7.83643 9.15109 10.5994 8.18849 7.90748 30.8121 7.78977 10.6479 12.6932 11.7344 7.13942 11.2904 7.69965 7.02445 6.6354 10.8685 7.8199 8.39047
threshold=4.5000000000000009 0.11167800453514741 21.500000000000004 128787.00000000001 0.060661339438153682 0.077058029689608662 5.5000000000000009 0.079629356348212735 0.098538198890311582 0.049914288384186579 0.049914288384186579 53.500000000000007 50.500000000000007 7.5000000000000009 1.5000000000000002 0.52805973025047626 0.053957099832312651 0.04907832690499888 2.5000000000000004 0.057464913951863851 0.055476286559821675 2849.5000000000005 0.050168168696291163 44.500000000000007 0.27922077922077926 0.063564213564213573 0.61250000000000016 2.5000000000000004 0.068758954154727811 1.8854194327710776
decision_type=2 2 2 2 2 2 2 2 2 2 2 2 2 2 2 2 2 2 2 2 2 2 2 2 2 2 2 2 2 2
left_child=1 -1 5 4 -4 26 7 8 18 -8 -10 -11 13 15 16 -5 17 -15 19 20 21 -7 23 24 -17 -6 -2 28 29 -28
right_child=2 -3 3 12 25 6 9 -9 10 11 -12 -13 -14 14 -16 22 -18 -19 -20 -21 -22 -23 -24 -25 -26 -27 27 -29 -30 -31
leaf_value=0.00039288774073938278 -0.0019335477018326214 -0.0045310810676236169 0.00060364129004025465 0.10557120252302102 -0.023120311868188526 0.17434539998509346 -0.011059693216873591 0.011273107782699162 0.27210693558104937 0.01203583371164927 0.095376091172195532 -0.023209224887443619 -0.010602550997918632 0.040207313100018592 -0.028220787452912316 -0.012970683678449666 0.043728863423329031 0.4090545381041375 -0.026857279874033625 -0.053441399657401259 0.22011121138753753 -0.00413876336666199 0.010747936634447158 0.13908393503651795 0.083288427982482316 0.0059969408787252801 0.0033923519239743381 0.0022315444470343091 0.095798181327814758 0.079335785249815549
leaf_weight=30099.553916466422 7943.2723290808499 797.63913532160223 757.51663204934448 2.1836191229522219 75.996818855404854 1.3208616562187652 92.789137408137321 104.02358937263489 1.2286396659910672 129.67045621015131 1.3385339919477699 18.226862320676446 52.089625057764351 1.6318460125476115 2.1269104033708572 62.512164818122983 2.6085535120218992 0.86702994816005219 3.7764465790241957 1.5870024841278789 1.4627936445176599 3.0409976877272129 461.04107030294836 1.2994527909904707 2.1488464660942546 28.474261920899153 12.466988209635025 81.208462025970221 5.1117061637341967 5.1350956074893466
leaf_count=626031 161685 14100 14985 30 1386 29 1597 1751 21 2185 21 336 1126 56 71 1281 79 28 69 28 27 52 8957 24 27 470 137 1000 41 55
internal_value=-9.79885e-06 0.000265771 -0.000873658 0.00243202 -0.00130981 -0.00144409 0.00585701 0.0168799 0.059281 0.000463014 0.179959 0.00769223 0.00791268 0.00971063 0.0655652 0.00894706 0.104621 0.168185 0.0315908 0.0613717 0.092654 0.04991 0.0085467 -0.00683923 -0.00977175 -0.0151842 -0.00176932 0.0107831 0.0413573 0.0255475
internal_weight=40753.3 30897.2 9856.16 1450.5 861.988 8405.66 358.465 117.779 13.7553 240.686 2.56717 147.897 588.509 536.419 7.23434 529.185 5.10743 2.49888 11.1881 7.41166 5.82465 4.36186 527.002 65.9605 64.661 104.471 8047.19 103.922 22.7138 17.6021
internal_count=837685 640131 197554 28520 16841 169034 6116 1998 247 4118 42 2521 11679 10553 234 10319 163 84 205 136 108 81 10289 1332 1308 1856 162918 1233 233 192
is_linear=0
shrinkage=0.05


Tree=126
num_leaves=31
num_cat=0
split_feature=25 20 24 9 22 19 18 22 0 7 18 18 18 19 20 16 8 8 21 10 7 0 8 25 25 11 8 7 7 10
split_gain=3.89597 5.05007 9.3635 13.9589 10.8423 11.6744 8.47664 7.94424 7.09381 7.16596 9.70056 10.0766 14.9503 14.7458 11.4299 10.8815 10.1888 12.9037 16.0662 16.0478 19.2101 9.77273 14.3353 10.7768 12.3273 9.20194 8.66382 8.48673 7.83383 7.72087
threshold=786214.00000000012 0.073346462366107895 16.500000000000004 0.34313725490196084 1.5000000000000002 0.048971713837912254 0.057115590697807986 5.5000000000000009 54.500000000000007 206590.00000000003 0.080240731135871809 0.05704843021705993 0.058495085230807521 0.051250066324239479 0.075644073418841232 1.0000000180025095e-35 1.7574875106093129 1.6209420861965491 0.051432940262870375 0.054826582585496005 69545.000000000015 1.5000000000000002 1.8533323469191141 568.50000000000011 142300.00000000003 0.053601648584168347 1.8234171397687837 28524.500000000004 235153.50000000003 0.061095969453638703
decision_type=2 2 2 2 2 2 2 2 2 2 2 2 2 2 2 2 2 2 2 2 2 2 2 2 2 2 2 2 2 2
left_child=1 -1 7 4 5 -4 -6 -3 9 10 11 16 -13 -14 -15 -16 17 18 -7 -19 27 22 -18 -24 -25 -11 29 -21 -27 -17
right_child=-2 2 3 -5 6 8 -8 -9 -10 25 -12 12 13 14 15 26 21 19 -20 20 -22 -23 23 24 -26 28 -28 -29 -30 -31
leaf_value=-0.0006444045499712066 0.00047832529138222855 0.0013345690724274307 -0.013658917878370189 0.20197800479286496 0.013259595408267155 0.15374232015958517 -0.0073898528821198482 -0.020909352275696347 -0.028757361911864121 -0.031350377914134614 0.18261619235394838 -0.034634127170260709 0.20534816341191414 0.15860996620411533 0.17021266028028256 -0.014228585027840739 -0.0093507670698334579 0.040174594689875977 -0.02539511475253798 0.22948490774263908 0.33958195380084288 -0.029149864210999629 -0.0062789141893745369 0.2648674571964546 0.061119247257587717 0.0087188632421515734 -0.043135516217283953 0.064511207238852591 0.18423570134162803 0.08050416150309006
leaf_weight=19675.397113035433 20411.310650441796 338.0886673219502 15.496285477653144 0.95046935603022475 108.23366637714207 1.9308697860687987 91.895766397938132 45.54677358083427 4.1463380325585595 6.9194292295724136 1.2691323030740012 8.2539219856262225 1.3532622642815137 1.6509813163429523 1.1162385158240784 3.8689453229308111 3.4497428238391858 2.6836605202406645 3.5581296533346176 1.236037500202656 1.5241763945668934 4.2192234136164188 1.0861847996711729 1.7271647024899723 1.3019915670156477 1.6088931225240233 5.1969796754419795 2.1108872517943382 1.0510426647961137 4.8433511462062597
leaf_count=466339 357072 7238 391 12 2395 36 1867 1042 89 144 23 180 25 31 18 80 75 59 65 21 25 94 29 31 19 30 116 34 21 84
internal_value=-9.71543e-06 -0.000499426 0.00378158 0.0106865 0.0100411 0.025402 0.00377775 -0.00130632 0.0345584 0.0387954 0.0460671 0.0426765 0.0210993 0.0466138 0.0337329 0.0200115 0.0655187 0.0959633 0.0376202 0.138353 0.192443 0.0318202 0.0658246 0.128841 0.177292 -0.000966601 0.0079577 0.125437 0.0780723 0.0384354
internal_weight=40753 20341.7 666.318 282.683 281.732 81.6029 200.129 383.635 66.1066 61.9602 52.3809 51.1117 26.2837 18.0298 16.6765 15.0255 24.8281 13.0438 5.489 7.55476 4.8711 11.7843 7.56508 4.11534 3.02916 9.57937 13.9093 3.34692 2.65994 8.7123
internal_count=837685 480613 14274 5994 5982 1720 4262 8280 1329 1240 1045 1022 534 354 329 298 488 240 101 139 80 248 154 79 50 195 280 55 51 164
is_linear=0
shrinkage=0.05


Tree=127
num_leaves=31
num_cat=0
split_feature=14 8 17 18 18 8 24 25 18 20 22 9 24 19 20 18 19 22 22 9 9 20 7 19 7 20 10 22 19 3
split_gain=3.74397 4.88288 3.69087 5.89366 13.3698 9.13596 8.80935 7.35308 10.1736 8.84238 16.5225 9.71498 6.9579 12.8053 13.812 15.9832 14.1765 11.2449 11.0552 9.14583 20.594 8.24394 8.20428 7.2159 6.74473 7.59763 12.9492 6.80109 6.70129 6.33109
threshold=18.500000000000004 1.2206001792295977 0.53571428571428581 0.051613510865976188 0.051227226258717014 1.8854194327710776 16.500000000000004 178896.50000000003 0.057552469143572947 0.061010600287113206 1.5000000000000002 0.056842849378286549 6.5000000000000009 0.056792465357652068 0.056775159878081169 0.058333868413167254 0.061872460458712523 1.0000000180025095e-35 3.5000000000000004 0.061851179999281587 0.083582834331337327 0.060649651030676842 33936.500000000007 0.05899574079483421 44742.500000000007 0.049803725299460817 0.064693492354405455 1.0000000180025095e-35 0.064778040444678206 1.5000000000000002
decision_type=2 2 2 2 2 2 2 2 2 2 2 2 2 2 2 2 2 2 2 2 2 2 2 2 2 2 2 2 2 2
left_child=2 -2 -1 4 -4 6 -6 12 -9 29 -11 -12 13 -5 24 16 18 -17 21 23 -21 -16 -14 -19 27 26 -26 -15 -25 -10
right_child=1 -3 3 7 5 -7 -8 8 9 10 11 -13 22 14 15 17 -18 19 -20 20 -22 -23 -24 28 25 -27 -28 -29 -30 -31
leaf_value=-5.5059131801144708e-05 0.084704584085904269 -0.023476454928377591 0.0084199763004729668 -0.013495450484729991 -0.004298222929593142 0.18235004608170069 0.14385685757778693 -0.0063372305431210283 0.040684323312935339 -0.054988133051950473 0.081770324675025485 0.22378951342329412 0.010124513864192152 0.056564101286522589 0.1901951204703359 -0.037465740437857317 0.014710953776920013 0.089372996441677621 0.26397216158196585 0.18867320821549008 -0.012345081133005269 0.040298026199680426 -0.01407107158411334 -0.013130667421098391 0.012265511817964633 -0.00077124142084540625 0.15340772368850814 -0.049484734110146769 0.095747729559152173 -0.021061099657823205
leaf_weight=40140.493773062713 1.0885481089353586 24.967197797261178 206.42070536874235 48.967926256358624 2.9667183235287657 1.6857569478452203 1.5160888992249963 22.891107074916363 13.600172612816101 1.5843430459499348 3.6660977378487587 1.7931499779224394 45.590470373630524 1.7991825714707363 1.6294861994683727 5.7833696305751827 2.8698069863021374 3.0676714554429081 1.5703817903995512 2.8571412712335578 2.2996182963252068 2.0985316708683968 151.32998351380229 9.6119772382080537 5.2206827774643889 25.67073692381382 2.3595220409333706 9.466434568166731 1.6568395681679238 5.9756325595080844
leaf_count=828116 22 985 3412 701 41 23 23 321 178 20 49 22 619 25 21 76 37 35 22 32 26 28 2072 126 71 330 23 125 21 83
internal_value=-9.67221e-06 -0.0189569 2.44975e-06 0.0039421 0.0105876 0.0831224 0.0458079 0.000158203 0.018104 0.0391221 0.0871638 0.128418 -0.00258538 0.00654317 0.0191295 0.0434098 0.104214 0.0237608 0.152692 0.0419258 0.0990306 0.105817 -0.00846938 0.0213856 0.000887986 0.0122163 0.0561994 -0.0325481 0.00287758 0.0218362
internal_weight=40752.5 26.0557 40726.4 585.95 212.589 6.16856 4.48281 373.36 49.5105 26.6194 7.04359 5.45925 323.85 126.929 77.9614 33.4448 8.16821 25.2766 5.2984 19.4932 5.15676 3.72802 196.92 14.3365 44.5166 33.2509 7.5802 11.2656 11.2688 19.5758
internal_count=837685 1007 836678 8562 3499 87 64 5063 673 352 91 71 4390 1699 998 424 108 316 71 240 58 49 2691 182 574 424 94 150 147 261
is_linear=0
shrinkage=0.05


Tree=128
num_leaves=31
num_cat=0
split_feature=16 25 24 17 12 19 9 11 10 7 9 9 19 20 19 20 17 20 24 24 11 2 8 10 10 14 20 10 19 9
split_gain=3.68971 6.3694 7.16635 6.00504 5.86379 7.36957 6.1454 9.62811 8.88263 9.67631 11.1535 13.9474 13.8925 7.53005 7.01119 5.90956 5.60322 8.33548 8.68589 16.2456 18.8598 17.7591 10.0522 10.153 12.1721 17.4551 7.82799 7.728 8.39655 14.2101
threshold=4.5000000000000009 222203.50000000003 18.500000000000004 0.77500000000000013 3.5000000000000004 0.050015634771732341 0.02279924916975502 0.050303548014050625 0.056809299350987739 65551.000000000015 0.05573882498440013 0.062140066969727119 0.059792310514655049 0.059226388301407945 0.062108532200065389 0.050176661956464766 0.028991596638655467 0.019386157218916383 3.5000000000000004 4.5000000000000009 0.053601648584168347 3.5000000000000004 2.234622994038741 0.052245028332489861 0.056695765719280151 5.5000000000000009 0.038660688072170178 0.03673201681197185 0.034073318322544337 0.056007935021206497
decision_type=2 2 2 2 2 2 2 2 2 2 2 2 2 2 2 2 2 2 2 2 2 2 2 2 2 2 2 2 2 2
left_child=4 3 -3 16 -1 -6 7 14 -8 15 13 12 -12 -11 -7 -10 17 18 -2 20 21 -20 23 -21 25 -25 27 -19 29 -29
right_child=1 2 -4 -5 5 6 8 -9 9 10 11 -13 -14 -15 -16 -17 -18 26 19 22 -22 -23 -24 24 -26 -27 -28 28 -30 -31
leaf_value=0.00013984207653411836 -0.024741939267281129 -0.0091611612563379519 0.08745118218192155 0.13981120671879338 -0.007717384503734318 0.28100506026252248 -0.015947609051903854 0.012786161406740604 0.11953526158559441 -0.052276693285990411 0.38642886771081342 0.028465289821919038 0.12370850704863715 0.1172793504980587 0.075959705343585607 -0.024989062660333187 0.0010368260752696779 -0.029025740204881662 0.45724599023088469 0.001853720596486479 -0.051597649834205089 0.096354526044334574 0.19914238923167607 0.25363783498736253 -0.0022914187980697682 -0.051572139702361665 -0.0021736553434449578 -0.0042737110334377867 -0.0097447883167099333 0.10341214615584123
leaf_weight=36151.347340369597 7.4700214881449929 3.4928901121020308 4.2609096597880125 0.7524663582444181 13.633594453334807 0.90014429949224284 6.9438093397766378 1.5369768775999544 0.87324392236769011 1.4754462596029045 0.91164256446063596 1.2359483595937488 1.1231013629585502 1.1772831976413725 0.77656319178640842 3.7224497832357883 1513.8160970322788 49.513071528635919 0.68732259701937681 17.808815938420601 0.63519802875816811 0.67630793526768684 0.79801288433372874 1.6354176383465522 2.0130378808826208 0.65649913065135468 2752.0545761846006 9.5559910107403976 196.12206966709346 4.5090370811521998
leaf_count=694548 280 94 78 6 472 25 214 45 25 42 24 33 24 30 20 116 39539 2184 22 673 23 25 32 47 59 23 91422 385 7024 151
internal_value=-9.55962e-06 -0.00134883 0.0439298 -0.00142585 0.00015945 0.02082 0.0396368 0.103179 0.0279432 0.056916 0.0991561 0.160946 0.241417 0.0229724 0.186039 0.00247251 -0.00144916 -0.00268542 0.0225477 0.0367286 0.173435 0.278258 0.0248023 0.0185109 0.0874188 0.166213 -0.00295671 -0.0112548 -0.00706855 0.0302488
internal_weight=40752.1 4566.46 7.7538 4558.7 36185.7 34.3102 20.6766 3.21368 17.4629 10.5191 5.92342 3.27069 2.03474 2.65273 1.67671 4.59569 4557.95 3044.14 32.3806 24.9106 1.99883 1.36363 22.9118 22.1138 4.30495 2.29192 3011.75 259.7 210.187 14.065
internal_count=837685 142067 172 141895 695618 1070 598 90 508 294 153 81 48 72 45 141 141889 102350 1184 904 70 47 834 802 129 70 101166 9744 7560 536
is_linear=0
shrinkage=0.05


Tree=129
num_leaves=31
num_cat=0
split_feature=11 0 20 20 3 10 19 2 19 4 19 7 18 1 7 7 20 13 18 18 19 7 1 20 20 19 19 21 0 8
split_gain=3.66638 4.78608 5.74692 8.87225 7.9926 5.32916 10.3595 5.04632 6.31153 7.0522 7.24721 5.56082 7.75336 14.9823 10.9005 6.68309 12.9717 19.1055 8.09207 9.58453 9.38644 7.01306 10.0164 6.47223 6.30876 9.9579 13.1144 13.5801 32.5959 11.3066
threshold=0.051963024990569533 92.500000000000014 0.062121833424457817 0.065844887622665424 2.5000000000000004 0.073205084163517703 0.074146412037037049 4.5000000000000009 0.14434523809523811 2.5000000000000004 0.34848484848484856 69545.000000000015 0.25657894736842107 1.5000000000000002 25045.500000000004 77257.500000000015 0.0499194627147923 0.29166666666666669 0.06565073501115988 0.07015422473959991 0.056317275326634865 74180.500000000015 1.5000000000000002 0.096579867858530913 0.073346462366107895 0.064778040444678206 0.077108881456707565 0.051432940262870375 1.5000000000000002 1.4805463759804518
decision_type=2 2 2 2 2 2 2 2 2 2 2 2 2 2 2 2 2 2 2 2 2 2 2 2 2 2 2 2 2 2
left_child=-1 7 5 4 -4 -3 -7 11 -9 10 -10 12 24 -14 -15 16 -13 18 23 20 -20 -21 -23 -18 -2 -26 27 28 -27 -29
right_child=1 2 3 -5 -6 6 -8 8 9 -11 -12 15 13 14 -16 -17 17 -19 19 21 -22 22 -24 -25 25 26 -28 29 -30 -31
leaf_value=-0.0003914125227952253 0.001079683843592461 -0.020557318537231369 0.17160525199976445 -0.0251372969508077 0.020523774537651449 0.11531586713211904 -0.052908654781348929 0.003049492018899095 -0.00177165773067017 -0.024470975968568356 0.10582686847610499 -0.018029783821373387 -0.013715770414071288 0.04087799734410856 0.22578860794783417 -0.00029471004593692956 -0.0038259353746504855 0.16050205547647226 0.24293972992255056 -0.011618687560965714 0.046204980605065879 0.1892393473364691 0.012483593440391134 0.11253311787563564 0.0052398639822873088 0.020906387206051282 -0.020940444625295714 0.12352639393082979 0.29191575019502031 0.018861103967728977
leaf_weight=24721.984724367969 5480.3218381796032 60.912462223321199 1.54720165207982 3.6040494628250599 2.0160932205617428 2.0756981298327442 1.6368476524949072 2447.1231938935816 5.7879830822348586 38.335702627897263 2.1448662094771862 157.05972514301538 3.7265170793980351 1.5837731808423998 1.6043827719986437 7448.5830013388768 175.51092882454395 1.8673473764210928 1.0131641142070287 7.1429574973881227 1.5097171980887649 1.2363240439444783 2.278926394879818 1.2032646797597397 148.92274061590433 2.70485731028021 7.5298193525522938 3.0887461528182056 1.8811578955501316 15.673962032422422
leaf_count=517259 106116 1428 22 75 33 40 33 46903 102 733 21 3500 61 25 22 154380 3490 33 19 125 30 22 41 22 2669 55 119 42 33 232
internal_value=-9.52398e-06 0.000579451 -0.0123014 0.0301771 0.0861242 -0.0170126 0.0411463 0.0006374 0.00270359 -0.0155912 0.0273206 0.000254777 0.00144668 0.0543599 0.133931 -0.000611484 -0.00737571 0.00135031 -0.000214716 0.0375775 0.125212 0.0168338 0.0746491 -0.00303363 0.00138204 0.0105979 0.0364389 0.0549434 0.132073 0.0360913
internal_weight=40751.6 16029.6 71.7924 7.16734 3.56329 64.625 3.71255 15957.8 2493.39 46.2686 7.93285 13464.4 5667.04 6.91467 3.18816 7797.41 348.822 191.763 189.895 13.1811 2.52288 10.6582 3.51525 176.714 5660.12 179.801 30.8785 23.3487 4.58602 18.7627
internal_count=837685 320426 1631 130 55 1501 73 318795 47759 856 123 271036 109374 108 47 161662 7282 3782 3749 237 49 188 63 3512 109266 3150 481 362 88 274
is_linear=0
shrinkage=0.05


Tree=130
num_leaves=31
num_cat=0
split_feature=2 9 9 10 24 8 19 18 19 8 10 18 7 16 16 8 19 7 19 22 20 17 17 20 18 18 8 10 11 18
split_gain=3.6526 8.75802 12.3513 10.1777 30.9568 9.03064 11.1426 9.42511 10.1873 8.55528 7.89516 8.27778 5.80203 11.648 13.5371 8.655 6.81195 9.73867 9.76784 8.94096 8.72258 9.06412 8.26308 8.24573 7.83744 24.1291 7.46922 15.6043 8.47658 7.08168
threshold=5.5000000000000009 0.073554003541215843 0.068972198651691422 0.046682737086117344 17.500000000000004 1.575014178292883 0.060298891399588703 0.060139073727158938 0.036737953967529512 1.8033333389191528 0.12778327560613559 0.09212771690317946 46265.000000000007 18.500000000000004 21.500000000000004 1.9921801403783161 0.052617159336697916 92723.500000000015 0.0492336941452396 4.5000000000000009 0.04995303512527751 0.031754032258064523 0.19677419354838713 0.055123157682212806 0.06565073501115988 0.058337292132696152 1.4886432771608176 0.049978111963743119 0.053860729432609229 0.049792249641207952
decision_type=2 2 2 2 2 2 2 2 2 2 2 2 2 2 2 2 2 2 2 2 2 2 2 2 2 2 2 2 2 2
left_child=-1 2 10 4 -4 6 -5 8 -7 -9 11 12 13 15 -15 -2 17 19 29 20 24 -22 -20 -21 25 26 27 -14 -28 -19
right_child=1 -3 3 5 -6 7 -8 9 -10 -11 -12 -13 16 14 -16 -17 -18 18 22 23 21 -23 -24 -25 -26 -27 28 -29 -30 -31
leaf_value=-7.3219181823291535e-05 -0.011773804992550284 -0.010120469443059447 0.27304123641634964 0.16510556877415095 -0.053381759440823566 0.10191306920910664 -0.01658330238955669 -0.015671206665011209 -0.053753809142778143 0.1549121266749805 0.054795985645367945 -0.033078865398394601 0.19288916265203768 0.28772948880763499 0.0014055159344604521 0.02035343537703771 0.001573815195636465 -0.0066377720668161794 0.027772921640064216 -0.021000323427283637 -0.0035282590632520088 0.15681278253327208 0.16509660561054451 0.099292105562758165 -0.031982660702351333 0.23641015859042991 0.032264024220360142 -0.017684298782877094 0.1468804196257408 0.017945854910490642
leaf_weight=40024.649098418653 111.02050070464611 101.47716643474996 1.6838842723518639 2.2775675542652603 1.277273144572973 1.2827433831989745 1.340541537851095 1.3073074109852316 5.8178926780819893 1.6790636889636514 7.7196626774966708 14.756437050178645 2.4299111198634011 0.73482033237814792 0.94202432408928871 25.843147283419967 228.68489052541554 86.556774020195007 30.23115969076753 10.950415961444376 12.088440464809533 0.95072716474533159 1.1366324685513962 1.6376498788595188 2.2938005514442912 1.89635695144534 21.110795466229323 1.3791157957166431 1.7465813290327776 44.280821552500129
leaf_count=823708 2161 1820 29 33 24 20 22 21 101 30 104 267 39 19 33 511 4358 1847 576 225 240 18 17 31 40 34 443 22 33 859
internal_value=-9.44198e-06 0.00350403 0.00571595 0.0481817 0.132241 0.0300197 0.0977882 0.00571177 -0.0256323 0.0802379 0.00455265 0.00390693 0.00483843 -0.00410265 0.126877 -0.00570741 0.00760726 0.0139165 0.0076901 0.0317969 0.0424498 0.00816272 0.0327489 -0.00535083 0.0569386 0.0640796 0.0518245 0.116648 0.0410221 0.00168234
internal_weight=40751.2 726.534 625.057 16.6663 2.96116 13.7051 3.61811 10.087 7.10064 2.98637 608.391 600.671 585.915 138.54 1.67684 136.864 447.374 218.689 162.205 56.4838 43.8957 13.0392 31.3678 12.5881 30.8566 28.5628 26.6664 3.80903 22.8574 130.838
internal_count=837685 13977 12157 280 53 227 55 172 121 51 11877 11773 11506 2724 52 2672 8782 4424 3299 1125 869 258 593 256 611 571 537 61 476 2706
is_linear=0
shrinkage=0.05


Tree=131
num_leaves=31
num_cat=0
split_feature=12 25 25 8 2 11 18 16 18 24 7 8 22 9 7 10 25 20 8 22 8 10 18 19 19 18 18 8 7 3
split_gain=3.60818 8.6732 8.93837 8.53589 7.95763 7.33334 9.10117 18.0928 21.1611 22.2193 13.8196 16.7916 9.83967 9.81504 9.03471 9.72677 7.6446 7.58062 13.2922 13.6227 15.1889 9.05445 9.1812 12.7977 11.2405 10.4878 9.53728 7.70009 7.23375 11.3573
threshold=1.0000000180025095e-35 86.500000000000014 1.0000000180025095e-35 2.1887928556073262 3.5000000000000004 0.053601648584168347 0.080240731135871809 3.5000000000000004 0.10546176762661372 4.5000000000000009 141275.50000000003 1.8398049952482287 1.0000000180025095e-35 0.53571428571428581 218706.00000000003 0.096930786094581903 91.500000000000014 0.04995303512527751 0.92579609661032014 4.5000000000000009 0.72911276267781888 0.049756386178222568 0.062076611361724911 0.0395040742928209 0.034524728872175413 0.057552469143572947 0.037860702515874936 2.1818936996017242 205272.50000000003 1.0000000180025095e-35
decision_type=2 2 2 2 2 2 2 2 2 2 2 2 2 2 2 2 2 2 2 2 2 2 2 2 2 2 2 2 2 2
left_child=-1 2 3 -2 5 17 13 8 9 -8 11 -11 -10 14 15 28 -16 27 19 20 -19 -20 23 24 25 -23 -26 -3 -7 -30
right_child=1 4 -4 -5 -6 6 7 -9 12 10 -12 -13 -14 -15 16 -17 -18 18 21 -21 -22 22 -24 -25 26 -27 -28 -29 29 -31
leaf_value=0.00015911700860655502 0.0011251970452872027 0.0054519112771749464 -0.007378619718787509 -0.046103726899438383 -0.0027048236906745756 0.0060418271930626211 -0.022432717487471773 -0.013431392346375368 0.13320453177710948 0.041776591240757714 0.28988921735075374 0.28848212744300156 -0.0396446963519482 0.17314644232132007 0.14007424608806379 0.14690672280062425 -0.017479316284763659 0.029714861214833854 -0.016754438114963559 -0.052729291773273991 0.23722194325625248 -0.010994288285471511 -0.024140902643673634 -0.0003253781986666816 0.052098345995267227 0.1843733339672905 0.26795031505765826 -0.035030067242837588 0.069779049475729549 -0.0029117170026017225
leaf_weight=36117.532999588177 600.1811447776854 535.57203443534672 953.35542282275856 9.7219011727720481 1322.9112492362037 459.68639912642539 1.6442735940217987 8.9353048950433713 1.0655546430498359 2.104953065514565 2.0387813039124012 1.0258670561015604 3.6222824864089489 0.87623921968042751 0.78256417065858741 1.2521579042077053 47.603271855972707 1.8104329518973821 115.22309965733439 1.4171782433986662 1.7193547822535036 3.6517584268003693 40.550669344142079 480.23058718442917 0.96222678013145957 0.84610126726329316 1.0930791944265363 12.010023275390266 11.449936576187612 10.125284895300863
leaf_count=695687 19563 15845 35524 451 37985 12244 34 219 19 41 38 23 69 15 29 27 1379 36 3553 30 33 103 1023 12661 30 24 29 426 282 263
internal_value=-9.3982e-06 -0.00132296 -0.00435458 0.000372364 0.00022065 0.00243558 0.00720081 0.039944 0.0814096 0.137663 0.188584 0.122614 -0.000355725 0.00594243 0.00566647 0.00773197 -0.0149311 0.000233711 -0.00342835 0.0782174 0.130791 -0.00405693 -0.00128252 0.000621662 0.0700229 0.0257567 0.166896 0.00456403 0.00736986 0.0356652
internal_weight=40751 4633.47 1563.26 609.903 3070.21 1747.3 552.213 20.437 11.5017 6.81388 5.1696 3.13082 4.68784 531.776 530.9 482.514 48.3858 1195.09 647.504 4.94697 3.52979 642.558 527.334 486.784 6.55317 4.49786 2.05531 547.582 481.262 21.5752
internal_count=837685 141998 55538 20014 86460 48475 14682 443 224 136 102 64 88 14239 14224 12816 1408 33793 17522 99 69 17423 13870 12847 186 127 59 16271 12789 545
is_linear=0
shrinkage=0.05


Tree=132
num_leaves=31
num_cat=0
split_feature=20 24 20 8 20 7 7 19 18 16 14 19 8 6 8 22 7 19 19 19 8 9 7 8 0 20 11 19 24 9
split_gain=3.59871 5.54779 8.18226 9.06161 11.2186 14.375 7.97327 9.65146 8.67619 8.3208 13.8754 11.263 9.77224 7.91875 7.23852 14.403 7.13548 10.469 7.10714 8.55426 7.07643 6.82878 12.9101 22.5784 31.5297 11.0476 11.1588 15.5066 10.9889 9.56817
threshold=0.03132570101211217 10.500000000000002 0.029218423186921076 2.2462391387218887 0.025339387268391123 112916.00000000001 13121.000000000002 0.037315450868965074 0.070916941833883682 1.5000000000000002 1.0000000180025095e-35 0.031069009404956553 2.1293907659134983 3.5000000000000004 2.2664457163570444 3.5000000000000004 10126.000000000002 0.040674040461334854 0.056317275326634865 0.056379968956065132 0.8264008068883284 0.037826481944129013 230421.50000000003 1.7027821288869618 6.5000000000000009 0.025339387268391123 0.053753974982820023 0.032883354580222186 15.500000000000002 0.039763458660170344
decision_type=2 2 2 2 2 2 2 2 2 2 2 2 2 2 2 2 2 2 2 2 2 2 2 2 2 2 2 2 2 2
left_child=1 6 3 21 14 -6 7 9 16 10 12 -12 13 -1 15 -5 -9 -18 -8 -20 -21 22 -3 24 -24 26 -25 -28 29 -23
right_child=-2 2 -4 4 5 -7 18 8 -10 -11 11 -13 -14 -15 -16 -17 17 -19 19 20 -22 28 23 25 -26 -27 27 -29 -30 -31
leaf_value=0.0097413719083134648 9.2209945713425375e-05 -0.0075978545126324099 -0.0082309687981256818 -0.0074888207692142481 0.28868308136069709 0.008214341324555707 -0.008021109931024924 -0.018628360659355369 0.14148942459433389 -0.012060774231071006 0.034312430429415092 0.23646460373395409 0.18134831305952673 0.12574209737199757 -0.0092833923076088929 0.27382273796304984 0.17824155704770059 0.012250770883788349 0.11246808488749205 0.097209884669507862 0.0016787838720625807 0.16601547814234555 0.030079268918017578 0.027654627745731332 0.4303008436262144 -0.031403273604483105 0.01350507381866318 0.330301186593848 0.0024431495757976417 0.020527489852336
leaf_weight=11.96620657667518 38929.844568941742 220.41151170711964 201.17279503121972 1.1200345251709203 1.0244643203914163 0.82457187864929427 738.45906410459429 29.379771713167429 1.0123791694641102 6.2752438616007558 1.1487704459577792 1.7217125203460453 1.0637338943779457 1.6774485409259803 4.6636509345844388 0.76631934568285931 1.0838346723467092 7.6867405213415623 1.8152321986854065 1.9689368866384018 125.37390352599323 1.1456372942775477 1.2115242239087849 8.1547087579965609 0.82872482202947129 7.00440490245819 0.76155999489128479 0.78386435285210609 356.83047869242728 83.295723145827651
leaf_count=254 792396 6257 4931 31 24 21 19175 665 11 204 28 30 18 35 130 19 26 166 39 25 2579 30 30 237 20 195 21 19 8212 1857
internal_value=-9.40254e-06 -0.00218214 0.000640224 0.00323107 0.0548482 0.163609 -0.00488128 0.0122914 -0.00297995 0.0373644 0.055009 0.155563 0.0353835 0.0240033 0.0241455 0.106792 -0.00681368 0.0327633 -0.00612854 0.00469217 0.00315586 0.00259392 -0.00421006 0.0356255 0.192644 0.0164477 0.0510005 0.174189 0.00628147 0.0225014
internal_weight=40750.5 1820.63 890 688.827 8.39904 1.84904 930.633 63.0158 39.1627 23.8531 17.5779 2.87048 14.7074 13.6437 6.55 1.88635 38.1503 8.77058 867.617 129.158 127.343 680.428 239.156 18.7448 2.04025 16.7045 9.70013 1.54542 441.272 84.4414
internal_count=837685 45289 22034 17103 225 45 23255 1437 868 569 365 58 307 289 180 50 857 192 21818 2643 2604 16878 6779 522 50 472 277 40 10099 1887
is_linear=0
shrinkage=0.05


Tree=133
num_leaves=31
num_cat=0
split_feature=22 19 24 7 10 18 10 8 18 9 11 7 0 21 18 7 10 20 19 11 19 18 9 6 10 9 4 18 9 7
split_gain=3.54628 6.79583 6.69776 10.6308 8.40485 7.61488 7.23374 9.88875 9.11187 8.08358 7.68703 8.88378 7.00527 8.60055 11.0789 11.8519 9.07454 10.8981 13.7183 9.01943 7.93453 7.55353 8.12801 7.90173 6.75571 9.25543 8.75797 11.4696 6.69027 10.333
threshold=4.5000000000000009 0.11167800453514741 21.500000000000004 128787.00000000001 0.060661339438153682 0.10546176762661372 0.12778327560613559 2.275417567541274 0.1112092658029054 0.18301435406698566 0.050260215400075865 159217.00000000003 50.500000000000007 0.054093567251461992 0.095311355311355331 133627.50000000003 0.053393074300751582 0.055605425892679035 0.061446595966291075 0.050168168696291163 0.048971713837912254 0.066328786444839916 0.053488128198674392 -1.0000000180025095e-35 0.059505173390583539 0.027864044168391996 2.5000000000000004 0.071480709071949963 0.055366492971767219 191339.00000000003
decision_type=2 2 2 2 2 2 2 2 2 2 2 2 2 2 2 2 2 2 2 2 2 2 2 2 2 2 2 2 2 2
left_child=1 -1 5 4 -4 -2 7 9 -8 -7 11 -10 13 16 15 -15 17 20 -19 -18 -5 -22 23 -23 25 -21 -27 -28 29 -26
right_child=2 -3 3 12 -6 6 8 -9 10 -11 -12 -13 -14 14 -16 -17 19 18 -20 24 21 22 -24 -25 28 26 27 -29 -30 -31
leaf_value=0.00037434976493084989 -0.0016072788071924472 -0.0043113259352868484 0.00057259421089821832 0.016241540519958107 -0.014641446143014878 0.015467810591128815 0.094566790853464644 0.13897965378094571 -0.01349615151414236 -0.035475136741605316 -0.027555210636768898 0.075570421908783783 -0.010155300983865459 0.15505628605357083 0.13931121565734669 0.016356478167033416 -0.026045467449880785 0.030153191628362983 0.16084144810504802 -0.03823753195653682 -0.0079855902295879501 0.041620505156445081 -0.024721807906915461 0.21534605933476969 0.0094769857454924944 -0.02697526768989407 0.0072889807319892891 0.16787744408665017 0.0044276942346882734 0.064234269018806731
leaf_weight=30107.405365746468 8205.0186383416876 794.22944922558963 757.90208825841546 145.7660475820303 103.1305722091347 135.75442340783775 2.019721955060958 1.5633002538233984 7.4914234559982997 8.2609620783478004 30.266411274671555 4.4703173171728849 51.578476312570274 1.6672451831400454 2.4371604323387137 20.211525026708841 27.57890429161489 45.143055373802781 2.1014977470040312 17.096284965053201 68.971951010636985 1.5772694107145071 1.7475845869630573 1.1188320443034163 22.311920434236526 20.795689659193158 73.383392512798309 1.1289908215403546 74.033047934994102 14.035033769905565
leaf_count=626031 165847 14100 14985 3259 1856 2291 31 31 130 137 500 67 1126 22 17 291 520 930 39 352 1409 30 32 23 412 367 1329 19 1240 262
internal_value=-9.40307e-06 0.000253919 -0.000835624 0.00229777 -0.00124967 -0.00137823 0.00852226 0.0139034 -0.00918192 0.0125456 -0.0141441 0.0197896 0.00745139 0.00912966 0.0381902 0.0269259 0.00776231 0.0141851 0.0359664 0.000927466 0.00949013 -0.00391473 0.0592705 0.113713 0.0042665 -0.00436164 0.001715 0.00972217 0.0130529 0.030621
internal_weight=40750.2 30901.6 9848.56 1453.72 861.033 8394.85 189.827 145.579 44.2479 144.015 42.2282 11.9617 592.684 541.105 24.3159 21.8788 516.79 266.426 47.2446 250.363 219.182 73.4156 4.44369 2.6961 222.784 112.404 95.3081 74.5124 110.38 36.347
internal_count=837685 640131 197554 28520 16841 169034 3187 2459 728 2428 697 197 11679 10553 330 313 10223 5722 969 4501 4753 1494 85 53 3981 2067 1715 1348 1914 674
is_linear=0
shrinkage=0.05


Tree=134
num_leaves=31
num_cat=0
split_feature=8 3 22 10 7 8 22 21 3 6 20 10 12 2 20 20 11 14 22 10 24 20 8 10 19 0 19 9 8 16
split_gain=3.51913 9.42815 7.08631 9.19159 11.697 16.2024 8.65942 9.68725 8.93327 9.56057 8.21832 20.6976 7.95935 8.8318 12.455 16.7341 15.229 12.1739 22.6121 9.43565 9.47183 12.5777 9.16273 9.12736 9.58928 18.8943 9.21713 10.9775 12.7467 14.6759
threshold=1.8324162270420492 2.5000000000000004 1.5000000000000002 0.083472686733556303 59083.500000000007 2.287850759000476 3.5000000000000004 0.61250000000000016 2.5000000000000004 3.5000000000000004 0.033264177040110657 0.045501599849425943 1.0000000180025095e-35 3.5000000000000004 0.06648755737752246 0.066729088639201004 0.053601648584168347 15.500000000000002 2.5000000000000004 0.038955157161678904 1.5000000000000002 0.012232530300763133 1.8371509409628166 0.041717791782680334 1.0000000180025095e-35 50.500000000000007 0.05868210715437417 0.056007935021206497 1.9260293362942307 1.0000000180025095e-35
decision_type=2 2 2 2 2 2 2 2 2 2 2 2 2 2 2 2 2 2 2 2 2 2 2 2 2 2 2 2 2 2
left_child=1 -1 3 -2 5 -5 12 -8 9 10 11 -9 13 19 17 16 -16 -15 -19 -4 21 -21 -23 24 25 -22 -26 28 -28 -30
right_child=2 -3 6 4 -6 -7 7 8 -10 -11 -12 -13 -14 14 15 -17 -18 18 -20 20 23 22 -24 -25 26 -27 27 -29 29 -31
leaf_value=0.00052225060934286418 -0.0024004263705137245 -0.0064798267892357724 -0.0073296019033366952 -0.02876773929088916 0.022029304570051617 0.13751837323761337 -0.001322684202527897 -0.027089395681133194 -0.054715384237321744 -0.023270071957847929 0.020350408203179415 0.2011946719874553 -0.0040739630784652177 0.0034913236272060087 0.060177294123117488 0.01569404778730547 0.28666126959508414 0.39263311406071844 -0.051455955388333266 0.18410816611486217 0.040175068761423051 0.1280836204297171 0.0099901067819895637 -0.0004505915264270773 0.0068005306018384254 0.293466307089775 0.019712947831976767 -0.02833457039609584 0.099622236414447063 0.35467287667000735
leaf_weight=23502.680115103722 5082.5297305304557 490.78165164869279 352.99073615856469 22.378155404701833 78.66069876588881 1.567506682127713 6409.4140486959368 1.8725033700466149 4.4545970484614363 12.343357548117636 77.782602528110147 2.1137244589626789 538.29409291036427 2057.6559000229463 2.6524018459022041 152.13464760407805 1.0306269712746141 0.56275190226733574 0.58422260731458664 1.0546655319631089 4.8621264919638625 1.6564072035253037 196.02330255135894 1669.4175251796842 76.967822780832648 0.86764230206608761 2.0758550036698571 2.033322099596262 1.6398798860609534 0.85969835706055153
leaf_count=460188 111567 10310 9058 419 1396 26 140580 31 60 164 936 23 17972 42985 55 2791 21 21 23 21 116 32 3905 32921 1901 21 47 40 34 21
internal_value=-9.27715e-06 0.000379024 -0.000565283 -0.00210132 0.0127149 -0.0178825 0.000123015 -0.00108346 0.0144723 0.0177471 0.0239389 0.0939598 0.00167371 0.00235744 0.00461366 0.0182435 0.123555 0.0035821 0.166432 0.000194805 0.00155169 0.0118984 0.0109796 0.000382519 0.015956 0.0785302 0.0116661 0.0683318 0.11129 0.187344
internal_weight=40749.9 23993.5 16756.5 5185.14 102.606 23.9457 11571.3 6507.98 98.5668 94.1122 81.7688 3.98623 5063.36 4525.07 2214.62 155.818 3.68303 2058.8 1.14697 2310.45 1957.46 198.734 197.68 1758.72 89.3063 5.72977 83.5766 6.60876 4.57543 2.49958
internal_count=837685 470498 367187 113408 1841 445 253779 141794 1214 1154 990 54 111985 94013 45896 2867 76 43029 44 48117 39059 3958 3937 35101 2180 137 2043 142 102 55
is_linear=0
shrinkage=0.05


Tree=135
num_leaves=31
num_cat=0
split_feature=25 6 2 18 8 19 22 19 22 19 7 7 19 18 10 9 24 8 18 20 8 22 21 10 22 18 11 9 0 20
split_gain=3.49488 4.76499 6.63703 8.78584 10.7887 11.1636 14.1976 11.2646 11.1351 8.21342 12.9771 10.6489 7.37949 7.4762 7.35694 9.78088 7.28889 8.53078 20.847 19.3388 6.83381 6.30056 9.58557 12.0594 6.74838 11.3841 11.9913 9.97283 9.23794 6.59724
threshold=786214.00000000012 2.5000000000000004 1.5000000000000002 0.060680315566277905 1.5495380903398701 0.059692327995293094 5.5000000000000009 0.034949766390814437 4.5000000000000009 0.044107670205124121 51512.500000000007 100112.00000000001 0.015444245676803818 0.030851093178839922 0.053579145573527602 0.055366492971767219 16.500000000000004 1.7798050806619701 0.057548750547119991 0.058155640018037753 1.4826309231156849 1.5000000000000002 0.051432940262870375 0.055777058832825736 4.5000000000000009 0.032380739700971953 0.051963024990569533 0.041612554112554122 1.5000000000000002 0.026019100231080304
decision_type=2 2 2 2 2 2 2 2 2 2 2 2 2 2 2 2 2 2 2 2 2 2 2 2 2 2 2 2 2 2
left_child=-1 -2 3 4 5 6 8 -8 9 12 -11 -12 13 -3 15 -7 21 -18 -19 -20 -9 22 23 -6 25 27 29 -23 -28 -27
right_child=1 2 -4 -5 16 14 7 20 -10 10 11 -13 -14 -15 -16 -17 17 18 19 -21 -22 24 -24 -25 -26 26 28 -29 -30 -31
leaf_value=-0.00047336983359232891 0.00094844767135456888 -0.023784997533205995 -0.0010881319333054893 -0.0117087067414436 -0.0156643755103959 0.17887032588637117 0.013389132093044945 0.1084020134340294 -0.053974285686732584 0.19475942546969932 -0.054092006184524657 0.085073924473758764 -0.053695209514439991 0.11945266231524901 -0.0091584141316507165 0.017612723125415699 0.0014564312410828115 0.019392313666485316 0.22882293915642343 0.036488758766555836 0.24447654855506792 0.01750551052788139 -0.028792388489625655 0.15576492305678971 -0.011327900871886131 0.11232024687634079 0.14924513909214449 0.19968414878895885 0.027814845848724925 -0.0068329066909386636
leaf_weight=20329.674575015903 14367.594272270799 1.6593349054455822 5773.0222025439143 52.102003674954176 2.6627846583724013 1.2906283847987676 1.4872969053685654 1.847044460475445 2.9034069776535025 2.0091865770518762 1.8068462274968622 5.7460664846003056 2.7257380001246929 2.0199032239615917 16.600631162524223 3.4644450694322586 39.101154044270515 30.389396112412214 2.4771039709448806 2.7666499651968479 1.8436620384454725 1.4288499876856797 32.554135840386152 1.6688124909996984 31.055189840495586 1.2122510895133043 2.4639723710715762 1.5839942023158071 4.2988802082836628 27.853731997311115
leaf_count=480613 250118 25 102273 795 49 21 23 27 44 29 26 83 43 31 228 48 655 592 39 42 28 32 574 25 578 26 40 32 72 474
internal_value=-9.29847e-06 0.000452728 -0.000724113 0.00680749 0.0110589 0.0328575 0.056221 0.129561 0.0360966 0.0524748 0.0818243 0.0517819 0.00865834 0.0548525 0.00654804 0.0613815 0.00560624 0.0175828 0.0352787 0.127346 0.176377 -0.00277584 -0.0194948 0.0503813 0.00604703 0.0199388 0.0120893 0.113285 0.0720567 -0.0018634
internal_weight=40749.3 20419.6 6052.05 279.023 226.921 45.4042 24.0485 5.178 18.8705 15.9671 9.5621 7.55291 6.40498 3.67924 21.3557 4.75507 181.517 74.7343 35.6332 5.24375 3.69071 106.783 36.8857 4.3316 69.8969 38.8417 35.8288 3.01284 6.76285 29.066
internal_count=837685 357072 106954 4681 3886 656 359 78 281 237 138 109 99 56 297 69 3230 1328 673 81 55 1902 648 74 1254 676 612 64 112 500
is_linear=0
shrinkage=0.05


Tree=136
num_leaves=31
num_cat=0
split_feature=8 18 18 10 0 5 10 24 8 18 18 6 8 19 22 18 19 19 4 6 7 18 24 18 0 11 5 12 0 19
split_gain=3.4861 7.841 11.6944 9.15258 7.67749 7.23985 7.07332 7.34715 15.7873 18.7003 9.81071 14.6448 20.0046 8.63055 6.9473 8.41564 17.3781 14.4056 17.2491 15.5513 13.8778 8.79233 10.771 13.0571 11.7155 14.4755 8.86374 7.16043 7.14639 15.9037
threshold=2.1966278771528782 0.078219126506024111 0.16843971631205676 0.049375097611238726 35.500000000000007 1.0000000180025095e-35 0.1526806526806527 5.5000000000000009 2.287850759000476 0.1112092658029054 0.090644049827723311 1.5000000000000002 2.2284418219736888 0.096571316614420075 4.5000000000000009 0.032739596469104675 0.044572384078275885 0.043618339636282512 2.5000000000000004 3.5000000000000004 33050.500000000007 0.044326578593819978 2.5000000000000004 0.051943555059898554 18.500000000000004 0.051963024990569533 1.0000000180025095e-35 1.5000000000000002 78.500000000000014 0.055689824171213147
decision_type=2 2 2 2 2 2 2 2 2 2 2 2 2 2 2 2 2 2 2 2 2 2 2 2 2 2 2 2 2 2
left_child=-1 3 5 14 -5 6 7 8 -3 -10 11 12 -9 -13 15 28 17 27 -19 20 -20 -18 23 -23 25 -25 -24 -17 -2 -30
right_child=1 2 -4 4 -6 -7 -8 10 9 -11 -12 13 -14 -15 -16 16 21 18 19 -21 -22 22 26 24 -26 -27 -28 -29 29 -31
leaf_value=5.6661468462912056e-05 -0.010436406866665648 0.020689430728593194 -0.037491235826432483 -0.0087233784730500561 -0.032623796385511071 0.12505501146167097 0.13321716774545692 0.28110395535095106 0.24820570342693588 -0.010060236708443361 -0.013061923948822836 -0.02430543467407089 0.027593321032749127 0.13037452438544325 -0.011608920096971211 0.015330096066210398 -0.027714336273406737 0.24039514774341353 0.18696948718436215 0.20286370602549605 -0.010546851142741771 -0.018919708966681551 -0.0097453323029465608 0.32690127126923618 0.011332473299023163 0.083986315912826931 0.13707536860590439 -0.036812090751925729 0.010807923407676813 0.20286581820084343
leaf_weight=39938.028479248285 148.48305665049702 12.754750894382594 9.4393821042031032 157.05921704880893 42.745512500405312 1.6800267472863186 1.3335685022175301 1.3402953837066873 1.8218238651752465 1.1391588039696214 24.711863050237298 5.2050466798245907 1.8554395996034143 1.0907845441251991 126.63689591363072 153.79144193604589 40.679073138162494 1.3663626890629519 1.0444930177181939 1.3713555075228212 5.9858948467299342 2.9601810183376065 39.753901107236743 1.0549868345260622 1.5598337743431328 1.4648195151239631 1.0552627854049195 6.8786507630720726 13.447155146859584 1.1718203965574492
leaf_count=817489 3977 233 174 3577 1013 30 20 22 32 19 468 103 36 22 3386 4012 1040 34 26 34 151 67 940 28 35 35 25 296 337 24
internal_value=-9.23577e-06 -0.00325484 0.0137777 -0.00467414 -0.0138365 0.0229204 0.0195725 0.0165365 0.044835 0.148845 0.00353401 0.0467425 0.133916 0.00249365 -0.00133776 0.00174399 0.00734712 0.0166819 0.0756361 0.0488416 0.0187978 -0.0106247 0.00390411 0.0610203 0.119025 0.185689 -0.00594877 0.0130978 -0.0071524 0.0262028
internal_weight=40748.9 810.882 62.3721 748.51 199.805 52.9328 51.2527 49.9192 15.7157 2.96098 34.2034 9.49157 3.19573 6.29583 548.705 422.068 258.966 170.438 9.76811 8.40174 7.03039 88.5281 47.849 7.03982 4.07964 2.51981 40.8092 160.67 163.102 14.619
internal_count=837685 20196 1159 19037 4590 985 955 935 284 51 651 183 58 125 14447 11061 6723 4553 245 211 177 2170 1130 165 98 63 965 4308 4338 361
is_linear=0
shrinkage=0.05


Tree=137
num_leaves=31
num_cat=0
split_feature=7 12 14 24 17 18 17 9 19 8 10 10 20 8 19 18 20 9 24 18 16 8 12 19 7 19 20 1 10 9
split_gain=3.45086 6.79869 10.7938 17.9686 7.99961 6.59653 9.45168 13.2929 7.18616 7.63823 7.22868 7.15554 8.65572 8.94424 7.51423 7.6849 7.64473 7.30735 7.67948 16.5054 6.93795 6.76272 12.4828 10.456 11.3925 10.724 10.5394 7.86385 9.0928 6.64513
threshold=246849.00000000003 2.5000000000000004 10.500000000000002 20.500000000000004 0.078461538461538485 0.029764022709751526 0.17797888386123684 0.044971910112359556 0.13383084577114432 1.8206904827239094 0.047875707731095014 0.051957054058002917 0.04995303512527751 1.901339876571617 0.11167800453514741 0.053957099832312651 0.063303458771355417 0.054341543101281732 19.500000000000004 0.14129530600118836 9.5000000000000018 1.8624998421515027 1.5000000000000002 0.062075685431226484 249715.50000000003 0.066281701391200168 0.062824529146289526 1.5000000000000002 0.060196030719067296 0.059902666576958453
decision_type=2 2 2 2 2 2 2 2 2 2 2 2 2 2 2 2 2 2 2 2 2 2 2 2 2 2 2 2 2 2
left_child=-1 2 5 4 -4 6 8 -8 10 -10 29 -7 17 21 15 16 -15 18 -13 -20 -19 -14 23 -23 -25 26 27 -26 -29 -2
right_child=1 -3 3 -5 -6 11 7 -9 9 -11 -12 12 13 14 -16 -17 -18 20 19 -21 -22 22 -24 24 25 -27 -28 28 -30 -31
leaf_value=6.8636365748420765e-05 0.016991774355777586 -0.035593856450549612 -0.0012827910734276825 0.31089336157982045 0.19935730406798785 -0.0085670823566922558 0.21919561634614629 0.0057570756780561793 0.010176357470439643 0.17309427128737417 -0.025453243084719079 -0.013075730762782144 -0.0039027802188603394 0.0056757629241068856 0.10190615580521066 -0.023774497094006378 0.14206371044563113 0.01672027620656464 0.011483168757800697 0.20657713526499644 -0.051840747614461717 0.00057373976770085176 0.18846064097261295 -0.053508764569859736 0.17229352100415682 -0.053343059383577619 0.22734194243771377 -0.015922323323884734 0.135099302488322 -0.029673702057785134
leaf_weight=39613.416640852578 63.943131525069475 15.519433433189986 2.9871508963406082 0.6890169009566306 0.59589328430593003 438.88978718407452 1.282201532274484 1.6922566816210745 1.5734022837132209 1.3255514074116943 16.265381094999611 60.222576649859548 222.99281341582537 5.1503749601542941 1.2854562979191531 85.783691743388772 1.2834554482251403 133.05186592042446 18.569268578663472 1.1513409242033947 3.7951658368110648 37.225338578224182 1.0350080914795388 1.8938670028001059 1.5425962377339582 1.2457800246775148 1.4248510915786026 2.666345888748765 1.5916537027806041 8.6621693857014161
leaf_count=813221 1496 552 116 23 16 10341 25 31 28 26 321 1256 4270 119 22 1802 30 2355 384 18 123 708 27 34 27 22 25 47 28 192
internal_value=-9.26012e-06 -0.00272717 -0.00227168 0.0770529 0.0320855 -0.00257546 0.0100451 0.0977642 0.00720193 0.0846708 0.0046749 -0.00374681 -0.000111266 -0.00481015 -0.0181481 -0.0198216 0.0328832 0.00780266 -0.00420773 0.0228733 0.0148189 -0.000218629 0.0166766 0.0129406 0.0573552 0.0821405 0.1055 0.0755709 0.04053 0.0114244
internal_weight=40748.8 1135.34 1119.82 4.27206 3.58304 1115.55 94.7441 2.97446 91.7696 2.89895 88.8707 1020.8 581.911 365.121 93.503 92.2175 6.43383 216.79 79.9432 19.7206 136.847 271.618 48.6254 47.5904 10.3651 8.47123 7.22545 5.8006 4.258 72.6053
internal_count=837685 24464 23912 155 132 23757 2119 56 2063 54 2009 21638 11297 7161 1973 1951 149 4136 1658 402 2478 5188 918 891 183 149 127 102 75 1688
is_linear=0
shrinkage=0.05


Tree=138
num_leaves=31
num_cat=0
split_feature=14 8 16 18 11 16 14 8 25 14 25 17 14 16 7 15 8 2 10 8 1 22 18 6 0 7 25 0 18 7
split_gain=3.43019 4.25538 3.59686 7.31638 3.31461 8.30451 9.88151 16.6614 7.19673 5.82592 21.9796 5.35292 9.0808 5.13547 6.8129 5.27026 7.3363 4.512 6.46062 5.44795 6.82525 7.41754 6.59301 6.69914 9.35223 8.43859 7.08954 5.8394 8.88387 5.08938
threshold=18.500000000000004 1.2206001792295977 53.500000000000007 0.056836592771463752 0.051963024990569533 38.500000000000007 13.500000000000002 1.9762463232116889 3062.5000000000005 16.500000000000004 14556.000000000002 0.03883861236802414 17.500000000000004 27.500000000000004 4002.5000000000005 0.10620300751879701 1.778487186341198 1.5000000000000002 0.17519181585677754 1.3279269674104242 1.5000000000000002 4.5000000000000009 0.046865782487780221 3.5000000000000004 41.500000000000007 22946.000000000004 937.50000000000011 5.5000000000000009 0.04417123236676259 47985.500000000007
decision_type=2 2 2 2 2 2 2 2 2 2 2 2 2 2 2 2 2 2 2 2 2 2 2 2 2 2 2 2 2 2
left_child=4 -2 -3 -4 17 9 7 8 -7 13 11 -11 -13 -6 -15 -16 -17 18 -1 20 -19 29 23 24 27 -25 -27 -23 -29 -22
right_child=1 2 3 -5 5 6 -8 -9 -10 10 -12 12 -14 14 15 16 -18 19 -20 -21 21 22 -24 25 -26 26 -28 28 -30 -31
leaf_value=0.0014062712626940273 0.074815467040945771 -0.030250504346480578 -0.027654803135444495 0.13184307647884994 0.00055748794570969953 -0.051847196801095986 -0.012372319530683963 0.28872151538606361 0.13358648725378283 -0.032391322520246166 0.32089569561005871 0.16860789801455134 -0.052299677652972845 0.11057449021518878 -0.038321673864322454 -0.052414481210179109 0.10809068859020401 -0.0021095760497821989 -0.039112177854922089 -0.0008462007216539088 -2.6855373656079778e-05 0.010068287622389944 -0.0084871682335722134 0.16241587733270788 0.10226872476058749 0.13836562577372366 0.013067113762066603 -0.04884730319038446 0.082646941416977981 0.010425007509827972
leaf_weight=3522.4950768016279 1.1703518480062509 21.192165014334027 2.1139445155858989 1.0895876139402387 15996.473391886801 1.0464117722585795 2.5066179968416691 1.0030686873942611 1.0465334542095659 2.6263671703636637 0.66928202286362637 1.1274740118533371 0.79197963699698437 0.91360799036920326 19.001408156007532 1.316169306635856 1.5507571361958978 510.43524035997689 9.8655862994492036 19816.686247613281 153.861098209396 26.560843164101243 148.84007987938821 1.384356815367936 2.2377713508903971 1.3089138437062491 8.2099088355898839 10.227026039734481 1.468983957543968 479.28101561032236
leaf_count=69605 22 858 89 38 319031 35 79 18 23 107 15 28 22 23 725 35 33 8176 162 425495 2456 417 2227 20 35 30 125 169 26 7561
internal_value=-9.17689e-06 -0.018318 -0.022786 0.0265937 2.31749e-06 0.000562184 0.0614254 0.121174 0.040875 0.000540905 0.0533794 0.0139929 0.0774599 0.000523703 -0.0231985 -0.0287873 0.0344048 -0.000361136 0.00129311 -0.000637282 0.00244356 0.0052323 -0.00315565 0.0122836 0.00291695 0.0470716 0.0302967 -0.00289447 -0.032332 0.00788508
internal_weight=40748.5 25.566 24.3957 3.20353 40722.9 16030.1 5.60263 3.09601 2.09295 16024.5 5.2151 4.54582 1.91945 16019.3 22.7819 21.8683 2.86693 24692.9 3532.36 21160.5 1343.82 833.38 200.238 51.3978 40.4946 10.9032 9.51882 38.2569 11.696 633.142
internal_count=837685 1007 985 127 836678 320174 155 76 58 320019 172 157 50 319847 816 793 68 516504 69767 446737 21242 13066 3049 822 647 175 155 612 195 10017
is_linear=0
shrinkage=0.05


Tree=139
num_leaves=31
num_cat=0
split_feature=2 18 8 24 7 9 20 15 19 19 18 6 25 20 10 24 7 10 10 19 7 10 0 20 17 19 8 19 22 24
split_gain=3.415 6.01204 7.08644 13.3512 14.3006 23.0819 20.8433 7.54285 11.8878 9.45916 16.5773 19.2724 7.43685 8.38811 6.57448 7.26771 6.80057 7.48394 5.8266 5.74318 6.16478 9.14493 11.3925 10.0089 18.3968 9.95758 12.0417 10.8561 9.25572 14.3981
threshold=4.5000000000000009 0.06106329172675326 1.125557420482757 21.500000000000004 100112.00000000001 0.051498711172493106 0.0499194627147923 0.15587044534412958 0.11167800453514741 0.12599206349206352 0.14129530600118836 2.5000000000000004 227548.00000000003 0.059973309230867196 0.083472686733556303 16.500000000000004 42116.500000000007 0.11155555555555556 0.085592185592185607 0.036737953967529512 246849.00000000003 0.051957054058002917 31.500000000000004 0.039727362752986328 0.098387096774193564 0.13383084577114432 1.901339876571617 0.25543478260869573 1.5000000000000002 17.500000000000004
decision_type=2 2 2 2 2 2 2 2 2 2 2 2 2 2 2 2 2 2 2 2 2 2 2 2 2 2 2 2 2 2
left_child=19 14 3 7 5 -5 -7 9 -9 10 12 -12 -3 -14 -2 18 17 -17 -16 -1 -21 22 -22 24 28 26 -25 -27 29 -23
right_child=1 2 -4 4 -6 6 -8 8 -10 -11 11 -13 13 -15 15 16 -18 -19 -20 20 21 23 -24 25 -26 27 -28 -29 -30 -31
leaf_value=-0.0017281297197903032 0.0013115869894327458 -0.020852167978107506 -0.004052894293887198 -0.054396013585015314 0.012280277889071975 0.054764351762975561 0.28239372359388193 0.0018247474182429666 0.20842839402637919 -0.032109868393137057 0.015828503416991595 0.18685247543309463 0.0095429667498705632 0.1242306977977617 0.12515577882099052 0.12596623309278149 -0.015455068411342719 -0.021458701843718869 0.029358118543506291 0.00018325929050648423 -0.015623746815263096 0.031987622264727456 0.01276402260829137 0.0014739713708141443 0.21738950293613113 0.066373549125097506 -0.019023368492072701 -0.029891064907889245 -0.0013471731134521005 0.22585290007625072
leaf_weight=5380.1342547535896 6888.9385619089007 24.494496203958988 917.03414172492921 1.426898380741475 7.4731817059218884 1.8368289470672605 2.222428485751152 1.8002801407128566 1.1353385373950002 17.883361926302314 4.2607717402279368 2.685499295592308 34.157675478607416 1.6723566204309452 1.6778389215469385 1.9458708576858073 18.189690139144659 1.543851116672158 29.398418262600899 26671.459655896761 242.57682756893337 4.1137592047452989 41.369977934285998 327.22200015559793 1.2933171018958081 10.37352600134909 91.74178247153759 4.0809044241905204 12.561727724969385 1.2483654581010339
leaf_count=129545 140359 439 17192 21 104 28 29 31 16 251 60 35 429 20 28 31 294 26 478 532564 5770 84 986 6310 24 164 2026 64 254 23
internal_value=-9.01473e-06 0.000919996 -0.00266816 0.00989847 0.0572828 0.118585 0.179391 0.00292751 0.0817279 0.000210931 0.00880314 0.0819481 0.000380612 0.014896 0.00144624 0.0190299 -0.00318911 0.0607455 0.0345303 -0.000234545 5.86423e-05 -0.00445371 -0.0114878 -4.1114e-05 0.0352688 -0.00160671 -0.00301439 0.0391953 0.0221277 0.0771217
internal_weight=40748 7959.78 1018.08 101.049 12.9593 5.48616 4.05926 88.0898 2.93562 85.1542 67.2708 6.94627 60.3245 35.83 6941.69 52.7557 21.6794 3.48972 31.0763 32788.2 27408 736.582 283.947 452.635 19.2172 433.418 418.964 14.4544 17.9239 5.36212
internal_count=837685 159871 18655 1463 182 78 57 1281 47 1234 983 95 888 449 141216 857 351 57 506 677814 548269 15705 6756 8949 385 8564 8336 228 361 107
is_linear=0
shrinkage=0.05


Tree=140
num_leaves=31
num_cat=0
split_feature=10 18 2 9 20 21 20 19 9 7 16 10 7 19 24 18 19 16 0 8 7 8 8 24 8 8 22 9 18 8
split_gain=3.28593 7.36461 13.6483 10.0978 9.10982 8.81391 9.17866 12.4426 8.39054 8.53002 9.12062 10.8944 8.88766 8.32867 9.53405 10.7158 9.45433 8.77523 8.40614 11.553 18.2194 10.1811 21.3191 8.39146 7.66887 9.84365 11.295 9.32669 15.1049 7.61564
threshold=0.060006858710562418 0.05771593271593272 1.5000000000000002 0.023310149967398396 0.085166827852998075 0.46428571428571436 0.07933011677505071 0.077108881456707565 0.030747743876235498 137670.00000000003 41.500000000000007 0.04627348680327991 252965.00000000003 1.0000000180025095e-35 18.500000000000004 1.0000000180025095e-35 0.034524728872175413 3.5000000000000004 60.500000000000007 1.3954701144813642 70780.000000000015 1.9301089574952364 1.9548162245189691 4.5000000000000009 1.7358935567162828 1.5503683849619125 2.5000000000000004 0.051498711172493106 0.061287867398331211 1.5387593379103157
decision_type=2 2 2 2 2 2 2 2 2 2 2 2 2 2 2 2 2 2 2 2 2 2 2 2 2 2 2 2 2 2
left_child=1 8 5 -4 -5 6 29 24 9 13 12 -12 -11 14 15 18 17 -15 -1 20 23 -21 -23 -20 25 -8 -27 28 -26 -3
right_child=-2 2 3 4 -6 -7 7 -9 -10 10 11 -13 -14 16 -16 -17 -18 -19 19 21 -22 22 -24 -25 27 26 -28 -29 -30 -31
leaf_value=-0.012784134239843804 0.00079840330653043487 0.012534239182128402 0.002225639485174439 -0.0047407215200520698 -0.027906423904292894 0.029212668564188689 0.038475164697348907 -0.04032304931484236 0.00053957527831589825 0.00097307584459282244 0.2387959418231739 -0.0513549030459345 -0.022620118100242281 -0.0070608696957914305 0.012990765641680033 0.0084112409307933629 -0.0026087286638899047 -0.024291089897087371 0.2763533152536205 -0.021268200216840737 -0.0290235680067647 0.31538724491368186 0.022850384711097602 0.10154659772344694 -0.014852495550343512 0.061818020882123736 0.26041442589448055 -0.017829622838173541 0.22777009944758686 -0.00046732273362375408
leaf_weight=184.79281934723258 9624.9716398920864 132.84074945189059 569.74294479377568 2545.4657912906259 43.157933633774519 31.261316608637571 2.7046840228140372 3.7404926996678105 20460.648397453129 2609.4908715570346 0.85748553834855445 0.51952643133699894 40.536727571859956 572.83018434140831 161.01134728267789 155.24128138180822 2743.6160146258771 84.839679693803191 1.0622954126447468 16.110526744276289 2.0843751952052116 0.68060841411351969 7.332460779696703 1.9408529680222271 1.319825738668442 1.3004240207374098 1.5929479524493215 4.2104470413178205 1.2481654807925222 740.3044245261699
leaf_count=4327 174472 2248 12704 48900 791 339 42 64 419729 64326 22 21 1084 15074 3809 3742 67284 3399 20 402 41 20 192 38 28 23 29 76 28 14411
internal_value=-8.99168e-06 -0.000258687 -0.00223916 -0.0038006 -0.00512694 0.00311822 0.00220089 0.0395901 4.00203e-05 -0.00151266 0.000679025 0.129326 0.000612177 -0.00299072 0.00283776 -0.00158952 -0.00389937 -0.00928358 -0.0088442 0.0160803 0.0845519 0.00164001 0.0476977 0.16338 0.0637419 0.107051 0.171155 0.0279742 0.103074 0.00151074
internal_weight=40747.5 31122.5 4078.89 3158.37 2588.62 920.523 889.262 16.117 27043.6 6582.95 2651.4 1.37701 2650.03 3931.54 530.257 369.245 3401.29 657.67 214.004 29.2111 5.08752 24.1236 8.01307 3.00315 12.3765 5.59806 2.89337 6.77844 2.56799 873.145
internal_count=837685 663213 79683 62395 49691 17288 16949 290 583530 163801 65453 43 65410 98348 12591 8782 85757 18473 5040 713 99 614 212 58 226 94 52 132 56 16659
is_linear=0
shrinkage=0.05


Tree=141
num_leaves=31
num_cat=0
split_feature=20 24 20 8 19 20 11 19 7 19 8 19 18 25 7 25 9 7 18 10 18 12 25 25 19 8 9 2 18 9
split_gain=3.19292 5.01031 7.39758 7.58195 9.99776 16.1351 9.29872 9.13168 7.18443 8.44985 7.11894 7.17183 8.91376 8.05746 8.51368 13.8174 9.82641 9.74262 11.6384 7.66442 7.03916 6.46801 7.20835 11.1338 7.73931 9.33487 11.9979 14.4293 6.38182 7.83308
threshold=0.03132570101211217 10.500000000000002 0.029218423186921076 2.2462391387218887 0.038721035892776014 0.025339387268391123 0.053601648584168347 0.044107670205124121 13121.000000000002 0.037315450868965074 1.7219218375107521 0.02937939665961763 0.02855512067840835 128.50000000000003 6836.5000000000009 84410.500000000015 0.056025176400516845 4002.5000000000005 0.032739596469104675 0.03375006511434079 0.070916941833883682 2.5000000000000004 1344.5000000000002 1905.5000000000002 0.041203646540725197 1.7048043448004966 0.055476286559821675 3.5000000000000004 0.057874628518303807 0.070984916173976245
decision_type=2 2 2 2 2 2 2 2 2 2 2 2 2 2 2 2 2 2 2 2 2 2 2 2 2 2 2 2 2 2
left_child=1 8 3 -3 -5 6 7 -6 9 10 -1 12 -12 -13 16 19 17 18 -15 -16 -11 -10 24 -24 -23 -26 -27 -28 29 -4
right_child=-2 2 28 4 5 -7 -8 -9 21 20 11 13 -14 14 15 -17 -18 -19 -20 -21 -22 22 23 -25 25 26 27 -29 -30 -31
leaf_value=-0.027202199531739798 8.6618406817576875e-05 0.0024733493023940674 -0.0097749145861540914 -0.00014155340056392498 0.21777537788274115 0.30079752929826714 -0.052520488007592285 0.0034370699445841896 -0.0064293374716883796 -0.0065334166934773652 0.13352200352904078 -0.028087831364479718 -0.024412952778521693 0.2154477365661206 0.052318072741563186 -0.024075427033510729 -0.012093528503671451 0.22971207333607746 0.02997303177645207 0.26287299212905291 0.12015302169536946 -0.033350103006528957 0.22300167923521996 -0.0048478391327853483 -0.033558698664201331 0.020273124342173723 0.26619996082075387 0.0064751941915967212 -0.047916510630031169 0.020469258161233222
leaf_weight=3.921634670346978 38930.938654044643 681.69546767603606 165.51404395326972 4.7710005994886142 1.1113734133541591 0.84646159596741188 1.2318450212478635 0.8988053798675536 846.00796854030341 37.929241007193923 1.0744418203830743 1.9632025565952052 5.302028726786375 1.3044059164822086 0.95074412226676919 3.5227667763829231 1.2197311371564863 2.1119126677513123 2.4056476019322872 0.79244526848196983 1.1291209831833828 5.5721674934029606 1.0891054421663278 1.0560086583718655 2.7350596338510496 3.4795942846685648 1.4137739278376105 0.86008364148437966 9.4709482528269273 24.589177111163735
leaf_count=93 792396 16878 4196 123 30 16 31 25 21204 857 27 58 123 28 24 83 24 38 51 20 11 259 27 38 86 134 38 32 188 547
internal_value=-8.97408e-06 -0.00205829 0.000620194 0.00307062 0.0490277 0.106405 0.055651 0.121939 -0.00463347 0.0115803 0.0345543 0.0462839 0.00219925 0.0659818 0.0809869 0.0328984 0.116949 0.143984 0.0951835 0.148035 -0.00287109 -0.00582997 0.0254596 0.110835 0.0124347 0.0424895 0.0786411 0.167959 -0.00785862 -0.00586294
internal_weight=40746.9 1815.97 890.129 690.555 8.85949 4.08849 3.24202 2.01018 925.841 63.6273 24.569 20.6473 6.37647 14.2709 12.3077 5.26596 7.0417 5.82197 3.71005 1.74319 39.0584 862.214 16.2058 2.14511 14.0607 8.48851 5.75345 2.27386 199.574 190.103
internal_count=837685 45289 22034 17103 225 102 86 55 23255 1437 569 476 150 326 268 127 141 117 79 44 868 21818 614 65 549 290 204 70 4931 4743
is_linear=0
shrinkage=0.05


Tree=142
num_leaves=31
num_cat=0
split_feature=2 9 9 18 20 8 11 19 22 8 7 19 10 8 6 20 19 8 18 24 19 7 7 25 9 20 7 24 0 19
split_gain=3.19338 7.9055 10.3453 8.52209 8.01225 9.55077 9.6931 7.61885 10.602 12.2342 11.1359 7.63012 8.37887 6.78088 10.3067 7.55698 12.7556 11.4179 9.18841 7.35927 7.6762 10.3197 15.8709 11.9811 11.7867 6.38772 5.6506 7.79256 5.22791 8.93408
threshold=5.5000000000000009 0.073554003541215843 0.068972198651691422 0.033364254792826224 0.056105978653656387 1.8672016205362001 0.050303548014050625 0.34848484848484856 3.5000000000000004 1.5830836309708902 132727.00000000003 0.18898809523809526 0.031381341774377923 2.1328256086649078 2.5000000000000004 0.049907189624989308 0.075720977894890948 2.2183798271810837 0.061833846905907111 22.500000000000004 0.081165540540540551 47387.500000000007 170563.50000000003 178896.50000000003 0.023753103136989393 0.045639037080945799 239795.50000000003 15.500000000000002 91.500000000000014 0.083538587848932686
decision_type=2 2 2 2 2 2 2 2 2 2 2 2 2 2 2 2 2 2 2 2 2 2 2 2 2 2 2 2 2 2
left_child=28 2 7 -4 -5 6 -6 11 9 -9 -11 13 -13 -2 15 16 25 19 -19 20 21 -17 23 -23 -25 -15 -3 -28 -1 -30
right_child=1 26 3 4 5 -7 -8 8 -10 10 -12 12 -14 14 -16 17 -18 18 -20 -21 -22 22 -24 24 -26 -27 27 -29 29 -31
leaf_value=-1.5894369611778437e-05 0.0032314787151765476 -0.012110682951505787 0.16236802629269487 0.0058128486198882169 0.028894302589115774 -0.023307049667985025 0.18061837185905019 0.00067684236087319557 -0.019503731242289789 0.25339419231870347 0.043461997137843988 0.074323900959269371 -0.048870534877115339 -0.023267858507952561 -0.029390916786042977 -0.02989967273830545 0.23648162112825122 -0.045017079526273776 0.10123695436673885 0.18541512721433862 -0.052928595484182467 0.26989840455653419 -0.025744673380024105 -0.01642856499256741 0.18079757411401681 0.098289319341504394 0.11600270491194156 -0.026031707100013613 -0.0036853734020482255 -0.031921250799045203
leaf_weight=39679.282693951391 559.64206395857036 96.777747655287385 1.3839215002954031 10.070241127163174 1.7962396964430798 1.6567706316709516 2.5429539680480957 1.7313435971736897 2.8710778057575226 1.6195689029991629 1.0356237255036829 1.5681254602968682 11.517218889668582 1.7013356555253327 6.3874843139201394 2.140762170776723 1.2042202483862636 6.3954986184835425 1.2906158603727815 1.0398275889456279 1.649950738996268 1.3923511933535335 1.8557552043348549 1.3647757731378081 1.7025819085538385 2.9628630112856627 2.060664931312203 1.8173232171684501 307.38342022430152 30.824080465361476
leaf_count=816317 10881 1753 20 170 26 30 34 20 47 24 20 32 224 39 142 40 19 136 23 16 34 32 41 26 26 55 34 33 6764 627
internal_value=-8.90557e-06 0.00327021 0.00535363 0.0433139 0.0330587 0.0788182 0.117811 0.00426962 0.0551937 0.104085 0.171513 0.00365753 -0.0341071 0.00449406 0.0272229 0.041863 0.0914058 0.0264247 -0.0204588 0.0587548 0.0457227 0.0649712 0.0971297 0.14826 0.0930447 0.0539495 -0.00973924 0.0494418 -6.86561e-05 -0.00625878
internal_weight=40746.7 729.179 628.523 17.4501 16.0662 5.99596 4.33919 611.073 7.25761 4.38654 2.65519 603.815 13.0853 590.73 31.088 24.7005 5.86842 18.8321 7.68611 11.146 10.1062 8.45623 6.31546 4.45971 3.06736 4.6642 100.656 3.87799 40017.5 338.208
internal_count=837685 13977 12157 280 260 90 60 11877 111 64 44 11766 256 11510 629 487 113 374 159 215 199 165 125 84 52 94 1820 67 823708 7391
is_linear=0
shrinkage=0.05


Tree=143
num_leaves=31
num_cat=0
split_feature=8 11 11 19 9 24 18 7 9 7 22 25 0 7 10 24 8 9 8 8 10 10 2 19 22 19 10 7 7 8
split_gain=3.20431 5.26891 7.0007 7.68662 6.72846 11.5819 10.073 11.5799 14.8145 11.835 8.25991 7.48005 8.4253 7.39332 6.56828 6.42002 6.13105 6.04568 7.52156 7.00755 9.46718 8.84859 8.24595 7.31497 10.9531 6.88406 14.6001 16.0758 7.92116 7.89497
threshold=2.1604813465608923 0.053601648584168347 0.053860729432609229 0.017595459236326112 0.047206952904471855 15.500000000000002 0.016597796143250691 43282.500000000007 0.056641967764112754 139674.50000000003 5.5000000000000009 162860.50000000003 7.5000000000000009 52599.500000000007 1.0000000180025095e-35 13.500000000000002 2.1887928556073262 0.036862623127049611 2.1818936996017242 2.3224458556717349 0.042029424382365572 0.073205084163517703 3.5000000000000004 0.038403728506518582 3.5000000000000004 0.037064512583800426 0.038955157161678904 87597.000000000015 156648.50000000003 2.176661246656598
decision_type=2 2 2 2 2 2 2 2 2 2 2 2 2 2 2 2 2 2 2 2 2 2 2 2 2 2 2 2 2 2
left_child=-1 -2 3 4 -3 6 13 -8 9 -9 11 -10 -13 -6 15 -5 -7 18 25 -19 22 -22 23 -21 -25 26 28 -28 -16 -27
right_child=1 2 -4 14 5 16 7 8 10 -11 -12 12 -14 -15 17 -17 -18 19 -20 20 21 -23 -24 24 -26 29 27 -29 -30 -31
leaf_value=6.5538355652084289e-05 -0.0054744219092403429 0.0074531485430388428 -0.0094252501635072559 -0.0023364253947835097 0.14721293590666734 0.065354716377209146 -0.024350766140062347 0.2705094401947597 -0.010305300495061835 0.073727444601028438 -0.053137795314201236 0.19281337348461536 0.028963478082624807 -0.025108341509270667 -0.052148690149217795 0.1724680995976402 -0.024963814788474217 -0.010906015985764926 0.0032192820446308675 0.18077005035911708 -0.035069265844570645 0.10849242153319626 0.012670720476587098 0.12417157552439628 -0.05284347316549768 -0.0063073941057576535 0.34673236471572233 0.078281169615725538 0.11105113573853065 0.065613659268846006
leaf_weight=39631.599944990128 665.98068628180772 36.813227672129869 109.9959650253877 0.9998719803988928 0.75115710496902721 2.5406597275286895 1.7290257345885027 2.151934755966066 1.1894174944609401 1.1847439929842947 1.1274112612009046 2.2294666469097142 1.2105926461517809 3.6325978543609381 1.8902659453451662 1.1065563745796678 7.2146565616130829 121.84346551913768 108.87153823487461 1.7089055329561249 8.5312197804450971 1.2278148047626007 6.8718311991542578 2.2559386733919387 1.4264705143868921 10.788761246949436 0.87656661309301886 1.5329278111457822 1.2255827002227304 5.9037615004926911
leaf_count=810420 16761 919 2597 25 18 55 34 33 31 26 21 35 20 83 50 19 163 2684 2758 33 193 18 154 44 29 243 22 41 33 123
internal_value=-8.82735e-06 -0.00265253 0.00153462 0.00509251 0.0210412 0.0410807 0.0683599 0.0942595 0.116812 0.200639 0.0682258 0.0977814 0.135153 0.00441894 0.00153651 0.0894925 -0.00144139 0.000862685 0.00862974 -0.0062146 0.0197419 -0.0170073 0.0489869 0.095276 0.0556005 0.035142 0.0835171 0.175943 0.0120441 0.0191294
internal_weight=40746.4 1114.81 448.832 338.836 61.7749 24.9617 15.2063 10.8226 9.09357 3.33668 5.75689 4.62948 3.44006 4.38375 277.061 2.10643 9.75532 274.955 131.089 143.866 22.0222 9.75903 12.2631 5.39131 3.68241 22.2179 5.52534 2.40949 3.11585 16.6925
internal_count=837685 27265 10504 7907 1438 519 301 200 166 59 107 86 55 101 6469 44 218 6425 3270 3155 471 211 260 106 73 512 146 63 83 366
is_linear=0
shrinkage=0.05


Tree=144
num_leaves=31
num_cat=0
split_feature=14 21 20 10 8 19 18 18 17 2 18 7 7 19 22 19 0 4 25 25 9 9 24 10 24 19 2 7 19 18
split_gain=3.19176 10.1129 7.85573 9.0308 7.80305 7.6964 8.75249 8.69062 7.9322 14.2816 9.45972 7.60296 11.9545 8.33725 15.0014 21.067 16.0453 8.70328 7.95161 9.17949 9.98358 19.0463 8.47268 13.1169 8.48631 7.22553 16.0302 8.5743 11.1399 17.8341
threshold=4.5000000000000009 0.41428571428571431 0.050168023074089317 0.13994288045695638 1.4805463759804518 0.096571316614420075 0.05564342113798413 0.053957099832312651 0.10912698412698414 2.5000000000000004 0.04752980383964199 19606.500000000004 17197.500000000004 0.055237672454707627 5.5000000000000009 0.060568720860705236 65.500000000000014 1.5000000000000002 18514.500000000004 37566.500000000007 0.075095706492858641 0.083582834331337327 4.5000000000000009 0.065223399908669225 20.500000000000004 0.062093834251553168 1.5000000000000002 13668.500000000002 0.054083304083304092 0.056591778718708401
decision_type=2 2 2 2 2 2 2 2 2 2 2 2 2 2 2 2 2 2 2 2 2 2 2 2 2 2 2 2 2 2
left_child=-1 11 3 -3 -4 6 7 8 9 -6 -11 12 18 17 16 -16 -15 -14 -2 22 -21 -22 -20 24 25 26 -24 28 -28 -30
right_child=1 2 4 -5 5 -7 -8 -9 -10 10 -12 -13 13 14 15 -17 -18 -19 19 20 21 -23 23 -25 -26 -27 27 -29 29 -31
leaf_value=8.9664065709137961e-05 -0.0028205015009632739 -0.0091210356111214343 -0.054221608332911099 0.1081900503753162 -0.0092308355571244019 0.13209509026816388 0.0084261662829869591 0.12491156398281483 0.00040127286557372 0.26087262568992453 0.076438990661326714 -0.0039744153457763913 0.14707514999169419 0.028238656442462609 0.39441879324502699 0.048105898902814907 0.26156775851108754 -0.0071681583008450988 -0.0069381135557997943 -0.014520595980225651 0.27065386429374744 -0.018174169130031174 0.28213793500639495 0.25531424544259945 -0.032877012394405866 -0.025917944065783606 0.031423537133190092 -0.0059797404068071295 0.28678530623263754 0.072226105152975062
leaf_weight=38825.964676978067 187.01181675959378 27.61426975205541 2.425777915865182 1.7441651634871949 2.2464265301823598 2.0671970508992663 17.418062716722488 3.8818186298012725 6.2261390388011932 1.270372359082103 1.5356954596936701 1595.3072698572651 1.0054708588868368 10.595936847850675 0.78409902006387777 0.99819209799170494 0.79186493530869562 10.114567116834225 6.6724260114133385 20.061302730813626 0.92902518622577135 1.480222715064883 0.89664004929364338 0.81263668276369472 2.63244305551052 1.9125631935894478 4.202645303681491 3.2701986692845812 1.4752548951655624 2.8194337002933025
leaf_count=773123 6247 463 37 14 40 19 272 55 91 22 27 55097 32 323 23 28 20 350 199 600 24 43 24 21 80 54 133 100 40 84
internal_value=-8.74939e-06 -0.00199864 0.0171696 -0.00215166 0.0324709 0.0385408 0.0326045 0.0603833 0.0381743 0.0847217 0.159936 -0.00268553 0.0052697 0.0386577 0.0655746 0.200462 0.0444635 0.00677848 0.00180651 0.0201529 -0.00297098 0.0932002 0.0411946 0.0590153 0.0497458 0.0646669 0.0783471 0.062819 0.0892963 0.145929
internal_weight=40746.2 1920.2 66.4299 29.3584 37.0715 34.6457 32.5785 15.1605 11.2786 5.05249 2.80607 1853.77 258.467 24.2901 13.1701 1.78229 11.3878 11.12 234.177 47.1648 22.4706 2.40925 24.6942 18.0218 17.2092 14.5767 12.6642 11.7675 8.49733 4.29469
internal_count=837685 64562 1040 477 563 526 507 235 180 89 49 63522 8425 776 394 51 343 382 7649 1402 667 67 735 536 515 435 381 357 257 124
is_linear=0
shrinkage=0.05


Tree=145
num_leaves=31
num_cat=0
split_feature=17 18 18 8 7 24 19 25 18 20 22 0 9 20 3 20 24 19 20 19 7 20 18 22 8 10 19 11 9 19
split_gain=3.13757 5.76614 11.0236 9.05778 9.80046 7.92585 7.46016 6.7505 8.6797 6.88671 9.09643 8.01192 6.41342 6.06696 9.86989 9.62313 5.99596 11.1659 11.4056 10.238 7.61995 7.39606 7.32748 8.35353 6.93034 6.46305 12.2379 11.0965 7.46713 6.00393
threshold=0.61250000000000016 0.051613510865976188 0.050714431516636058 1.8398049952482287 100904.50000000001 5.5000000000000009 0.055810247383740706 178896.50000000003 0.057552469143572947 0.061010600287113206 2.5000000000000004 6.5000000000000009 0.05573882498440013 0.087129054520358878 1.5000000000000002 0.096579867858530913 6.5000000000000009 0.056792465357652068 0.056775159878081169 0.057355455025710482 33936.500000000007 0.061565989972729461 0.058333868413167254 1.0000000180025095e-35 2.1293907659134983 0.060196030719067296 0.063127152374976667 0.051963024990569533 0.056025176400516845 0.061872460458712523
decision_type=2 2 2 2 2 2 2 2 2 2 2 2 2 2 2 2 2 2 2 2 2 2 2 2 2 2 2 2 2 2
left_child=-1 2 -2 5 -5 -4 12 13 -9 -10 -11 -12 -7 16 15 -15 17 24 -19 21 -18 -20 29 -24 -3 -25 27 -27 -29 -21
right_child=1 7 3 4 -6 6 -8 8 9 10 11 -13 -14 14 -16 -17 20 18 19 22 -22 -23 23 25 -26 26 -28 28 -30 -31
leaf_value=-6.173426495379129e-05 0.0073851297140186626 -0.017432966330178254 -0.037302462351378345 0.21154427089512945 0.03865152435426264 0.038555044246971655 -0.025053321967188177 -0.0059697676555871982 0.020341166369657257 0.016722174610567159 0.068215116627167394 0.20988083239264821 0.16189048767661168 0.16918458920165927 -0.054652456647454155 0.0058871579369035145 0.0087699089078901154 5.1282138953063609e-05 0.18833560496806609 0.11129958834522985 -0.014763184630212013 0.048258569255196448 -0.044071220271807883 -0.012064837357028768 0.09965820242725093 -0.031835817363025307 0.15332611423059822 0.028803804817241499 0.15743705240879341 0.016620594040237194
leaf_weight=40160.513494672254 201.65543745458126 46.132364138960838 2.9173732250928861 1.6847990304231637 1.5962261594831941 2.1494880691170692 1.6992254741489885 22.725842773914337 19.933104462921623 3.4765037745237342 2.4240943789482117 1.6965250745415685 2.0682093314826488 2.00625067949295 1.5564594864845274 1.6394187845289705 44.946877401322126 44.228411383926868 1.8365802690386765 4.1962924823164967 146.56498950719833 1.9353548996150491 4.7388890758156803 5.8138748072087791 1.2992984950542439 4.3208854235708696 2.3894687145948401 2.8954570144414902 1.8484390527009962 2.7862092480063438
leaf_count=829178 3318 667 42 21 21 30 24 320 261 43 28 20 26 25 21 21 604 570 19 51 2025 24 64 73 20 56 28 32 18 35
internal_value=-8.77226e-06 0.00362608 0.0101682 0.056491 0.127432 0.0301439 0.0633988 -0.000139502 0.0169006 0.0357798 0.0762871 0.126541 0.0990344 -0.00280619 0.0507511 0.0957515 -0.00368806 0.00485772 0.0166144 0.0389749 -0.00924009 0.116463 0.0288927 0.014733 -0.0142255 0.0308707 0.0526636 0.026129 0.0789252 0.0735201
internal_weight=40745.7 585.162 213.771 12.1153 3.28103 8.8343 5.91692 371.392 50.2561 27.5302 7.59712 4.12062 4.2177 321.136 5.20213 3.64567 315.933 124.422 76.9899 32.7615 191.512 3.77194 28.9895 22.007 47.4317 17.2681 11.4543 9.06478 4.7439 6.9825
internal_count=837685 8507 3482 164 42 122 80 5025 672 352 91 48 56 4353 67 46 4286 1657 970 400 2629 43 357 271 687 207 134 106 50 86
is_linear=0
shrinkage=0.05


Tree=146
num_leaves=31
num_cat=0
split_feature=25 22 11 18 7 19 8 24 7 6 7 0 20 21 20 20 25 25 8 10 7 0 18 7 16 17 16 10 12 10
split_gain=3.16178 4.63704 9.49162 9.67378 11.2256 11.3601 10.5459 11.9723 10.2606 12.9771 11.0076 9.44309 9.49532 9.02784 11.2074 9.81586 19.2297 11.5412 15.8562 9.46539 8.35442 8.86809 11.9161 11.2657 8.60336 17.6212 24.9201 9.46463 8.61289 8.00339
threshold=786214.00000000012 3.5000000000000004 0.053601648584168347 0.013072453861927548 115450.50000000001 0.048456309643418391 2.2533306213783546 3.5000000000000004 146683.00000000003 3.5000000000000004 159217.00000000003 88.500000000000014 0.065998224187901036 0.38750000000000007 0.063737745098039228 0.058946879847565074 135.50000000000003 65.500000000000014 1.9442422488021405 0.062778926218581568 73203.500000000015 82.500000000000014 0.060324313109187268 55387.000000000007 18.500000000000004 0.052177858439201454 19.500000000000004 0.060196030719067296 4.5000000000000009 0.060342395212138626
decision_type=2 2 2 2 2 2 2 2 2 2 2 2 2 2 2 2 2 2 2 2 2 2 2 2 2 2 2 2 2 2
left_child=1 -1 11 -4 -5 6 -6 -8 -9 10 -10 12 13 14 20 -15 17 18 -17 -16 21 24 23 -23 -3 28 -27 -28 -26 -14
right_child=-2 2 3 4 5 -7 7 8 9 -11 -12 -13 29 15 19 16 -18 -19 -20 -21 -22 22 -24 -25 25 26 27 -29 -30 -31
leaf_value=9.8124104176178044e-05 0.00043065198841633418 -0.00084909728036841592 0.017982172582498256 -0.0024813030555672685 -0.0038074271534564129 0.0090657238749851914 0.20299704070467223 -0.052181501020877687 0.1855171285023329 0.25839894051084028 -0.028513596601742408 -0.018144479439591632 0.0086414388791878158 0.0021259995631158503 -0.017872514309127518 0.030983311872025202 0.0097820647598948918 0.22557784861863073 0.20320007963796383 0.1296102634044671 -0.0048376482839140103 -0.010725345575844512 0.1991943892776584 0.14580956463027769 -0.00013038130553473393 0.32817575648463704 0.012146202937813051 0.18568640117501356 0.1888485514708402 -0.010106471120995296
leaf_weight=13305.795097093098 20426.2015810702 1457.3265118449926 82.390497988089919 1283.8522808291018 330.72134758438915 572.81180352717638 1.1760306730866421 2.3885146081447601 0.83723177574575025 0.80433760955929745 2.1266318038105965 97.76276487018913 307.00234107300639 123.69521010667086 152.42174369096756 5.8121661655604822 24.666027303785086 1.428380027413368 1.7357003465294836 1.0957376547157753 2462.5447173621505 4.8000427410006514 1.1909357812255619 1.5113129988312719 17.446927971206613 1.0517146363854397 3.1212563272565603 1.0499730370938776 0.62450450658798118 69.883879579603672
leaf_count=314454 357072 35009 2067 28572 8614 12176 33 68 18 22 62 2484 6934 1657 3496 81 317 23 20 24 62001 124 27 36 656 30 97 28 26 1457
internal_value=-8.64192e-06 -0.000450252 -0.00149065 0.00116213 0.000530705 0.00477609 -0.00249244 0.056816 0.0288931 0.0802831 0.0319458 -0.00276608 -0.00244195 -0.00311472 -0.00356531 0.00863905 0.0325861 0.0952498 0.0705861 -0.0168198 -0.00305025 -9.24763e-05 0.0541314 0.0267584 -0.000367228 0.0297791 0.11067 0.0558294 0.00640027 0.00516512
internal_weight=40745.3 20319.1 7013.28 2277.11 2194.72 910.866 338.054 7.33275 6.15672 3.7682 2.96386 4736.17 4638.41 4261.52 4104.19 157.337 33.6423 8.97625 7.54787 153.517 3950.67 1488.12 7.50229 6.31136 1480.62 23.2944 5.22294 4.17123 18.0714 376.886
internal_count=837685 480613 166159 51632 49565 20993 8817 203 170 102 80 114527 112043 103652 101554 2098 441 124 101 3520 98034 36033 187 160 35846 837 155 125 682 8391
is_linear=0
shrinkage=0.05


Tree=147
num_leaves=31
num_cat=0
split_feature=14 20 20 10 16 20 19 2 19 10 14 20 22 18 10 24 14 20 11 18 10 7 7 8 7 19 7 4 18 12
split_gain=3.18375 3.80768 26.2043 6.01581 4.29181 7.03731 5.18208 3.14042 5.72972 6.6838 12.8439 7.62754 10.4714 8.25505 6.70646 6.06695 7.96478 9.5104 7.67971 7.41725 7.76721 11.9909 9.80844 9.64086 7.00776 9.64462 8.70531 8.11173 9.51985 10.4311
threshold=18.500000000000004 0.060452338359315107 0.0612871791464576 0.061024906501153824 53.500000000000007 0.044319386418906287 0.073223296888141304 4.5000000000000009 0.18898809523809526 0.12095088819226753 4.5000000000000009 0.049907189624989308 1.0000000180025095e-35 0.12565789473684214 0.17519181585677754 21.500000000000004 9.5000000000000018 0.073346462366107895 0.050343962067630442 0.06106329172675326 0.083472686733556303 41083.500000000007 242110.00000000003 1.5552434610482579 52599.500000000007 0.13383084577114432 222149.00000000003 2.5000000000000004 0.082859833198816263 1.0000000180025095e-35
decision_type=2 2 2 2 2 2 2 2 2 2 2 2 2 2 2 2 2 2 2 2 2 2 2 2 2 2 2 2 2 2
left_child=7 4 -3 -4 -2 -6 -7 -1 9 15 11 14 13 -13 -11 16 19 -18 -19 20 -9 23 -23 -22 25 -17 27 -26 -29 -30
right_child=1 2 3 -5 5 6 -8 8 -10 10 -12 12 -14 -15 -16 24 17 18 -20 -21 21 22 -24 -25 26 -27 -28 28 29 -31
leaf_value=-0.00021414603313910666 -0.037006020751074974 0.30440459932196834 -0.051447913531986883 0.12423927935080084 0.16867822440758143 -0.051445573545129186 0.11915406819416455 0.0010283080096342996 -0.010500239478569125 0.069844953139996016 0.12967119336698324 0.10445429663856245 -0.0079110305495058552 0.010231999973970521 -0.0063874994264788796 -0.0033663791662635022 -0.025778804069565703 -0.010027339154782045 0.1740245834681676 -0.0040338780439825323 0.18042342316777649 0.0039792842629566205 0.14995636323576989 0.032956084246899324 -0.0019351865430313918 0.10013668010548459 -0.0069796315609278519 0.011407739174686958 0.03585412937488628 0.16141736228482306
leaf_weight=32758.947661686689 17.241974120959647 0.7025865726172914 3.4456265792250633 0.5675040092319249 0.68068737909197752 1.9482150431722405 0.57695442996919144 6036.1686719227582 108.84187892079353 9.2317413892596942 2.4365949667990199 4.0670879371464235 39.317222276702523 5.4258945994079113 4.1965213809162369 243.9023048421368 42.931606362573802 1.1683683674782508 1.1007134430110452 781.14841637574136 2.1255468316376236 19.021768826991323 1.2248184159398068 2.3158777877688408 116.96305095218122 2.2716683056205502 89.723625607788563 430.13517651427537 15.06123303063214 1.8581011481583107
leaf_count=676956 709 28 139 18 27 76 10 122161 1919 131 44 51 659 82 65 4807 1802 30 27 14495 29 310 19 41 2256 38 1798 8662 253 43
internal_value=-8.67655e-06 -0.0177882 0.0227127 -0.0266037 -0.0271286 0.0259951 -0.0124667 2.31067e-06 0.000893055 0.00105099 0.0170583 0.0126495 0.00346859 0.0505998 0.0460212 0.000918043 0.000413561 -0.0205061 0.0792548 0.000551763 0.00114278 0.0291309 0.0128102 0.10353 0.00477893 -0.00241126 0.00748649 0.00978775 0.0128548 0.0496436
internal_weight=40744.7 25.1635 4.71572 4.01313 20.4478 3.20586 2.52517 40719.6 7960.64 7851.8 64.6751 62.2385 48.8102 9.49298 13.4283 7787.12 6887.21 45.2007 2.26908 6842.01 6060.86 24.688 20.2466 4.44142 899.915 246.174 653.741 564.018 447.055 16.9193
internal_count=837685 1007 185 157 822 113 86 836678 159722 157803 1032 988 792 133 196 156771 138914 1859 57 137055 122560 399 329 70 17857 4845 13012 11214 8958 296
is_linear=0
shrinkage=0.05


Tree=148
num_leaves=31
num_cat=0
split_feature=22 19 10 10 18 10 18 7 10 2 12 9 16 8 0 8 21 9 8 16 10 19 7 8 24 7 8 8 18 19
split_gain=3.05889 6.53229 6.56632 15.0655 14.4982 8.12731 8.10369 9.8417 23.9191 14.923 6.51522 11.9062 6.09822 8.59657 8.69059 6.8455 6.78815 7.0035 9.12837 11.9432 8.91837 7.66904 6.02866 5.68372 5.56908 8.50992 8.90722 12.2361 9.88945 10.7517
threshold=4.5000000000000009 0.11167800453514741 0.038056162574918978 0.037380314275242812 0.052410550781800257 0.042974346346704877 0.020695146057544477 43917.500000000007 0.029361054766734281 5.5000000000000009 3.5000000000000004 0.056007935021206497 12.500000000000002 2.1966278771528782 28.500000000000004 1.2719024718053016 0.30384615384615393 0.037826481944129013 1.9336696716826904 14.500000000000002 0.060196030719067296 0.05927925251160273 238799.00000000003 2.1604813465608923 21.500000000000004 128787.00000000001 1.9759344456391033 1.7642976289013974 0.080240731135871809 0.081165540540540551
decision_type=2 2 2 2 2 2 2 2 2 2 2 2 2 2 2 2 2 2 2 2 2 2 2 2 2 2 2 2 2 2
left_child=1 -1 3 6 -5 -4 7 8 -3 -9 -7 -12 23 14 15 -14 17 -17 22 21 -21 -20 -19 24 -2 -26 27 -27 -29 -30
right_child=12 2 5 4 -6 10 -8 9 -10 -11 11 -13 13 -15 -16 16 -18 18 19 20 -22 -23 -24 -25 25 26 -28 28 29 -31
leaf_value=0.00035376270574468451 -0.0011540264784291807 0.33581398961571668 -0.033246370677170636 0.042021475139189052 0.26643156459580963 -0.0047256200104119281 -0.0058312117433801883 -0.004151692099907317 -0.0091300067404855648 0.20525643857030432 -0.0061985316259023831 0.18866475795785489 0.14137758474053133 0.21426815659948209 -0.041760692366092075 -0.032662625100500386 0.15472433091084825 0.010566760346671124 0.35743899745729735 -0.051493537285010972 0.17986231816260842 0.10813948943957918 0.15982718871646445 -0.0082104153387459883 -0.00098189925945022134 0.012538909354638231 0.024023984275119911 -0.0047503447612858799 -0.013245769451224876 0.099853181908369976
leaf_weight=30115.047797124833 8137.4717155769467 0.90149351581931059 25.272007359191775 2.1056139301508661 1.0935056805610655 718.04764173924923 32.819388331845403 7.1842145882546884 1.1356646809726951 0.9650487396866082 2.1511525884270664 1.2333151530474422 1.2899599950760663 0.56479139346629281 5.1816997732967129 5.2975716516375604 0.94563442468643089 15.259323986247182 0.61119343712925844 1.1797231547534464 0.64390261285006989 0.62286815606057644 0.70788925327360708 255.31258804630488 834.06602576188743 250.66188596747816 67.215048160403967 250.93115300498903 3.7572006676346046 4.7680542282760143
leaf_count=626031 162707 22 513 45 21 12540 683 150 22 17 60 27 33 25 209 199 13 528 23 44 15 19 23 6402 16129 4520 1378 5150 70 67
internal_value=-8.58517e-06 0.000235816 -0.00424387 0.0140476 0.118728 -0.00537572 0.00626065 0.0452192 0.143516 0.0206468 -0.0043994 0.0648105 -0.000776535 0.0209118 0.0174711 0.0290277 0.0232921 0.0181822 0.0323402 0.111485 0.0301957 0.23161 0.0171841 -0.000847997 -0.000651145 0.00224824 0.00691477 0.0046604 -0.00295106 0.0500089
internal_weight=40744.4 30908 792.909 46.2049 3.19912 746.704 43.0058 10.1864 2.03716 8.14926 721.432 3.38447 9836.49 32.3046 31.7398 26.5581 25.2681 24.3225 19.0249 3.05769 1.82363 1.23406 15.9672 9804.18 9548.87 1411.4 577.333 510.118 259.456 8.52525
internal_count=837685 640131 14100 960 66 13140 894 211 44 167 12627 87 197554 1131 1106 897 864 851 652 101 59 42 551 196423 190021 27314 11185 9807 5287 137
is_linear=0
shrinkage=0.05


Tree=149
num_leaves=31
num_cat=0
split_feature=7 6 8 15 0 22 18 19 7 0 19 24 11 8 2 11 10 8 19 18 24 8 19 9 9 19 19 19 0 11
split_gain=3.0447 6.01944 10.3086 9.06582 10.1625 7.7775 10.1028 15.2861 9.97369 14.5811 10.2342 10.4922 18.6808 9.28567 8.17735 7.17062 9.02671 7.14289 7.03159 7.41522 6.87504 8.86454 10.5655 8.99975 10.7985 7.19228 8.2785 7.77706 8.69757 7.15944
threshold=229291.00000000003 2.5000000000000004 1.4495421108679336 0.87500000000000011 33.500000000000007 1.0000000180025095e-35 0.064063477173233283 0.071556579621095753 238799.00000000003 18.500000000000004 0.045769020513387333 5.5000000000000009 0.050303548014050625 1.7798050806619701 2.5000000000000004 0.053601648584168347 0.077058029689608662 0.52805973025047626 0.13383084577114432 0.060971360584685989 14.500000000000002 1.4201310989905285 0.017595459236326112 0.19756097560975613 0.056364502806311563 0.077108881456707565 0.20294117647058826 0.062482473359506456 1.5000000000000002 0.053657989013283586
decision_type=2 2 2 2 2 2 2 2 2 2 2 2 2 2 2 2 2 2 2 2 2 2 2 2 2 2 2 2 2 2
left_child=-1 2 20 15 -5 6 18 8 -8 10 -10 -12 -13 -11 -14 16 -3 -18 19 -4 -2 23 -23 24 25 27 -27 -22 -29 -24
right_child=1 3 5 4 -6 -7 7 -9 9 13 11 12 14 -15 -16 -17 17 -19 -20 -21 21 22 29 -25 -26 26 -28 28 -30 -31
leaf_value=0.00012051674917424461 0.0016670352985520779 -0.0039456479402135139 0.004236494946230753 0.0086333456804239383 0.10820588520907955 -0.0024179884182335353 0.0098272956416363168 -0.0064133910842560432 -0.0025671745295854356 0.28605334438390739 -0.00010288189790963334 0.25925218419783008 0.15317555774511832 0.087877809559902126 -0.020537260799196499 -0.01229292546435108 0.10320859806671533 0.015469298612849115 0.096265936546035102 -0.030965711882632453 0.022766086035063401 0.2199731113809171 0.0080202454377273618 0.092719838007946656 -0.019307466281027086 -0.014581016244189364 0.10579970369852353 0.043986344965649987 0.15529963785119352 0.14975476067615076
leaf_weight=37408.591687320732 109.62931708618999 701.43164952751249 276.42561464570463 8.7125755399465543 3.6301637031137934 1780.0022893594578 6.3514191173017052 14.838135825470088 3.9508481770753843 1.3267637230455869 1.8895958326756952 1.9191182404756544 1.2106585595756771 1.0660101287066934 1.5382528733462093 262.57996934838593 2.4858791455626479 34.692972462624311 2.0059214029461137 15.815660718828438 46.807716691866517 1.0974681414663781 3.2509074732661247 3.6925545819103709 20.171475058421493 17.395025588572029 1.5559063218533982 6.6180580072104913 2.3881046250462532 1.2273641787469385
leaf_count=766107 1769 15865 6153 131 46 38777 121 260 75 26 39 35 22 23 30 5655 23 592 38 314 730 20 58 43 314 241 21 100 36 21
internal_value=-8.55073e-06 -0.00145599 -5.27699e-05 -0.004671 0.037919 -0.00111371 0.0059571 0.0317244 0.0611173 0.086368 0.0610032 0.0993032 0.139542 0.197764 0.0559683 -0.00519605 -0.00267308 0.0213358 0.00297177 0.0023314 0.0104078 0.0196036 0.0809382 0.0161362 0.0131575 0.0219165 -0.00469754 0.030953 0.0735026 0.0468656
internal_weight=40744.3 3335.71 2322.17 1013.53 12.3427 2108.34 328.338 34.0908 19.2527 12.9012 10.5085 6.55763 4.66803 2.39277 2.74891 1001.19 738.611 37.1789 294.247 292.241 213.834 104.205 5.57574 98.6288 94.9363 74.7648 18.9509 55.8139 9.00616 4.47827
internal_count=837685 71578 49266 22312 177 45913 7136 631 371 250 201 126 87 49 52 22135 16480 615 6505 6467 3353 1584 99 1485 1442 1128 262 866 136 79
is_linear=0
shrinkage=0.05


Tree=150
num_leaves=31
num_cat=0
split_feature=14 20 20 10 16 8 8 6 21 25 8 24 4 1 18 20 6 10 19 19 7 7 20 25 20 9 11 20 17 0
split_gain=2.98488 3.44256 17.3901 5.21872 3.99942 6.29123 7.77872 3.01802 10.3263 8.87255 8.63318 9.55437 18.725 6.999 17.8949 11.4621 13.593 11.1991 10.466 10.276 9.81206 9.06235 8.68258 8.60437 20.8207 10.9905 14.659 11.3002 9.88107 9.3049
threshold=18.500000000000004 0.060452338359315107 0.0612871791464576 0.061024906501153824 53.500000000000007 1.7546146556055326 1.5655538540707761 1.0000000180025095e-35 0.38750000000000007 50.500000000000007 1.6553344784890123 20.500000000000004 2.5000000000000004 1.5000000000000002 0.060496986894529613 0.012232530300763133 3.5000000000000004 0.083472686733556303 0.062554347826086973 0.060817742726934583 35830.500000000007 120198.00000000001 0.060649651030676842 1.0000000180025095e-35 0.058209115389586445 0.059902666576958453 0.050260215400075865 0.064805189805189817 0.11583184257602865 32.500000000000007
decision_type=2 2 2 2 2 2 2 2 2 2 2 2 2 2 2 2 2 2 2 2 2 2 2 2 2 2 2 2 2 2
left_child=7 4 -3 -4 -2 6 -6 8 -1 10 -10 -12 -13 14 22 16 19 18 -17 -15 -21 -22 -9 24 29 -26 27 -27 -28 -20
right_child=1 2 3 -5 5 -7 -8 13 9 -11 11 12 -14 15 -16 17 -18 -19 23 20 21 -23 -24 -25 25 26 28 -29 -30 -31
leaf_value=0.0004196428807344112 -0.036467017542205007 0.21317876883510439 -0.05138124786274071 0.10517517366285495 -0.0040338161914534902 -0.051341487623604423 0.20674899469962829 -0.0011172777187226188 -0.0074833061063723852 0.0062070436113101845 0.02963868478537475 0.043422779887511823 0.22714728684966967 0.023128070162269476 -0.0067954172560346499 0.00034032982943506989 -0.029685089219870803 0.0073473977261703906 -0.010391135187030835 -0.021206910907895438 0.20037372612969936 0.065594179870991601 0.0051024815083625281 -0.0038825718565469337 0.021251009200560216 0.30093950038306672 0.032937749766951269 0.088705549612085113 0.19935657775064977 0.022000058572582665
leaf_weight=12489.669162414968 16.675223516300328 0.94285640493035217 3.2830748651176695 0.63531554862856854 1.0083573143929236 1.5066550420597193 0.77342360094189633 4910.7358931489289 11.296765998005865 250.8915795031935 26.846193965524435 4.8419526405632496 1.9435132257640351 48.254742017015815 1366.1149782855064 17905.262387677096 11.02427971549332 519.69599681906402 96.797652863897383 1.5391366779804219 2.1673777606338263 2.9375885911285877 633.48370803147554 2359.5765971792862 34.436364425346255 1.1290426403284066 9.2949174568057025 1.4110056050121782 0.98662412911653596 28.7589015904814
leaf_count=254330 709 28 139 18 22 63 28 112049 138 3085 334 53 23 1175 26310 369898 281 8689 2229 25 39 52 12558 43730 770 21 188 28 16 657
internal_value=-8.49982e-06 -0.0173408 0.0203915 -0.0259977 -0.0265288 0.0238664 0.0874614 2.06705e-06 0.00063833 0.0098714 0.0303341 0.0430368 0.0960457 -0.000289157 -0.00166962 0.000164601 0.0209807 9.91218e-05 -8.51899e-05 0.031155 0.0894528 0.122817 -0.000406607 -0.00309383 0.00767556 0.0359641 0.0754806 0.183043 0.0489074 -0.00297189
internal_weight=40743.9 24.8249 4.86125 3.91839 19.9637 3.28844 1.78178 40719.1 12785.5 295.82 44.9284 33.6317 6.78547 27933.6 6910.33 21023.3 65.9231 20957.3 20437.7 54.8988 6.6441 5.10497 5544.22 2532.39 172.815 47.258 12.8216 2.54005 10.2815 125.557
internal_count=837685 1007 185 157 822 113 50 836678 257963 3633 548 410 76 578715 150917 427798 1572 426226 417537 1291 116 91 124607 47639 3909 1023 253 49 204 2886
is_linear=0
shrinkage=0.05


Tree=151
num_leaves=31
num_cat=0
split_feature=25 0 22 24 20 19 7 19 18 9 8 10 10 22 7 0 20 8 6 19 8 24 22 25 25 11 15 21 8 8
split_gain=3.02943 4.52985 9.03723 7.54101 11.1885 5.51295 11.8403 7.77824 9.08409 8.67766 9.17496 12.1393 14.5367 7.59958 7.48588 5.34156 17.3842 25.7456 5.08245 9.10288 6.84337 6.70078 4.82512 4.40522 18.4406 9.3132 12.6216 9.17244 9.34756 9.12051
threshold=786214.00000000012 94.500000000000014 2.5000000000000004 18.500000000000004 0.049914288384186579 0.11167800453514741 139674.50000000003 0.057277245735207614 0.026170400584439309 0.042579853890044268 1.5503683849619125 0.038454692335076819 0.053579145573527602 4.5000000000000009 35830.500000000007 92.500000000000014 0.058155640018037753 1.8548386691062224 1.5000000000000002 0.059298973615914512 2.1518185817355966 8.5000000000000018 3.5000000000000004 1.0000000180025095e-35 50.500000000000007 0.050303548014050625 0.63333333333333341 0.46428571428571436 2.0355005488489319 2.0911001994769074
decision_type=2 2 2 2 2 2 2 2 2 2 2 2 2 2 2 2 2 2 2 2 2 2 2 2 2 2 2 2 2 2
left_child=23 15 3 -3 -5 7 -7 8 22 14 -11 -12 -13 -14 -10 -2 18 -18 19 20 -17 -21 -4 25 -25 -1 27 -27 -29 -30
right_child=1 2 5 4 -6 6 -8 -9 9 10 11 12 13 -15 -16 16 17 -19 -20 21 -22 -23 -24 24 -26 26 -28 28 29 -31
leaf_value=-0.0023735784970586428 0.00041729536190883892 -0.023420693579299504 0.072729595177628475 0.10868274688778337 -0.017514333246812494 -0.012130783801913493 0.20277232282454449 -0.016587701568230299 0.13555988084451473 -0.0070760631935723045 0.23524012124222074 -0.0030460028542437976 0.21792736567374416 0.080309116840319272 -0.009008018746588119 -0.045411422740424402 0.24188144006767698 -0.0074591668299011085 -0.041211263680545979 -0.0094766309727239498 0.093045772535997634 0.15182037156548223 -0.041509558509397061 -0.010563870670214887 -0.0004734364689722241 0.0022942846549366689 0.037292539302241218 0.015475362860699097 0.15848131112875796 0.029492242127830366
leaf_weight=1068.5948810456321 20327.533578086644 19.754922021180395 1.1856876574456752 3.0673451721668235 4.1093619950115681 1.2095042727887624 1.3634626269340513 8.0796994753181917 1.0621243864297891 2.1216653361916533 1.55933543294668 2.9680118262767792 1.8333838917315004 2.2153633162379265 5.7060261517763138 6.7167911641299707 1.5213254690170277 3.2403985597193241 25.972836554050446 1.1491917334496977 1.0291841179132459 1.4643874429166315 4.1929703876376152 465.24615990556777 16911.259214061312 1775.2988779591396 27.195005584508181 61.214177489280701 2.3312762789428225 3.3249769769608974
leaf_count=27066 355245 321 19 46 64 22 22 134 22 31 27 49 24 32 116 137 24 53 539 22 22 28 73 17691 390155 44411 432 789 27 42
internal_value=-8.48889e-06 0.000421443 0.0140908 -0.00747371 0.0364227 0.0314285 0.10175 0.0255776 0.0404906 0.0579875 0.0860202 0.109052 0.0810086 0.142626 0.013679 0.00038089 -0.0176275 0.0722028 -0.0294007 0.000210006 -0.027015 0.080898 -0.0163263 -0.000440846 -0.000743602 0.0013498 0.00347821 0.00297903 0.0211579 0.0826563
internal_weight=40743.5 20429.1 60.4289 26.9316 7.17671 33.4972 2.57297 30.9243 22.8446 17.4659 10.6978 8.57609 7.01676 4.04875 6.76815 20368.6 41.0941 4.76172 36.3324 10.3596 7.74598 2.61358 5.37866 20314.5 17376.5 2937.96 1869.36 1842.17 66.8704 5.65625
internal_count=837685 357072 1002 431 110 571 44 527 393 301 163 132 105 56 138 356070 825 77 748 209 159 50 92 480613 407846 72767 45701 45269 858 69
is_linear=0
shrinkage=0.05


Tree=152
num_leaves=31
num_cat=0
split_feature=8 3 3 3 7 16 21 8 20 10 0 20 25 15 8 6 11 13 6 21 25 9 19 21 17 5 16 21 19 10
split_gain=2.99256 8.41499 7.16199 11.1247 10.7463 9.06534 8.9371 10.0623 8.57076 8.55431 16.9805 11.8814 8.42618 9.94249 11.7862 8.65377 10.8132 8.06998 15.4936 25.116 7.83455 8.58494 7.53649 9.24171 7.39406 7.37951 9.08988 15.2039 14.7998 30.6035
threshold=1.8324162270420492 2.5000000000000004 1.5000000000000002 1.0000000180025095e-35 88679.500000000015 1.5000000000000002 0.052107704095528944 1.8398049952482287 0.060156268294155858 0.074580513581162522 5.5000000000000009 0.0499194627147923 413.50000000000006 0.63333333333333341 1.9762463232116889 2.5000000000000004 0.051963024990569533 0.70833333333333337 2.5000000000000004 0.051432940262870375 1344.5000000000002 0.056007935021206497 0.077108881456707565 0.051432940262870375 0.11834733893557424 1.0000000180025095e-35 3.5000000000000004 0.24264705882352944 0.044572384078275885 0.040565473222299801
decision_type=2 2 2 2 2 2 2 2 2 2 2 2 2 2 2 2 2 2 2 2 2 2 2 2 2 2 2 2 2 2
left_child=1 -1 3 6 -5 8 12 -8 -6 25 11 -11 13 24 -15 16 -16 -14 20 -20 21 -19 23 -12 -2 -7 27 28 29 -27
right_child=2 -3 -4 4 5 9 7 -9 -10 10 22 -13 17 14 15 -17 -18 18 19 -21 -22 -23 -24 -25 -26 26 -28 -29 -30 -31
leaf_value=0.00048420747570517887 -0.0045205954420850696 -0.0061528012462717602 0.00093525883573440454 -0.0092270235482026473 0.003452087566747369 -0.013063450126677612 -0.025012025889192824 0.0081295531449223392 -0.0093865189418022837 0.32070909128461317 0.21823059056942778 0.057235182963096626 -0.00037968828781582959 0.0067592865006221026 0.22935534289316306 -0.011576741316600365 0.046669105873519634 -0.0042113217749362693 0.28428156824906065 0.025205780264592106 -0.042661374220168781 0.1312428863645477 -0.0404861871672492 0.014408283249847496 -0.021240324245091605 -0.051588132737077255 -0.013060501720732457 0.22837186173524407 -0.0025203241141781127 0.3104468491893777
leaf_weight=23515.220977992751 970.59839250147343 487.48378630820662 5609.4457115000114 782.46492360346019 685.15080299414694 262.97810998931527 24.206916077062488 425.1307149278 160.43318195268512 0.80426593869924345 0.73898799717426333 0.91434680670499802 7686.7541458420455 10.803797902539371 1.7661553379148238 1.1976579409092662 1.496180225163698 3.0630929861217719 1.4797918051481236 2.5432837624102831 4.6861385479569435 1.892443250864744 3.9375595077872276 2.2477660682052374 70.959094941616058 1.1013942304998665 12.900832134298978 1.061750967055558 8.0353596583008748 1.2419460937380788
leaf_count=460188 31394 10310 122952 17208 14337 7886 412 6997 2856 20 20 25 159792 200 33 25 27 59 26 45 84 31 90 58 1894 39 420 16 204 37
internal_value=-8.44825e-06 0.000349413 -0.000521568 -0.00125576 -0.00471357 -0.00161985 -0.000533139 0.00634414 0.00101621 -0.00915124 0.0398601 0.180534 -0.000886015 -0.00507258 0.0349889 0.103372 0.145571 -0.000311442 0.0380787 0.120501 0.00368742 0.0475166 0.00494482 0.0648384 -0.00565967 -0.0106256 0.0157128 0.0481591 0.0297232 0.140287
internal_weight=40742.7 24002.7 16740 11130.6 1924.01 1141.55 9206.58 449.338 845.584 295.962 8.64293 1.71861 8757.24 1056.82 15.2638 4.45999 3.26234 7700.42 13.6648 4.02308 9.64167 4.95554 6.92431 2.98675 1041.56 287.319 24.3413 11.4405 10.3787 2.34334
internal_count=837685 470498 367187 244235 43216 26008 201019 7409 17193 8815 213 45 193610 33573 285 85 60 160037 245 71 174 90 168 78 33288 8602 716 296 280 76
is_linear=0
shrinkage=0.05


Tree=153
num_leaves=31
num_cat=0
split_feature=10 20 22 7 7 7 2 18 19 11 22 8 19 10 9 7 20 8 7 8 4 25 25 10 9 11 6 7 10 20
split_gain=2.98485 7.31518 9.08778 7.59769 20.0486 16.4585 17.7695 16.0383 29.468 27.4059 15.1963 12.0543 10.4626 11.7331 13.213 10.2539 7.99247 11.0507 12.4503 13.0515 14.2118 14.9557 17.9852 13.8998 11.0092 9.88828 8.53199 9.73604 7.43035 9.92745
threshold=0.060006858710562418 0.067711845591391498 4.5000000000000009 76296.000000000015 61147.000000000007 108244.00000000001 3.5000000000000004 0.061234610382709997 0.061258657707845866 0.050303548014050625 2.5000000000000004 2.1680110705369393 0.078471884621617263 0.062581592689295043 0.05573882498440013 109743.50000000001 0.07151380838731676 1.7219218375107521 154375.00000000003 1.9574258679824803 2.5000000000000004 95216.500000000015 786214.00000000012 0.062581592689295043 0.062140066969727119 0.051963024990569533 3.5000000000000004 199222.50000000003 0.060377177297195446 0.061010600287113206
decision_type=2 2 2 2 2 2 2 2 2 2 2 2 2 2 2 2 2 2 2 2 2 2 2 2 2 2 2 2 2 2
left_child=-1 28 3 4 -3 -5 12 -6 9 -9 -11 15 -7 14 -14 -8 17 -17 19 23 -21 -22 -23 -19 -24 26 -20 -28 29 -2
right_child=1 2 -4 5 7 6 11 8 -10 10 -12 -13 13 -15 -16 16 -18 18 25 20 21 22 24 -25 -26 -27 27 -29 -30 -31
leaf_value=-0.00024659184830325208 0.0039549726037468912 0.0079090342840281904 -0.0047215911022490155 -0.015158840410317351 0.015526889735577854 -0.0047235629773964352 0.17315993748703273 -0.018001203998467715 0.041728200516166762 0.34336126489547836 0.14980988562592715 0.12713008136359233 0.26796911826904884 0.019973706944138438 0.028572467287635545 0.096109570650590351 0.0076576873239752223 0.0069380928533798961 0.0095072202534288545 -0.05338958522514782 0.035158639128572859 0.31452033653342737 0.012549067067220483 0.17869750225275807 0.20204840188588388 -0.042162690059912522 0.0010315850053351421 0.22185414715308371 -0.00091470124807770017 -0.0015398682766095083
leaf_weight=31112.430928738788 2366.5100821517408 270.39791791886091 189.02366904355586 95.140049232169986 26.720958098769188 168.05626748688519 1.1023344341665495 1.3892442043870712 18.517871996387839 1.8828355371952055 2.1979270428419113 2.7604908458888522 1.0901142172515421 14.227302985265849 1.2230262719094751 6.3461138494312754 61.245969532057643 13.246038589626552 11.936966890469195 1.3010133840143678 2.8489191941916925 1.6308274343609808 1.5055975057184698 1.2928666509687889 1.5611830875277517 8.785368934273718 0.92008722200989668 1.091070460155606 5096.3120712023228 1259.4552976563573
leaf_count=663213 43580 4671 3265 1687 463 3000 19 23 231 27 31 45 21 241 24 111 1085 238 223 24 66 28 23 24 22 158 17 23 92193 22909
internal_value=-8.49756e-06 0.000760756 0.00503325 0.00759985 0.0133194 0.0029773 0.00868755 0.0421695 0.0718477 0.173813 0.239113 0.0238803 -0.000989132 0.0369539 0.141393 0.0213978 0.0199266 0.0342488 0.0257367 0.05135 0.0992321 0.125544 0.180359 0.0222117 0.109016 -0.000612302 0.0255586 0.12083 0.000316257 0.00204638
internal_weight=40742.2 9629.72 907.442 718.418 321.107 397.312 302.172 50.7088 23.9879 5.47001 4.08076 117.575 184.597 16.5404 2.31314 114.814 113.712 52.4661 46.1199 23.3864 8.84754 7.54653 4.69761 14.5389 3.06678 22.7335 13.9481 2.01116 8722.28 3625.97
internal_count=837685 174472 15790 12525 5446 7079 5392 775 312 81 58 2106 3286 286 45 2061 2042 957 846 425 163 139 73 262 45 421 263 40 158682 66489
is_linear=0
shrinkage=0.05


Tree=154
num_leaves=31
num_cat=0
split_feature=20 10 7 7 16 14 20 20 24 21 4 19 11 7 1 20 6 9 19 7 25 8 14 24 7 22 8 0 7 24
split_gain=2.90917 4.73278 7.48799 16.2914 7.04101 9.06091 8.97406 5.97002 6.33315 9.03169 7.78666 8.10666 15.5197 9.58269 5.47613 7.90269 9.41414 6.92551 15.4037 14.1167 10.5077 6.33062 8.33688 14.9837 5.94267 14.1513 6.58071 13.1759 9.18433 11.5009
threshold=0.03132570101211217 0.034185831918375091 244798.50000000003 243333.00000000003 9.5000000000000018 6.5000000000000009 0.023603476452235927 0.028275237181537152 4.5000000000000009 0.080128205128205135 1.5000000000000002 0.032288728075555016 0.050260215400075865 132727.00000000003 1.5000000000000002 0.012232530300763133 3.5000000000000004 0.014742103738046944 0.048857191146386654 202027.00000000003 355127.00000000006 1.7027821288869618 6.5000000000000009 18.500000000000004 800.50000000000011 3.5000000000000004 1.6854848363788231 45.500000000000007 217746.50000000003 3.5000000000000004
decision_type=2 2 2 2 2 2 2 2 2 2 2 2 2 2 2 2 2 2 2 2 2 2 2 2 2 2 2 2 2 2
left_child=1 2 3 4 5 7 -7 8 9 10 11 12 -1 -14 21 16 17 18 -16 20 -20 22 -3 -24 25 -17 27 28 -26 -30
right_child=-2 14 -4 -5 -6 6 -8 -9 -10 -11 -12 -13 13 -15 15 24 -18 -19 19 -21 -22 -23 23 -25 26 -27 -28 -29 29 -31
leaf_value=0.24559619234833116 8.2560101333057297e-05 -0.017682444791191704 -0.041779861142579783 0.23685818142194243 -0.040542296348519524 0.18391587796171982 -0.0083717023196076164 -0.015495439803940908 0.0033618231704418337 0.10183944160831818 -0.024752686044141627 -0.03472338507146807 -0.052018389760054275 0.1177542162927856 0.015640673511475318 -0.025700013651944877 -0.030269094719564505 0.015133165129653424 0.010664408096760893 0.28820755406398307 0.16480218761237167 -0.0019312255025424768 0.0058189530567134152 0.30213229502065231 0.0023393010726411043 0.18171515764515148 -0.0027290349128639493 0.18323255910538053 -0.024886680352696901 0.046632576895707767
leaf_weight=1.0062189940363158 38929.329997495748 103.69063054583967 14.774102427065371 0.69219820015132327 14.138804757036267 1.2643343973904841 1.1666826577857135 101.1832830067724 191.75716493465006 1.6107912193983782 53.216804810799658 2.8825064841657877 1.9087202325463297 1.4723080303519962 9.5658459700643999 1.8391853198409074 9.0472224242985231 49.204507886432111 2.3796080294996491 1.0239954646676777 2.0653378963470459 424.45950733777136 1.7407757155597203 0.56514076888561238 196.41511614620686 1.487397965043783 588.15815608482808 1.0586186759173859 7.2033706512302151 25.591129411011934
leaf_count=26 792396 2203 448 20 698 25 53 2898 5278 31 1566 80 55 41 248 38 229 1031 61 21 40 10869 62 19 4128 26 14390 21 161 523
internal_value=-8.60799e-06 -0.00196666 -0.00686972 -0.00548437 -0.00593579 -0.00456701 0.0916341 -0.00522572 -0.00113233 -0.0150103 -0.0181221 0.0304158 0.0732134 0.0219111 -0.000635306 0.00175046 0.0174829 0.0242081 0.0539076 0.120841 0.0822843 -0.00466081 -0.0155913 0.0784403 0.000347393 0.0670405 7.63119e-05 0.00724181 0.00642899 0.0309232
internal_weight=40741.9 1812.57 387.074 372.3 371.608 357.469 2.43102 355.038 253.855 62.0973 60.4866 7.26975 4.38725 3.38103 1425.5 895.039 73.2865 64.2393 15.0348 5.46894 4.44495 530.456 105.997 2.30592 821.753 3.32658 818.426 230.268 229.21 32.7945
internal_count=837685 45289 11219 10771 10751 10053 78 9975 7077 1799 1768 202 122 96 34070 20917 1630 1401 370 122 101 13153 2284 81 19287 64 19223 4833 4812 684
is_linear=0
shrinkage=0.05


Tree=155
num_leaves=31
num_cat=0
split_feature=2 18 10 9 9 0 0 7 16 25 20 7 25 18 9 3 19 24 19 14 16 6 8 20 8 19 19 7 19 18
split_gain=2.85538 5.32735 9.95097 8.53932 9.43897 8.3972 17.573 7.32133 11.3467 12.4565 11.4751 9.17317 13.114 9.60089 10.2769 8.20063 7.63389 6.76303 12.0573 15.2781 24.1353 9.30422 9.89632 10.0411 12.4113 9.31466 9.04725 17.4586 8.60097 9.16681
threshold=4.5000000000000009 0.057127082553725901 0.054885672216995848 0.080145985401459868 0.20256410256410259 87.500000000000014 89.500000000000014 4002.5000000000005 5.5000000000000009 2642.5000000000005 0.055123157682212806 2378.5000000000005 81814.000000000015 0.054982211736703576 0.036862623127049611 -1.0000000180025095e-35 0.063152701685145293 3.5000000000000004 0.051303277296654785 11.500000000000002 19.500000000000004 1.0000000180025095e-35 1.7454524393965982 0.025339387268391123 1.6468130175846498 0.039128456699766591 0.05107324427400637 103157.00000000001 0.051810450560557379 0.034515851479250785
decision_type=2 2 2 2 2 2 2 2 2 2 2 2 2 2 2 2 2 2 2 2 2 2 2 2 2 2 2 2 2 2
left_child=-1 2 17 7 5 -5 -7 8 10 -10 11 13 -13 -4 -15 -16 -12 18 19 21 -21 22 23 24 -2 -23 -25 -28 -19 -30
right_child=1 -3 3 4 -6 6 -8 -9 9 -11 16 12 -14 14 15 -17 -18 28 -20 20 -22 25 -24 26 -26 -27 27 -29 29 -31
leaf_value=-0.00021498805110484808 -0.0057650823194737777 -0.00095329293011306004 -0.031539551917677842 -0.016663772346538687 0.023555397983411087 0.13444188772496932 -0.0060688590996975135 0.0062703595559835557 0.010409750250842124 0.19754524007753077 -0.025492384625426148 0.22289443176267604 0.046364050723703115 0.19497348082418342 0.092675923251687858 -0.033554670039267591 0.10291484402073009 0.0032075451190210903 0.0050463655395988453 0.30588778222961593 -0.051117305978008468 -0.0056969923807787945 -0.0084340274449391395 0.0088142039654757736 0.22650613175008175 -0.02293303178911002 -0.016281617114544896 0.24813884991736401 0.010726264646661415 -0.0041899518766904259
leaf_weight=32772.478241339326 1.0634419824928039 2724.6389581328258 4.5072280541062373 102.93558633513749 22.296118393540382 2.9075444024056187 9.4815218988805992 1135.3391531277448 1.6061818171292537 1.9922285601496694 12.386472370475529 1.6226163450628508 2.9918883070349693 1.2098898906260727 2.7249123733490688 2.437643591314556 1.2767712473869313 2239.1406301632524 248.60260274726897 0.97814602218568214 0.91746239829808474 160.91554466728121 100.83359025232494 49.964761229231954 1.2525120843201873 152.83220763318241 1.3490012958645814 1.1619422920048235 116.96359158027917 862.82342139352113
leaf_count=677814 23 50240 75 1804 355 40 167 20905 50 37 203 25 46 24 42 36 21 50188 5000 38 47 3769 2354 956 26 3403 25 23 2466 17483
internal_value=-8.57632e-06 0.000840275 0.00177207 0.00555482 -0.00622542 -0.0119831 0.0269071 0.00694273 0.0302475 0.114016 0.0199094 0.0493649 0.108438 0.0243095 0.0638116 0.0330727 -0.0134933 0.000518086 -0.00386305 -0.00856293 0.1331 -0.00913505 0.000860376 0.017965 0.119852 -0.014093 0.0134683 0.106079 0.00149787 -0.00240931
internal_weight=40741.6 7969.15 5244.51 1305.72 137.621 115.325 12.3891 1168.09 32.7558 3.59841 29.1574 15.4942 4.6145 10.8797 6.37245 5.16256 13.6632 3938.8 719.871 471.269 1.89561 469.373 155.625 54.7917 2.31595 313.748 52.4757 2.51094 3218.93 979.787
internal_count=837685 159871 109631 23830 2366 2011 207 21464 559 87 472 248 71 177 102 78 224 85801 15664 10664 85 10579 3407 1053 49 7172 1004 48 70137 19949
is_linear=0
shrinkage=0.05


Tree=156
num_leaves=31
num_cat=0
split_feature=11 9 18 9 9 20 4 0 24 20 7 19 20 8 7 20 16 21 24 13 2 0 3 18 11 8 18 0 8 2
split_gain=2.84597 4.46099 7.99752 6.43358 8.30225 9.02495 7.54899 7.42147 10.5723 9.5925 7.43018 7.18801 9.55599 22.9731 21.6655 11.7692 10.2812 14.1474 11.2267 9.40085 9.91091 8.54043 11.3312 25.1975 14.7198 11.5133 11.2505 25.4369 8.16435 12.0649
threshold=0.051963024990569533 0.063027594523657526 0.25657894736842107 0.080145985401459868 0.076968647466277809 0.096579867858530913 2.5000000000000004 53.500000000000007 12.500000000000002 0.072762103796586569 3028.5000000000005 0.06805615863366625 0.04256423852765074 1.9073113649169404 62249.000000000007 0.038660688072170178 1.5000000000000002 0.051432940262870375 1.0000000180025095e-35 0.18333333333333338 4.5000000000000009 -1.0000000180025095e-35 -1.0000000180025095e-35 0.04555986268439588 0.050168168696291163 1.7219218375107521 0.079169515089600517 31.500000000000004 2.3836119250524006 3.5000000000000004
decision_type=2 2 2 2 2 2 2 2 2 2 2 2 2 2 2 2 2 2 2 2 2 2 2 2 2 2 2 2 2 2
left_child=1 -1 3 4 6 -6 -3 -8 9 10 -9 28 13 15 -15 -13 17 18 -14 -18 -21 -20 23 -23 25 -25 -24 -28 -5 -30
right_child=-2 2 -4 11 5 -7 7 8 -10 -11 -12 12 16 14 -16 -17 19 -19 21 20 -22 22 26 24 -26 -27 27 -29 29 -31
leaf_value=-0.00067961994374992967 0.00050985479774211457 -0.0038192287788724809 -0.032147478396483804 -0.0018305409693326756 0.011323350052802592 0.10003789954101559 0.0048187419992644937 0.11205047071726111 -0.022743639344610371 0.10091798529141394 -0.00039007471776626186 -0.013011462461130536 0.1654156201004664 0.23931811016159898 0.0401342223740246 0.11595831301690024 -0.015223349310356644 0.0038671891594641381 -0.053717419899393104 0.00086437353511931722 0.1590168640504156 0.24972470471548902 -0.021983615089978883 0.2376209574911603 0.020706090123085923 0.059512322143815792 -0.035024069589642264 0.19470927350401357 0.16429219765520892 -0.00030221205399237074
leaf_weight=19799.488245697692 16045.555550805293 416.32674758974463 18.122979667037725 2228.9630535077304 210.80638715345412 2.9063071534037581 1392.9491238761693 1.5081502757966507 61.077653696760535 2.5859155766665927 56.952205395326018 12.354398015886547 1.5962844006717194 2.3766246251761904 3.2079748343676329 2.0645420290529719 86.152438871562481 350.05294295586646 2.8161656968295565 2.5855413861572734 1.6058694571256635 1.649876857176422 11.09334632381797 1.5414678454399138 13.42915649525821 2.2055902443826199 2.6549367718398562 2.2061554081737995 1.8338853381574143 2.8337114173918962
leaf_count=424820 320426 7668 284 43789 3866 39 25901 28 1231 43 1151 216 25 39 59 35 1983 5318 45 39 19 30 189 22 217 36 41 33 35 58
internal_value=-8.58939e-06 -0.000345435 0.00100589 0.00112905 0.00317867 0.0125298 0.00214395 0.00378257 -0.00803601 0.00667917 0.00251065 -0.000479549 0.00494213 0.0388017 0.1249 0.00545477 0.00352986 0.00705677 0.0355446 -0.0116658 0.0614579 0.0300305 0.0368116 0.063084 0.0451561 0.132783 0.00581032 0.069238 -0.00169221 0.0643665
internal_weight=40741.5 24695.9 4896.46 4878.34 2145.11 213.713 1931.4 1515.07 122.124 61.0463 58.4604 2733.22 499.593 20.0035 5.5846 14.4189 479.59 389.246 39.193 90.3438 4.19141 37.5967 34.7805 18.8261 17.1762 3.74706 15.9544 4.86109 2233.63 4.6676
internal_count=837685 517259 92439 92155 39927 3905 36022 28354 2453 1222 1179 52228 8346 349 98 251 7997 5956 638 2041 58 613 568 305 275 58 263 74 43882 93
is_linear=0
shrinkage=0.05


Tree=157
num_leaves=31
num_cat=0
split_feature=4 16 17 0 15 25 24 19 19 20 19 25 25 9 7 17 2 19 8 9 2 15 7 14 10 18 7 17 12 25
split_gain=2.9449 7.85812 15.5145 14.4304 12.434 11.5736 10.2406 9.20421 8.33296 8.45952 9.80704 8.24638 7.39223 9.39444 9.775 21.2352 9.27412 15.2604 9.49559 11.7206 21.5386 10.3359 10.1459 15.4115 8.89079 8.08864 23.1442 6.65023 6.32588 10.0996
threshold=1.5000000000000002 9.5000000000000018 0.15587044534412958 51.500000000000007 0.081666666666666679 125945.00000000001 7.5000000000000009 0.054835551129459599 0.20294117647058826 0.082491238814603116 0.064265762170790122 413.50000000000006 333.50000000000006 0.24500000000000002 6836.5000000000009 0.045115332428765274 1.5000000000000002 0.073223296888141304 2.0655442607793906 0.056025176400516845 2.5000000000000004 0.15587044534412958 119280.00000000001 7.5000000000000009 0.030161583780973836 0.027067730380983399 239795.50000000003 0.16904761904761909 1.0000000180025095e-35 100.50000000000001
decision_type=2 2 2 2 2 2 2 2 2 2 2 2 2 2 2 2 2 2 2 2 2 2 2 2 2 2 2 2 2 2
left_child=1 28 3 5 7 8 11 -4 9 12 -11 -6 13 14 15 -3 -16 18 19 21 -21 24 -22 -24 -18 26 -14 -8 -1 -30
right_child=-2 2 4 -5 6 -7 27 -9 -10 10 -12 -13 25 -15 16 -17 17 -19 -20 20 22 -23 23 -25 -26 -27 -28 -29 29 -31
leaf_value=0.0014737620716237935 -0.00015149779511486422 -0.015623805699380528 0.23657528658932736 0.23381667421262678 0.16692684085046683 0.16380628154587409 0.082064542753924358 0.067130506909115456 0.11279745561770077 0.23017941074464027 -0.00031320969412712134 0.034192876283569464 0.014736335895396163 0.22158323902221522 -0.0025443687520562207 0.28268493545709555 0.15547429468883867 0.29381695751056269 0.24604525024547477 0.37718491559381134 -0.026825353831639916 0.20097299818949799 0.28613766534219642 -0.00097388947912142951 -0.02600544385956699 -0.012558258758962796 0.3167122517507111 -0.041610323563697336 -0.016279924586215546 0.00054153484973949349
leaf_weight=3569.5012185592204 36605.529146647081 1.3948094286024564 1.5510767214000218 0.70010831020772357 2.022731112316249 1.1575370077043761 1.4717839267104862 1.658255413174629 1.775441139936446 0.88603142276406177 0.96315160766243935 2.7761179767549038 9.7664240207523072 0.54896293766796489 42.707085359841585 1.0424348739907143 0.72483614366501647 0.57819134183227916 0.50363947451114732 0.58323805965483266 2.0067981760948901 0.59346779808402139 0.88754343800246693 0.98734245821833611 9.7914065876975638 76.345346641726792 0.6785958372056492 4.1571460850536823 135.14840204734355 262.636444773525
leaf_count=65329 755543 53 31 23 31 30 31 33 36 27 26 41 315 19 1532 26 28 19 18 22 70 19 30 36 366 2385 22 79 4596 6869
internal_value=-8.61419e-06 0.00125611 0.0118394 0.00733044 0.0629634 0.00630028 0.0364769 0.149024 0.00510682 0.00384051 0.110127 0.0901407 0.00252267 0.0156561 0.0138269 0.111966 0.0097977 0.0414427 0.032367 0.0254573 0.093877 -0.00204015 0.0513089 0.134941 -0.0134969 -0.00691233 0.0343552 -0.00927333 0.000807256 -0.0051736
internal_weight=40741.1 4135.55 168.26 154.622 13.6371 153.922 10.4278 3.20933 152.765 150.989 1.84918 4.79885 149.14 62.3498 61.8008 2.43724 59.3635 16.6565 16.0783 15.5746 4.46492 11.1097 3.88168 1.87489 10.5162 86.7904 10.445 5.62893 3967.29 397.785
internal_count=837685 82142 5348 5102 246 5079 182 64 5049 5013 53 72 4960 2238 2219 79 2140 608 589 571 158 413 136 66 394 2722 337 110 76794 11465
is_linear=0
shrinkage=0.05


Tree=158
num_leaves=31
num_cat=0
split_feature=14 20 11 9 8 20 21 18 22 2 2 0 7 18 0 20 24 16 17 24 19 11 24 12 25 25 16 19 17 25
split_gain=2.89053 6.89012 6.74768 8.835 7.98287 13.7629 19.5066 6.60354 7.26535 6.45248 9.36296 12.5857 6.14802 7.75754 18.1416 16.0395 16.4223 7.81785 13.868 12.0223 7.15982 6.86595 10.876 6.49206 6.30567 6.11236 5.91013 9.02785 5.83549 5.6758
threshold=6.5000000000000009 0.041484042382918793 0.050260215400075865 0.28991596638655465 1.575014178292883 0.025339387268391123 0.051432940262870375 0.027908702975108685 2.5000000000000004 3.5000000000000004 4.5000000000000009 28.500000000000004 7987.0000000000009 0.054701142316647272 79.500000000000014 0.059315053192974622 20.500000000000004 16.500000000000004 0.030776515151515155 3.5000000000000004 0.050270554856825307 0.050168168696291163 15.500000000000002 2.5000000000000004 755.50000000000011 17203.500000000004 7.5000000000000009 0.056379968956065132 0.036038961038961044 1.0000000180025095e-35
decision_type=2 2 2 2 2 2 2 2 2 2 2 2 2 2 2 2 2 2 2 2 2 2 2 2 2 2 2 2 2 2
left_child=-1 2 -2 4 5 6 -4 8 -6 29 11 -11 13 14 15 17 20 -3 25 -20 -17 22 -15 24 -21 -19 27 -23 -24 -7
right_child=1 12 3 -5 7 9 -8 -9 -10 10 -12 -13 -14 21 -16 16 -18 18 19 23 -22 26 28 -25 -26 -27 -28 -29 -30 -31
leaf_value=5.6489340976232208e-05 -0.036392979998224211 -0.016489209097073711 0.27238018877690812 0.17591566082109633 0.18446662310000067 0.068464826439330093 -0.052288326026387326 -0.016783514858830947 -0.051934050294805557 0.22077075008965696 -0.051781942820779019 -0.051663177745452683 -0.0022395243001044817 -0.022470836657626864 0.2807116652820672 -0.051853403587003868 0.30608340164618847 -0.05153792096773601 0.28055567347857147 0.23910855989041188 0.14350787582337007 -0.052062155126881948 0.25204044848683416 -0.05211564291732268 0.043996725080083621 0.13301977948265828 -0.016295570225746767 0.16370771700023257 0.064950605321205127 -0.051809562052467055
leaf_weight=39788.285429453477 26.511136539280415 9.9389020306989639 1.2331078611314286 0.65121248178183933 0.8476104401051987 1.2472320254892091 0.74043645150959481 73.524826188571751 0.52714183554053307 1.283106651157141 1.1090286895632742 0.63310366123914708 790.43509446829557 1.6982552241534024 0.75217812974005838 0.86911156959831659 0.97713208571076382 2.6868000188842411 0.90112947486341033 0.68798889219760928 1.0187110695987938 0.83389471657574432 0.82304918207228162 0.77990850619971741 1.0401833616197107 0.53854981064796437 23.730210592970252 1.1579323299229143 0.84438181109726429 4.5933639761060476
leaf_count=804285 1055 334 38 17 34 39 20 2945 19 38 37 21 27435 53 27 29 29 100 26 25 29 25 29 24 30 16 728 31 22 145
internal_value=-8.67712e-06 -0.00273051 -0.0143274 -0.00755597 -0.00894949 0.0311555 0.150571 -0.0147534 0.09382 0.00457351 0.0638418 0.13076 -0.00117129 0.0159634 0.0397748 0.0304517 0.139692 0.011568 0.053599 0.123911 0.0535679 -0.000564693 0.0665908 0.0676307 0.121671 -0.0207216 -0.00935187 0.0733739 0.157299 -0.0261255
internal_weight=40740.9 952.615 112.901 86.3902 85.739 10.8394 1.97354 74.8996 1.37475 8.86584 3.02524 1.91621 839.713 49.2783 20.1906 19.4384 2.86495 16.5735 6.63456 3.40921 1.88782 29.0877 3.36569 2.50808 1.72817 3.22535 25.722 1.99183 1.66743 5.8406
internal_count=837685 33400 4408 3353 3336 338 58 2998 53 280 96 59 28992 1557 669 642 87 555 221 105 58 888 104 79 55 116 784 56 51 184
is_linear=0
shrinkage=0.05


Tree=159
num_leaves=31
num_cat=0
split_feature=8 18 18 10 0 8 20 24 9 9 19 19 10 22 19 24 17 24 11 19 6 7 24 22 0 8 24 0 11 7
split_gain=2.85556 6.95307 10.4852 8.14845 7.27825 6.08907 7.73359 6.91976 9.0891 31.0565 21.0256 7.31745 21.0196 6.73324 9.09552 9.71596 8.40611 14.0096 7.1388 7.41937 9.89537 6.1341 8.5628 6.05233 8.25005 13.7905 6.82126 7.34275 7.98122 8.25963
threshold=2.1966278771528782 0.078219126506024111 0.16843971631205676 0.049375097611238726 35.500000000000007 2.2533306213783546 0.049914288384186579 1.5000000000000002 0.0556420383022476 0.04522953066118534 0.037315450868965074 0.0395040742928209 0.039732617135141042 3.5000000000000004 0.045147640929978618 1.5000000000000002 0.17797888386123684 19.500000000000004 0.053860729432609229 0.043788213234344883 3.5000000000000004 13121.000000000002 5.5000000000000009 4.5000000000000009 67.500000000000014 2.2664457163570444 7.5000000000000009 80.500000000000014 0.050303548014050625 100904.50000000001
decision_type=2 2 2 2 2 2 2 2 2 2 2 2 2 2 2 2 2 2 2 2 2 2 2 2 2 2 2 2 2 2
left_child=-1 3 -3 5 -5 13 7 8 9 11 -11 -7 -13 14 16 -16 18 -18 19 -2 -21 22 -15 24 -8 -26 -27 -28 -29 -30
right_child=1 2 -4 4 -6 6 23 -9 -10 10 -12 12 -14 21 15 -17 17 -19 -20 20 -22 -23 -24 -25 25 26 27 28 29 -31
leaf_value=5.0799503613408957e-05 0.0044310444682591861 0.021365831539328139 -0.036728880470676704 -0.00808970478824627 -0.031751297938610486 -0.0093960503738545562 -0.003331492873304791 0.0084890131273181162 -0.02300795375839404 0.10489011242526976 0.45410931285638195 0.22499957649209057 -0.052211926310765322 0.14977058838781224 0.049184439811549525 -0.029229241904889937 0.024006940499899362 0.23493986932562569 -0.0367939763498078 0.029062008668315143 0.18626155571105429 -0.021259588764840548 -0.0012373964216929314 -0.022044955543116598 0.2015791678377172 -0.022307277071144455 -0.013272090791948979 0.18960708086799999 0.11565567454627779 -0.052344458821817111
leaf_weight=39934.964543069713 91.812468962743878 53.904688564129174 9.0742621757090074 154.89643060415983 41.129240348003805 4.6815581917762739 108.33568380959332 133.94462608918548 3.3583608232438555 0.94991452153772094 0.7890299130231142 1.4410490803420546 1.301346745342016 1.2345517333596934 4.4255392272025338 36.795426777563989 3.2249533440917721 1.0413812045007942 9.7825159672647697 4.9217925295233718 1.2566898912191389 83.992361187003553 3.918173536658287 36.335825391113758 1.1810890454798926 4.9713472817093116 2.5615250319242477 1.4442149102687833 1.7831813972443344 1.2406213972717521
leaf_count=817489 2479 985 174 3577 1013 132 2868 3483 75 23 19 35 33 29 105 934 72 21 266 131 32 2304 104 977 29 123 67 33 42 31
internal_value=-8.65971e-06 -0.00295568 0.0129953 -0.00430819 -0.0130543 -0.00117232 0.0035371 0.0118118 0.0473575 0.0731476 0.263345 0.0285968 0.0934546 -0.00708459 -0.000729175 -0.0208106 0.00665907 0.0754941 0.00393416 0.00800008 0.0610361 -0.018011 0.0349429 -0.0041407 0.00121298 0.0385616 0.0225179 0.0542186 0.0929112 0.0467277
internal_weight=40740.7 805.73 62.979 742.751 196.026 546.725 304.319 146.466 12.5213 9.1629 1.73894 7.42395 2.7424 242.406 153.261 41.221 112.04 4.26633 107.773 97.991 6.17848 89.1451 5.15273 157.853 121.518 13.182 12.0009 7.02954 4.46802 3.0238
internal_count=837685 20196 1159 19037 4590 14447 7970 3800 317 242 42 200 68 6477 4040 1039 3001 93 2908 2642 163 2437 133 4170 3193 325 296 173 106 73
is_linear=0
shrinkage=0.05


Tree=160
num_leaves=31
num_cat=0
split_feature=7 9 0 0 7 9 3 10 18 22 6 22 8 24 0 8 0 0 18 9 7 9 9 10 20 20 8 0 0 24
split_gain=2.76344 5.57043 6.6695 7.19383 12.6559 6.49153 6.35327 9.3288 10.7223 7.80138 9.99836 8.43521 6.84618 9.83621 15.8653 10.5663 16.6251 14.0439 6.73367 8.76609 6.39556 7.65263 14.9412 9.692 7.50881 9.62725 21.1349 22.3083 25.2309 20.0367
threshold=229291.00000000003 0.13691420331651047 88.500000000000014 95.500000000000014 238799.00000000003 0.14218328840970354 1.0000000180025095e-35 0.091153470185728266 0.12565789473684214 1.5000000000000002 3.5000000000000004 5.5000000000000009 1.887082625358649 19.500000000000004 83.500000000000014 1.8808007317820548 34.500000000000007 4.5000000000000009 0.029218423186921076 0.060698214191377713 231520.50000000003 0.0556420383022476 0.049088833540888339 0.052620887990848547 0.059973309230867196 0.053584021761031643 1.8116732992109206 31.500000000000004 45.500000000000007 21.500000000000004
decision_type=2 2 2 2 2 2 2 2 2 2 2 2 2 2 2 2 2 2 2 2 2 2 2 2 2 2 2 2 2 2
left_child=-1 2 6 -4 -5 -3 18 12 9 -9 11 -11 13 -8 15 20 17 -17 19 -2 21 22 -15 -24 25 -22 -27 -28 29 -29
right_child=1 5 3 4 -6 -7 7 8 -10 10 -12 -13 -14 14 -16 16 -18 -19 -20 -21 24 -23 23 -25 -26 26 27 28 -30 -31
leaf_value=0.00011422891915723607 0.010188279348570828 0.076193010313914289 -0.02348929696377898 -0.053323419449855552 0.069695507357827521 0.0066573722216228233 -0.00018477870382206551 0.097606204682653977 -0.0098333158249279389 -0.016614184267265349 0.12581349056403604 0.089971100441652643 -0.00545725986171089 0.028221119905985151 0.17014062963985926 0.16493138811737573 0.22286490538638348 -0.023824671618283149 -0.0044136558560939647 -0.026165842965164256 0.0050859059523357467 -0.0016305541162518638 0.081120523599606878 0.2707501028912625 -0.013650026764440144 0.0046633902798294668 0.03994544683230597 0.38786314322628723 0.016676371057547597 0.10029951914317026
leaf_weight=37409.551545281895 148.45878637675196 3.4407835043966761 59.790782171301544 3.305926498025654 5.6875142119824886 136.83633502945304 720.39753970783204 6.2257987782359185 11.278558086603878 7.8880267459899169 2.2029086537659159 2.4275368005037308 352.35602310113609 6.7904079630970973 1.5682924240827549 1.3780072573572386 1.4520395025610922 3.4590181279927492 1619.7563364403322 18.667079279199243 137.13016730733216 6.7824204768985501 1.4894424732774498 1.230477539822459 38.085257777944207 20.803168158978224 8.0735768303275091 1.5884128455072635 1.4392404109239576 0.97917692363262165
leaf_count=766107 3301 49 1325 62 111 2452 15511 90 180 127 29 38 8284 154 32 30 33 79 34693 387 2967 129 30 20 786 429 166 33 31 20
internal_value=-8.64955e-06 -0.00138868 -0.0018174 -0.0172181 0.0244746 0.00836298 -0.00147808 0.00113144 0.0286876 0.0518658 0.0291178 0.00846827 0.000497489 0.00269998 0.011648 0.0105705 0.0744905 0.0299495 -0.00342773 0.00612772 0.00877898 0.0389468 0.0678851 0.166908 0.00641705 0.0109123 0.0352095 0.0878118 0.18426 0.278198
internal_weight=40740.5 3330.97 3190.69 68.7842 8.99344 140.277 3121.91 1335.03 30.0228 18.7443 12.5185 10.3156 1305 952.647 232.249 230.681 6.28906 4.83703 1786.88 167.126 224.392 16.2927 9.51033 2.71992 208.099 170.014 32.8836 12.0804 4.00683 2.56759
internal_count=837685 71578 69077 1498 173 2501 67579 29198 464 284 194 165 28734 20450 4939 4907 142 109 38381 3688 4765 333 204 50 4432 3646 679 250 84 53
is_linear=0
shrinkage=0.05


Tree=161
num_leaves=31
num_cat=0
split_feature=14 8 16 25 20 8 25 14 8 16 24 8 10 18 9 18 4 24 19 8 2 8 8 9 14 20 10 8 18 24
split_gain=2.738 3.39176 2.81065 7.83389 16.5267 9.81312 8.85918 6.741 9.53149 5.07109 3.85959 2.87474 7.1318 18.7205 10.311 9.08186 10.8506 11.0137 20.4603 23.4279 10.3041 12.1718 23.422 11.8002 6.72202 17.2894 6.6478 6.45675 14.8102 9.69047
threshold=18.500000000000004 1.2206001792295977 38.500000000000007 6120.0000000000009 0.064314254716731509 1.9762463232116889 8233.0000000000018 13.500000000000002 2.0165666604052963 40.500000000000007 20.500000000000004 1.9813967401863188 0.12095088819226753 0.16843971631205676 0.20256410256410259 0.1180340557275542 1.5000000000000002 17.500000000000004 0.20294117647058826 2.1178871471450171 3.5000000000000004 2.0355005488489319 2.2022771497632081 0.051498711172493106 16.500000000000004 0.049914288384186579 0.13994288045695638 1.9759344456391033 0.071480709071949963 6.5000000000000009
decision_type=2 2 2 2 2 2 2 2 2 2 2 2 2 2 2 2 2 2 2 2 2 2 2 2 2 2 2 2 2 2
left_child=2 -2 11 7 5 6 -5 8 9 -4 -11 27 24 14 15 20 -17 26 19 -19 21 -14 23 -23 -13 -26 -18 -1 29 -29
right_child=1 -3 3 4 -6 -7 -8 -9 -10 10 -12 12 13 -15 -16 16 17 18 -20 -21 -22 22 -24 -25 25 -27 -28 28 -30 -31
leaf_value=8.5072330676189652e-05 0.062064577587837511 -0.021166292539302325 0.10577244331339174 0.16057315724802235 0.29511414193846242 0.20011979842344654 -0.037237328909947291 -0.042552368972212755 0.16426974936501865 -0.051563454937810241 0.072668039955508454 -0.0013138289320280315 -0.053411853671469972 -0.022163758442144247 -0.039704120495478723 0.19978129928510366 0.073307261677957397 0.054604476000275029 -0.025380221550079986 0.30300719081765976 -0.024007315749752817 0.065191751881258406 -0.053349973716967675 0.26223000328900298 0.28019471855527417 -0.017252136521813934 -0.01227992427894797 -0.0065278278800106867 0.044175373903977896 0.010486480977862247
leaf_weight=35033.80792871397 1.2925342284142995 23.098758607171476 0.9500641934573667 0.70359587483107988 0.715209076181054 0.751246703788638 2.8948692288249731 5.4235366564244032 1.1450003534555433 2.8190205981954937 0.80336860381066788 5231.6225548246875 1.622662633657457 19.004742152988911 3.5990442000329486 1.5728636942803884 4.267225079238413 1.8488528057932847 1.7280494756996629 1.9506997391581533 6.748814195394516 1.266350666061044 1.5587010458111761 1.8997886534780262 0.75311380997300092 1.3906367570161817 4.8446569796651602 134.71154919918627 24.575689489021897 220.94253282435238
leaf_count=708271 22 985 35 19 15 14 83 201 24 107 26 118871 28 343 61 23 64 31 26 28 117 23 28 33 30 48 83 2853 446 4747
internal_value=-8.6801e-06 -0.0167558 1.3524e-06 0.0208199 0.072378 0.0357543 0.0014399 -0.00261952 0.0352605 0.00295495 -0.0240116 -6.93717e-06 -0.00109464 0.0173466 0.0401645 0.0499722 0.0749878 0.06158 0.117261 0.182135 0.0190046 0.0647359 0.105312 0.183421 -0.00127756 0.0872429 0.0278018 0.000155407 0.00663592 0.00404195
internal_weight=40740.3 24.3913 40715.9 16.2059 5.06492 4.34971 3.59847 11.141 5.71745 4.57245 3.62239 40699.7 5285.68 51.9125 32.9077 29.3087 16.2123 14.6395 5.5276 3.79955 13.0963 6.3475 4.72484 3.16614 5233.77 2.14375 9.11188 35414 380.23 355.654
internal_count=837685 1007 836678 524 131 116 102 393 192 168 133 836154 119837 888 545 484 255 232 85 59 229 112 84 56 118949 78 147 716317 8046 7600
is_linear=0
shrinkage=0.05


Tree=162
num_leaves=31
num_cat=0
split_feature=22 19 10 10 18 10 9 18 9 17 11 8 12 9 7 24 8 8 10 10 8 10 10 8 3 7 20 20 20 22
split_gain=2.7116 6.09707 5.77144 11.6985 12.9161 7.59297 7.54841 6.62136 9.65148 12.3535 7.16985 6.92836 5.50619 8.56936 5.45903 8.72025 9.47301 11.4052 10.1623 16.2413 15.1891 9.55709 9.33781 17.9325 21.5677 9.13719 11.6894 10.5748 8.9717 11.9389
threshold=4.5000000000000009 0.11167800453514741 0.038056162574918978 0.037380314275242812 0.053973179007772536 0.042974346346704877 0.041612554112554122 0.025078616352201263 0.050784670534150624 0.0165390924002187 0.051963024990569533 1.8548386691062224 3.5000000000000004 0.056007935021206497 125194.50000000001 20.500000000000004 1.5552434610482579 1.9762463232116889 0.049978111963743119 0.049717663997660332 1.5400539389416557 0.04627348680327991 0.048997275447764534 2.014170707103335 1.5000000000000002 246849.00000000003 0.049914288384186579 0.049914288384186579 0.062824529146289526 5.5000000000000009
decision_type=2 2 2 2 2 2 2 2 2 2 2 2 2 2 2 2 2 2 2 2 2 2 2 2 2 2 2 2 2 2
left_child=1 -1 3 6 -5 -4 -3 10 -9 -10 11 -8 -7 -14 -2 -16 18 -18 19 20 25 -19 23 24 -23 27 -27 -17 29 -22
right_child=14 2 5 4 -6 12 7 8 9 -11 -12 -13 13 -15 15 16 17 21 -20 -21 28 22 -24 -25 -26 26 -28 -29 -30 -31
leaf_value=0.00033510191551352434 -0.001731995530695204 -0.016282287880943339 -0.03254470058718005 0.031450516687950708 0.23176282302180828 -0.00456293998270674 0.13187418677471086 0.13671360186436629 -0.02162285546839041 0.12179096969740573 -0.0085312764862491529 -0.0088120692342209435 -0.0060152629909418342 0.15144139552178393 -0.0005769738091134152 -0.012007604573006861 -7.9664364567954508e-05 -0.00059029745930207873 0.0059033262861509228 0.20216710286708423 0.0054468744918392585 0.052623214421937008 0.021127188509217371 0.022073645818472078 0.30446283528517953 0.19639849169672177 0.0067458435132990591 0.034084036610584081 0.22751175430386136 0.13785801988099522
leaf_weight=30121.827503691427 5714.0141986953095 20.531462319195271 24.524339070543647 2.3605415895581241 1.2209920324385164 715.65363717451692 3.7696519680321243 1.3193600866943587 12.649654632434247 1.7038350347429503 2.2524214535951614 1.1396989803761242 2.141727239824831 1.4485313873738048 3195.6281696259975 22.855439586564898 634.95009670965374 48.824437031522393 97.503669507801533 1.3669455144554365 3.4074386917054644 1.8981300257146343 64.442955481819808 5.9712129142135382 1.5398176591843364 1.5915374737232917 1.6598181948065756 27.318721996620297 1.0673200562596319 3.4020839054137468
leaf_count=626031 113536 448 513 48 18 12540 63 29 252 30 46 26 60 27 65960 395 12815 1187 1538 23 63 40 1230 131 34 23 30 463 18 68
internal_value=-8.66814e-06 0.000221331 -0.00411272 0.0128898 0.0997396 -0.00518594 0.00571705 0.0254975 0.00729698 -0.00459888 0.0653275 0.0992141 -0.00425308 0.0575124 -0.000732137 0.00065678 0.00495251 0.00261686 0.0160002 0.0317095 0.0279085 0.0165736 0.0279208 0.0744497 0.165419 0.018352 0.0995807 0.0130883 0.0927265 0.0716004
internal_weight=40740 30912.5 790.716 46.9476 3.58153 743.768 43.3661 22.8346 15.6728 14.3535 7.16177 4.90935 719.244 3.59026 9827.44 4113.43 917.8 757.627 160.173 62.6693 61.3024 122.677 73.8521 9.40916 3.43795 53.4255 3.25136 50.1742 7.87684 6.80952
internal_count=837685 640131 14100 960 66 13140 894 446 311 282 135 89 12627 87 197554 84018 18058 15437 2621 1083 1060 2622 1435 205 74 911 53 858 149 131
is_linear=0
shrinkage=0.05


Tree=163
num_leaves=31
num_cat=0
split_feature=25 11 8 25 8 22 7 22 24 25 17 16 25 24 18 9 19 2 7 7 11 3 18 8 24 8 19 24 24 20
split_gain=2.7249 4.42622 8.94324 9.49568 8.29902 10.8227 7.7994 8.72169 10.7319 7.50406 10.9319 18.05 8.36837 7.10494 7.24763 6.91118 12.7044 12.7216 11.0885 9.74713 12.3258 7.64994 9.19028 9.50509 26.9628 7.36687 7.14244 10.1522 11.8492 8.15954
threshold=786214.00000000012 0.050260215400075865 1.8324162270420492 22838.500000000004 2.3836119250524006 1.5000000000000002 251790.50000000003 4.5000000000000009 16.500000000000004 27961.500000000004 0.10471491228070177 6.5000000000000009 26183.500000000004 13.500000000000002 0.083507670850767088 0.070467677862044067 0.056379968956065132 1.5000000000000002 211886.00000000003 54588.500000000007 0.050168168696291163 1.0000000180025095e-35 0.055921076958922712 1.8684164430639456 17.500000000000004 1.9442422488021405 0.060205760478717694 10.500000000000002 5.5000000000000009 0.061641261331145773
decision_type=2 2 2 2 2 2 2 2 2 2 2 2 2 2 2 2 2 2 2 2 2 2 2 2 2 2 2 2 2 2
left_child=1 2 -1 4 6 -6 15 -8 -9 10 -5 12 -12 -11 -15 -4 -17 18 19 20 -18 22 -19 24 -24 -21 29 28 -28 -25
right_child=-2 -3 3 9 5 -7 7 8 -10 13 11 -13 -14 14 -16 16 17 21 -20 25 -22 -23 23 26 -26 -27 27 -29 -30 -31
leaf_value=0.0025392246491855357 0.00039894979989577853 -0.00083025159271190609 -0.0086990636604206677 0.011908028462556607 0.2688426002923674 0.018618625464938889 0.014321403175560177 0.24992488130589369 0.0071088457508307855 -0.0042449406282632669 -0.014933979809705136 0.27173865238710826 0.1214382858577891 0.0056134429428867016 -0.031369756464924292 -0.010396879604404363 0.032741859889530218 -0.039829953038635284 0.25613297746598046 -0.034133350883704089 0.26637029847467653 -0.0095726047469610193 0.0065389631568974803 0.030541153562402942 0.32966733356654904 0.090884211682333682 0.0030164557812412114 -0.053424129199334827 0.17976620390963971 0.12815904471457923
leaf_weight=3056.4046914018691 20435.80680606328 15493.394425360486 669.42221399117261 29.561228904873133 0.62109025008976404 1.4204170126467941 6.0312488907948127 0.99477134086191632 0.83872009441256523 416.72451078332961 2.5851428546011439 1.0790541525930164 1.9915902093052862 484.5916823586449 13.619608988985417 68.274599441327155 1.1627778671681872 3.9771260358393219 0.80783092416822899 2.71025594137609 1.0973194409161806 22.147738669067621 1.6897667758166819 7.2213394865393656 1.0447349175810812 2.084800498560071 3.5796981863677484 4.6564850667491555 1.2899058852344749 3.0425810627639294
leaf_count=70541 357072 363683 20687 795 18 48 190 36 24 9531 46 25 34 11237 268 2049 26 104 20 69 27 566 40 181 22 47 82 113 30 74
internal_value=-8.64728e-06 -0.000418889 0.000905957 -0.00193963 -0.00593837 0.0947446 -0.00619463 0.0433525 0.13885 0.0014445 0.0240931 0.0877808 0.0444092 0.000572732 0.00460243 -0.00668528 0.00411771 0.0216533 0.0806618 0.0605699 0.146173 0.012116 0.0302415 0.0426139 0.129992 0.0202219 0.0305403 -0.00063921 0.0498356 0.0594785
internal_weight=40739.9 20304.1 4810.67 1754.27 804.115 2.04151 802.074 7.86474 1.83349 950.153 35.217 5.65579 4.57673 914.936 498.211 794.209 124.787 56.5124 7.86298 7.05515 2.2601 48.6494 26.5016 22.5245 2.7345 4.79506 19.79 9.52609 4.8696 10.2639
internal_count=837685 480613 116930 46389 24453 66 24387 250 60 21936 900 105 80 21036 11505 24137 3450 1401 189 169 53 1212 646 542 62 116 480 225 112 255
is_linear=0
shrinkage=0.05


Tree=164
num_leaves=31
num_cat=0
split_feature=11 0 0 18 19 20 7 7 7 7 7 19 25 18 24 24 8 24 25 19 9 19 19 7 24 19 9 7 7 20
split_gain=2.74918 4.213 5.09446 8.03033 8.95608 12.5945 8.51163 13.1378 9.78423 11.7942 11.3368 20.9076 18.0262 9.03972 8.18816 13.3664 13.6165 7.41611 10.9881 11.6673 10.926 10.6435 14.9035 6.87743 6.44733 12.0615 7.55317 6.18811 6.07961 6.89562
threshold=0.051963024990569533 92.500000000000014 85.500000000000014 0.060324313109187268 0.049049681222182132 0.029218423186921076 13121.000000000002 139674.50000000003 89536.500000000015 14570.000000000002 98011.500000000015 0.060817742726934583 35.500000000000007 0.058647079521463766 14.500000000000002 5.5000000000000009 1.6854848363788231 9.5000000000000018 166.50000000000003 0.059529120270056281 0.085744172145845801 0.064473884317071947 0.073223296888141304 219807.00000000003 4.5000000000000009 0.059529120270056281 0.062140066969727119 214874.00000000003 71887.500000000015 0.050168023074089317
decision_type=2 2 2 2 2 2 2 2 2 2 2 2 2 2 2 2 2 2 2 2 2 2 2 2 2 2 2 2 2 2
left_child=-1 2 -2 4 23 -6 -7 8 9 -8 11 -10 -12 24 15 -11 -17 20 19 -19 -9 -20 -23 27 25 -14 -26 -4 -16 -30
right_child=1 -3 3 -5 5 6 7 17 10 14 12 -13 13 -15 28 16 -18 18 21 -21 -22 22 -24 -25 26 -27 -28 -29 29 -31
leaf_value=-0.00033976448384436274 0.00045043328230427216 -0.01168065261992866 0.0036564305144323249 -0.012319077485558281 0.16037011888118979 -0.025640592765242998 0.15525137362629268 -0.044926418914192828 0.25884646704417036 0.0043516870676698436 0.21845547880709734 -0.010341478276934636 0.2102132482914183 0.15061960848450662 -0.024379081621225061 0.21235891381940483 0.055721986896035559 0.25600005588787728 -0.019386368491217255 0.0044822542971620248 0.088776925182792246 0.21588929052668535 0.0069638382123738424 -0.041296930601420451 -0.030063040491477035 -0.014134791082079335 0.067464116024442772 0.12041383829395105 -0.017496420490504625 0.14358419847450318
leaf_weight=24691.943155124784 15761.764851449989 70.666471585631371 70.068155134096742 39.036220770329237 1.6410526074469078 8.9832577425986511 1.6751311924308527 12.097195057198407 1.9218130894005327 12.08647493645549 1.4671992603689421 1.1547492723911998 1.1369542572647326 1.4684163071215142 12.024306528270243 1.6896177995949964 7.7581086754798889 0.97111855074763187 10.309914859011768 0.87788342125713825 1.7488710563629855 1.299178879708051 2.4886995796114206 8.8037340492010099 6.4149601571261865 1.2664035279303787 2.8749999888241291 1.1535078957676876 1.3971336632966989 1.2668238785117862
leaf_count=517259 314506 1631 1585 731 34 162 28 235 36 219 26 21 20 25 219 27 136 23 191 23 27 23 46 198 117 22 42 24 26 23
internal_value=-8.64103e-06 0.000500851 0.000554731 0.00819791 0.0127473 0.0230429 0.020655 0.0255251 0.0398806 0.0255445 0.0705663 0.15781 0.0522183 0.0336871 0.0195461 0.0391795 0.0837347 -0.00126692 0.021978 0.136582 -0.0280386 0.00694704 0.0786218 0.000394006 0.019003 0.0919973 0.000119067 0.00554744 -0.00923802 0.0591042
internal_weight=40739.5 16047.5 15976.8 215.082 176.046 96.0203 94.3792 85.396 55.6031 37.8976 17.7055 3.07656 14.6289 13.1617 36.2225 21.5342 9.44773 29.7929 15.9468 1.849 13.8461 14.0978 3.78788 80.0254 11.6933 2.40336 9.28996 71.2217 14.6883 2.66396
internal_count=837685 320426 318795 4289 3558 1751 1717 1555 987 678 309 57 252 226 650 382 163 568 306 46 262 260 69 1807 201 42 159 1609 268 49
is_linear=0
shrinkage=0.05


Tree=165
num_leaves=31
num_cat=0
split_feature=4 16 17 0 14 11 10 20 9 19 19 9 20 19 8 16 18 17 25 18 19 16 11 16 17 12 17 7 25 7
split_gain=2.65889 6.91688 13.7442 9.88847 6.65948 11.1094 14.9224 8.1663 7.92811 10.2745 18.6541 11.2943 7.66171 17.0977 16.277 7.67431 12.9036 7.46241 15.707 28.0055 12.9361 6.74174 6.58686 5.76408 11.6711 7.11841 7.00962 24.3673 11.1332 9.48415
threshold=1.5000000000000002 9.5000000000000018 0.26969696969696971 51.500000000000007 1.5000000000000002 0.053601648584168347 0.048220415174446384 0.092688048873615897 0.040474128852589462 0.050270554856825307 0.050131299108944073 0.042049857500261127 0.049732870165627635 0.054912584558347029 1.8023984420214438 10.500000000000002 0.053218970946005535 0.10912698412698414 38.500000000000007 0.058495085230807521 0.16064516129032261 46.500000000000007 0.050168168696291163 9.5000000000000018 0.028991596638655467 3.5000000000000004 0.031754032258064523 167229.50000000003 520.50000000000011 25913.500000000004
decision_type=2 2 2 2 2 2 2 2 2 2 2 2 2 2 2 2 2 2 2 2 2 2 2 2 2 2 2 2 2 2
left_child=1 -1 3 4 5 12 -7 8 -6 10 11 -10 13 14 -3 16 -14 20 19 -19 -11 -13 -20 -2 -25 26 27 29 -29 -26
right_child=23 2 -4 -5 7 6 -8 -9 9 17 -12 21 15 -15 -16 -17 -18 18 22 -21 -22 -23 -24 24 25 -27 -28 28 -30 -31
leaf_value=0.0007693607644070938 -7.5450144391145774e-06 0.3339346475452063 0.10736117957229674 0.176852998433945 -0.015738792360821246 0.27801612393563019 0.037967184414944288 0.18400765228425506 0.22162147195446635 -0.0085031479013214072 0.24561993555206843 0.019683354931394424 -0.052125910175821515 -0.052225737788218055 0.04413138791292847 -0.035730412349569481 0.17617999523237118 0.32578113728654712 0.11617391489150108 0.0072983435669188293 0.15888839991724557 0.18419311337315519 -0.010578162593976731 -0.0065597146033423304 0.16796296064565977 -0.018437985539866083 0.0027230213654943747 0.38495740756913976 0.097920429633244904 -0.036572590562601225
leaf_weight=3969.6569840060547 34935.826565180905 0.90659004449844305 3.6264934539794913 0.87249491177499194 37.409905326552689 1.0601231046020978 1.6629817169159649 0.63420760072767635 0.73156206123530765 65.843985934741795 1.0090444572269905 31.48585609998554 1.1707197930663809 1.3552693016827104 1.0407040342688558 6.0843447502702475 1.3130092453211544 1.1830444075167172 1.1740864980965842 1.6571123879402874 1.1747788712382305 0.63533846475183864 8.0697801522910577 970.37410883884877 0.68307998962700267 40.380538314580917 647.57402092870325 0.68659352324902989 0.6650221161544323 3.3283262252807617
leaf_count=76794 699663 26 37 23 1324 29 43 17 25 2147 35 1060 32 36 31 167 34 22 22 36 23 21 158 35580 24 1345 18768 23 21 119
internal_value=-8.62373e-06 0.00119243 0.0110657 0.00896798 0.00808346 0.0403368 0.13142 0.00496644 0.00421133 0.0108181 0.0338654 0.0273615 0.0194425 0.0841436 0.179053 -0.00549657 0.0685667 0.00095218 0.0371186 0.13996 -0.00556892 0.0229373 0.00552093 -0.000144475 -0.00301986 0.00193455 0.00319448 0.0601219 0.243729 -0.00174337
internal_weight=40739.3 4139.76 170.101 166.475 165.602 14.5937 2.7231 151.009 150.374 112.965 33.8618 32.8528 11.8706 3.30256 1.94729 8.56807 2.48373 79.1028 12.084 2.84016 67.0188 32.1212 9.24387 36599.5 1663.69 693.318 652.937 5.36302 1.35162 4.01141
internal_count=837685 82142 5348 5311 5288 398 72 4890 4873 3549 1141 1106 326 93 57 233 66 2408 238 58 2170 1081 180 755543 55880 20300 18955 187 44 143
is_linear=0
shrinkage=0.05


Tree=166
num_leaves=31
num_cat=0
split_feature=20 24 20 8 18 7 19 16 14 20 8 6 22 8 18 9 9 7 8 18 20 9 7 8 3 24 20 20 9 20
split_gain=2.65282 4.43311 6.53535 6.42895 7.83979 6.38004 7.39613 6.58939 7.50958 7.86846 6.34843 6.3915 6.30946 11.6907 6.06365 7.20952 11.6663 7.2211 9.77886 6.77952 7.78398 6.00788 10.9307 15.2238 16.0947 9.61642 9.38035 8.21022 7.93694 8.53327
threshold=0.03132570101211217 10.500000000000002 0.029218423186921076 2.2462391387218887 0.046865782487780221 13121.000000000002 0.037315450868965074 1.5000000000000002 1.0000000180025095e-35 0.024316670223360367 2.1293907659134983 3.5000000000000004 3.5000000000000004 2.275417567541274 0.057874628518303807 0.095445134575569371 0.098538198890311582 106895.00000000001 1.6580773927781713 0.047434836531818216 0.029826035385983992 0.037826481944129013 230421.50000000003 1.7027821288869618 1.0000000180025095e-35 15.500000000000002 0.025339387268391123 0.012232530300763133 0.039763458660170344 0.016997303543913714
decision_type=2 2 2 2 2 2 2 2 2 2 2 2 2 2 2 2 2 2 2 2 2 2 2 2 2 2 2 2 2 2
left_child=1 5 3 21 12 6 7 8 10 -10 11 -1 -5 -14 15 -4 -17 -18 -19 20 -20 22 -3 24 -24 27 -25 -23 -29 -30
right_child=-2 2 14 4 -6 -7 -8 -9 9 -11 -12 -13 13 -15 -16 16 17 18 19 -21 -22 25 23 26 -26 -27 -28 28 29 -31
leaf_value=0.0084944944390038211 7.829648577252485e-05 -0.0072439046660695327 -0.0081626050184236895 -0.0092815502262273246 0.19345477019627746 -0.005455520748673023 -0.0027785111709046637 -0.012321819872622479 0.018075293742799346 0.17004424154696918 0.13697605069750593 0.10807989518394567 0.19014854333168665 0.010017487467392656 -0.047475189907874776 0.19265115171283195 -0.031735574590423428 0.16868626472532144 0.087307178495938706 0.11202370092403476 -0.052876540669880359 -0.042342281362965598 -0.0040199973780623913 0.045023688506586036 0.25373776287907268 0.0021876479176855504 -0.030809652493576242 0.15056634137933059 0.069766193897176754 0.016973115433834472
leaf_weight=12.194868098944429 38929.559169066139 218.68396318890154 175.26927812490612 4.6188896382227504 0.8043788708746441 855.44648437947035 38.958308272063732 6.3049378599971524 1.382921896874904 2.2176595963537693 1.3040973916649807 1.8564912900328643 1.4392064400017264 2.4075688067823648 9.0020937919616681 1.0184622621163715 4.7476397659629566 1.3542279303073881 1.4312639590352771 1.5182271935045717 3.2137874644249678 4.8617142904549828 1.0329756941646366 10.264137897640468 1.4638557396829126 358.30257375258952 6.7660655835643402 1.2305264826863993 8.5694940257817489 71.665704323910177
leaf_count=254 792396 6257 4450 121 11 21818 868 204 24 34 18 35 30 63 188 22 104 29 34 34 70 111 26 277 24 8212 195 28 187 1561
internal_value=-8.68745e-06 -0.00188023 0.000636093 0.00292563 0.0442847 -0.00431447 0.0108851 0.0319575 0.0466852 0.111676 0.0314461 0.0216519 0.0301111 0.0774105 -0.00738502 -0.005471 0.0300432 0.0165407 0.0470293 0.0202981 -0.00968221 0.00236415 -0.00404336 0.0317996 0.1471 0.00579698 0.0148953 0.0207775 0.0245444 0.0226117
internal_weight=40738.9 1809.33 889.666 692.111 9.27004 919.666 64.2193 25.261 18.956 3.60058 15.3555 14.0514 8.46566 3.84678 197.555 188.553 13.2836 12.2651 7.51751 6.16328 4.64505 682.841 238.211 19.527 2.49683 444.63 17.0302 86.3274 81.4657 80.2352
internal_count=837685 45289 22034 17103 225 23255 1437 569 365 58 307 289 214 93 4931 4743 293 271 167 138 104 16878 6779 522 50 10099 472 1887 1776 1748
is_linear=0
shrinkage=0.05


Tree=167
num_leaves=31
num_cat=0
split_feature=7 6 8 15 0 22 10 18 11 11 10 6 8 19 0 11 7 25 8 20 19 25 22 8 25 9 20 8 20 25
split_gain=2.64236 5.40041 8.86016 7.88428 8.20695 6.94964 9.05681 10.9395 13.7506 6.61417 7.56299 6.50534 10.4025 8.24136 6.31701 17.9033 7.66461 8.0572 6.54227 6.13085 9.28994 8.17229 11.0901 12.6684 10.0616 9.07815 8.86721 14.6669 13.1701 6.04799
threshold=229291.00000000003 2.5000000000000004 1.4495421108679336 0.87500000000000011 33.500000000000007 1.0000000180025095e-35 0.087609649122807026 0.095311355311355331 0.050303548014050625 0.053601648584168347 0.077058029689608662 3.5000000000000004 1.7618319981651027 0.055228219368274913 11.500000000000002 0.050343962067630442 238799.00000000003 346437.50000000006 1.5102425125215306 0.061196351190263031 0.059298973615914512 330530.00000000006 1.5000000000000002 1.8747296645150644 7784.5000000000009 0.048219192559712541 0.065198243508897358 1.8310903690545395 0.075644073418841232 77.500000000000014
decision_type=2 2 2 2 2 2 2 2 2 2 2 2 2 2 2 2 2 2 2 2 2 2 2 2 2 2 2 2 2 2
left_child=-1 2 -2 9 11 6 -4 8 -8 10 29 12 -5 -14 -12 18 -17 -18 -16 -11 21 22 23 24 -21 -23 27 -27 -28 -3
right_child=1 3 5 4 -6 -7 7 -9 -10 19 14 -13 13 -15 15 16 17 -19 -20 20 -22 25 -24 -25 -26 26 28 -29 -30 -31
leaf_value=0.00011152956334839031 0.0096065892033290416 0.010825725986558881 0.0042851256211710207 -0.03271071835913103 0.094722182990252979 -0.0022605338681249598 -0.013864075251164546 0.0071286450896309323 0.18942384218790809 -0.014885649419000205 0.00077129882933615684 -0.041389120399324512 0.022476053205442 0.19724262176657403 0.046312326829657129 0.19295706196386136 -0.0013999798111051032 0.14920681810691797 -0.028954062764768519 0.049929219821183882 -0.024764883398857063 -0.0087239736442548295 -0.029956343354387349 -0.052378870069524269 0.28156275817622867 0.25946995273270795 -0.018443397344874171 0.028948782117447981 0.15924969809236789 -0.0051733901366682001
leaf_weight=37409.796907539479 216.24699350446463 65.152523154392838 321.31947793625295 2.3036550004035217 3.9328447878360739 1774.4471455495805 1.2552908286452278 4.8990937583148479 2.4658869318664074 223.02186812274158 20.9750687610358 3.807880524545908 1.3178446106612685 1.3819248676300047 5.4248760305345076 2.0230141226202241 1.8457342013716698 1.7115100882947445 6.1717502232640982 0.98054150864482037 13.983339596539734 3.4013252630829811 8.7748881261795741 1.109814492985606 0.89833376929163933 1.5960311777889731 2.8490349128842354 1.215514577925205 1.6447684839367864 632.59778418391943
leaf_count=766107 3353 1962 7000 34 46 38777 21 75 40 4933 341 55 23 19 74 33 28 23 116 28 262 68 194 28 22 25 47 21 27 13903
internal_value=-8.58944e-06 -0.00135853 -3.11507e-05 -0.00441408 0.034664 -0.00102153 0.00564198 0.0562184 0.120847 -0.00491441 -0.00249421 0.00785756 0.045337 0.111933 0.0191827 0.0416654 0.115253 0.071062 0.00625539 -0.0117784 0.00723179 0.0271435 -0.0016236 0.0815622 0.160679 0.0587502 0.0901658 0.159809 0.0465937 -0.00367947
internal_weight=40738.6 3328.76 2320.63 1008.12 12.7441 2104.39 329.94 8.62027 3.72118 995.378 735.902 8.81131 5.00342 2.69977 38.152 17.1769 5.58026 3.55724 11.5966 259.475 36.4536 22.4703 11.7636 2.98869 1.87888 10.7067 7.30535 2.81155 4.4938 697.75
internal_count=837685 71578 49266 22312 177 45913 7136 136 61 22135 16480 131 76 42 615 274 84 51 190 5655 722 460 272 78 50 188 120 46 74 15865
is_linear=0
shrinkage=0.05


Tree=168
num_leaves=31
num_cat=0
split_feature=7 16 3 1 20 20 16 10 18 8 20 9 10 24 7 9 9 24 8 8 19 19 0 19 25 18 2 25 25 3
split_gain=2.64941 10.5776 15.0139 6.83563 12.0646 8.9915 6.8268 7.49149 11.6626 14.3083 5.75383 6.0767 10.4445 7.93563 8.55706 7.42957 17.1674 17.2236 7.2928 28.6532 18.8158 21.9796 10.6191 10.4973 15.4492 11.5521 8.14396 7.90094 17.2625 19.327
threshold=2378.5000000000005 28.500000000000004 -1.0000000180025095e-35 1.5000000000000002 0.087129054520358878 0.067711845591391498 8.5000000000000018 0.047247891024229501 0.055680130406217498 1.8023984420214438 0.014134452102687047 0.029473814842392657 0.050199688782907495 22.500000000000004 1915.5000000000002 0.0330042793230889 0.03234524847428074 17.500000000000004 1.7027821288869618 1.6737352619109311 0.04306191874377515 0.061368559355136541 28.500000000000004 0.050270554856825307 30511.500000000004 0.053006248218511208 2.5000000000000004 135.50000000000003 59.500000000000007 1.0000000180025095e-35
decision_type=2 2 2 2 2 2 2 2 2 2 2 2 2 2 2 2 2 2 2 2 2 2 2 2 2 2 2 2 2 2
left_child=1 3 -3 4 6 10 -1 -8 9 -9 -5 12 -12 14 -14 16 -13 -18 19 27 -21 22 23 -22 -25 -26 -20 28 -17 -30
right_child=-2 2 -4 5 -6 -7 7 8 -10 -11 11 15 13 -15 -16 18 17 -19 26 20 21 -23 -24 24 25 -27 -28 -29 29 -31
leaf_value=-0.015193374258655674 4.5845339839886537e-05 -0.011970384298342036 0.2511832574260679 0.092967639779274497 0.14091666073394046 -0.024136198011897422 -0.051597073780106029 0.042158379002334351 0.0043956188883767051 0.27980716212633489 -0.026994728733876427 0.015223181518711829 0.025224799056974931 0.13124537713011489 -0.044387146088693111 0.0085505382427187096 0.052948495556484391 0.33128340627112207 -0.01915962160405546 0.27774844287721429 -0.033802501755367496 0.22243037792164883 0.15297433148754624 0.21587135737699656 0.10362103486975532 -0.053700542708433802 0.0016008373115435676 -0.00078380526978037474 0.22896480752333004 0.0049246355208637039
leaf_weight=168.82657700404525 40010.687835861929 1.2014594823122027 0.98752418346702953 1.7023247182369221 1.2840223442763079 37.61499054171145 2.2051969654858095 1.5844250097870829 4.4311257768422365 1.0551693961024282 45.302968867123127 14.00796950235963 16.644050411880023 1.3569301571696986 6.0082939844578496 13.879983711987736 1.4230535943061107 0.91203342750668515 63.386694012209773 1.057977071031927 5.1408907733857614 1.8113122843205918 1.69402191415429 1.3032512944191692 2.2276282273232937 2.4504993371665478 185.43509788811207 138.65727844275534 2.1311306711286302 1.7556076440960167
leaf_count=3386 823296 33 25 31 21 694 80 43 130 33 1121 318 354 28 134 321 34 22 1253 21 95 31 28 30 37 39 3659 2286 53 49
internal_value=-8.52555e-06 -0.00299887 0.106747 -0.00333009 -0.0117978 -0.000547564 -0.0128988 0.0288636 0.0539575 0.137158 0.00119807 0.000889688 -0.012865 0.0137964 0.00676097 0.00306993 0.036146 0.16166 0.00178572 0.00969894 0.0741241 0.0593965 0.0363551 0.0185929 0.0636259 0.0212128 -0.00368783 0.00323864 0.0346311 0.127768
internal_weight=40738.2 727.479 2.18898 725.291 179.387 545.904 178.102 9.27592 7.07072 2.63959 508.289 506.587 69.3122 24.0093 22.6523 437.274 16.3431 2.33509 420.931 172.11 15.6856 14.6276 12.8163 11.1223 5.98138 4.67813 248.822 156.424 17.7667 3.88674
internal_count=837685 14389 58 14331 3693 10638 3672 286 206 76 9944 9913 1637 516 488 8276 374 56 7902 2990 281 260 229 201 106 76 4912 2709 423 102
is_linear=0
shrinkage=0.05


Tree=169
num_leaves=31
num_cat=0
split_feature=2 14 7 20 11 18 10 16 18 16 8 24 19 16 0 20 16 19 18 6 19 8 20 19 10 20 1 18 9 24
split_gain=2.61855 5.28246 5.64316 5.62798 7.20489 5.15078 9.03944 10.6632 20.3132 11.9875 7.86066 7.04155 12.4875 9.17196 17.6037 14.4008 8.75742 17.5419 24.0023 8.08008 8.87137 8.23849 12.9519 7.81119 8.71501 9.13667 12.0475 11.5196 14.458 14.5245
threshold=4.5000000000000009 9.5000000000000018 251790.50000000003 0.073346462366107895 0.053601648584168347 0.057127082553725901 0.054885672216995848 19.500000000000004 0.051613510865976188 20.500000000000004 2.1966278771528782 3.5000000000000004 0.051303277296654785 8.5000000000000018 45.500000000000007 0.050168023074089317 10.500000000000002 0.055689824171213147 0.04913649855846388 1.0000000180025095e-35 0.039128456699766591 1.7454524393965982 0.016997303543913714 0.051810450560557379 0.049978111963743119 0.045171006607073461 1.5000000000000002 0.052131513618168653 0.05573882498440013 15.500000000000002
decision_type=2 2 2 2 2 2 2 2 2 2 2 2 2 2 2 2 2 2 2 2 2 2 2 2 2 2 2 2 2 2
left_child=-1 5 3 -3 -5 6 11 10 -9 -10 -8 12 19 -14 16 -16 17 -15 -19 21 -21 22 -2 24 -13 26 27 28 -26 -30
right_child=1 2 -4 4 -6 -7 7 8 9 -11 -12 23 13 14 15 -17 -18 18 -20 20 -22 -23 -24 -25 25 -27 -28 -29 29 -31
leaf_value=-0.00020635753043641878 0.19301090507202434 -0.020455661776588793 0.10686333771748605 -0.0019550184903245646 0.16930550155019397 -0.00085972671120661606 0.0054804099340277244 0.2965589236004883 0.18512828738681131 -0.0038234495808134477 -0.038159858290050273 0.0021503635531197147 0.0032771547874123571 -0.05206406328711366 0.068007414859359558 0.37532132621120629 -0.019901490593999399 0.36039984089779514 0.0024856370043913681 -0.0051853849484522832 -0.022154847170672693 -0.0079995036845134249 0.012727049918727624 -0.002111657085406993 0.045032402848718206 0.0082468888253071707 0.01768360732979982 -0.011268693462417117 0.098072273112801492 0.30237962180894007
leaf_weight=32764.951815241016 1.0147702321410168 51.621169024147093 0.94034529104828735 1.9620693102478974 0.89390905760228623 2702.8561397027224 1284.9364889767021 0.86089490540325542 1.0520296599715946 4.1530723292380571 10.402212942019103 1980.6334010772407 238.34861223585904 1.3236559499055132 0.83450748212635495 0.70178699214011431 4.7131737358868122 0.95958027429878689 0.91515131294727325 159.18551443330944 149.21077154763043 99.886973311193287 54.53731806948781 971.88192800153047 3.5885561443865281 215.11390616931021 24.787115691229701 2.3830230347812176 1.987250490114093 1.5471673645079134
leaf_count=677814 19 2190 27 52 18 49510 22996 26 31 132 240 44579 4624 38 26 21 155 20 25 3735 3387 2348 1028 19682 84 4247 512 48 41 30
internal_value=-8.60961e-06 0.000804009 -0.0145793 -0.0166756 0.0516488 0.000911679 0.00182978 0.00543968 0.0715773 0.0343665 0.00512996 0.000629352 -0.00386944 0.00519235 0.0535086 0.20839 0.0234332 0.0872916 0.185684 -0.00871056 -0.0133957 0.00058489 0.0160203 0.00162922 0.00325954 0.0120679 0.0360364 0.0838917 0.115728 0.187506
internal_weight=40738.2 7973.23 55.4175 54.4771 2.85598 7917.82 5214.96 1301.4 6.066 5.2051 1295.34 3913.55 711.632 247.796 9.44786 1.53629 7.91156 3.19839 1.87473 463.835 308.396 155.439 55.5521 3201.92 2230.04 249.407 34.2931 9.506 7.12297 3.53442
internal_count=837685 159871 2287 2260 70 157584 108074 23425 189 163 23236 84649 15426 4909 285 47 238 83 45 10517 7122 3395 1047 69223 49541 4962 715 203 155 71
is_linear=0
shrinkage=0.05


Tree=170
num_leaves=31
num_cat=0
split_feature=10 20 22 10 20 8 16 17 8 8 22 9 19 7 18 18 0 25 7 18 9 18 19 8 8 0 10 9 16 25
split_gain=2.6527 6.48161 8.05218 6.926 8.90994 10.8994 9.90668 11.3702 11.2074 12.1722 10.4594 11.9817 13.5988 8.57745 7.91417 11.7628 17.0501 21.7246 7.94124 7.87866 9.72503 7.64129 7.56584 8.75421 8.62112 12.8839 12.4806 10.9478 7.3733 13.9344
threshold=0.060006858710562418 0.067711845591391498 4.5000000000000009 0.060377177297195446 0.061010600287113206 2.0987754679710329 17.500000000000004 0.04210992907801419 1.9786996863998649 1.7027821288869618 2.5000000000000004 0.062140066969727119 0.062075685431226484 1915.5000000000002 0.067834956668456181 0.064063477173233283 4.5000000000000009 262579.50000000006 144045.50000000003 0.079169515089600517 0.093121797398502182 0.058860703027419269 0.25543478260869573 2.234622994038741 2.2462391387218887 6.5000000000000009 0.10026455026455028 0.13363095238095241 43.500000000000007 310.50000000000006
decision_type=2 2 2 2 2 2 2 2 2 2 2 2 2 2 2 2 2 2 2 2 2 2 2 2 2 2 2 2 2 2
left_child=-1 3 -3 4 5 13 -6 10 9 -9 11 12 -8 -2 15 -15 18 -18 -17 20 28 -11 23 -21 26 27 -25 -26 -5 -30
right_child=1 2 -4 19 6 -7 7 8 -10 21 -12 -13 -14 14 -16 16 17 -19 -20 22 -22 -23 -24 24 25 -27 -28 -29 29 -31
leaf_value=-0.00023321026402439764 -0.020318230376360227 0.0071244485039615229 -0.0044862977039794886 -0.0012678485038207519 -0.00194598126895878 -0.019502129819800065 -0.051482973144464678 0.23008580359229433 0.23499060354978676 0.16029351876283265 -0.05145339782749634 0.21411334519635783 0.18118641601214314 0.0046490898581350261 -0.04202826839038179 -0.053309484689811143 0.36659277294941361 0.039163620083365963 0.10754331305201539 0.0025389395859714745 -0.0092130551740687398 0.0032997131665701077 -0.010532128360852011 0.17247952461976901 0.024749573198615538 -0.033448041172218994 -8.385391910766015e-05 0.1339588814673722 -0.051955482064543812 0.24658361285297359
leaf_weight=31102.160904265009 34.959036702290177 723.45038394071162 188.1633938588202 3118.6705831475556 1240.8114201482385 49.27457308024168 2.333699186332526 0.88586668483912845 1.0440095644444225 0.935701373964548 4.7434259364381433 0.94132757745683182 0.85922246612608422 2275.0350668150932 9.0498083513230068 2.0046221744269128 0.95481619983911548 1.0791430100798605 1.2431534156203268 1404.9918204331771 432.57718605548143 4.514929536730051 110.16616928949952 2.3962496221065548 10.820507211610677 7.5364787913858882 1.8619738928973673 2.9125130586326113 0.73359739966690429 0.83661819808185101
leaf_count=663213 675 12525 3265 58070 22372 1012 88 25 28 23 181 35 30 41610 180 38 24 18 23 24411 7498 127 1732 34 182 145 30 41 24 26
internal_value=-8.63433e-06 0.000716246 0.00472791 0.000297056 0.0019657 0.00376826 -0.00143789 0.0373388 0.0831979 0.0581883 -0.000786345 0.0573464 0.0111289 0.00426158 0.00463692 0.00482212 0.0793526 0.192871 0.00826026 -0.000892361 -0.00218733 0.0302506 0.00209383 0.00306617 0.0320838 0.0190827 0.0970235 0.0479108 -0.00121331 0.107108
internal_weight=40737.9 9635.79 911.614 8724.17 3630.67 2373.6 1257.07 16.2582 7.38051 6.3365 8.87768 4.13425 3.19292 2324.33 2289.37 2280.32 5.28173 2.03396 3.24778 5093.5 3552.82 5.45063 1540.69 1430.52 25.5277 21.2695 4.25822 13.733 3120.24 1.57022
internal_count=837685 174472 15790 158682 66489 43580 22909 537 203 175 334 153 118 42568 41893 41713 103 42 61 92193 65618 150 26575 24843 432 368 64 223 58120 50
is_linear=0
shrinkage=0.05


Tree=171
num_leaves=31
num_cat=0
split_feature=14 20 20 10 16 20 18 11 16 18 7 18 14 25 16 7 17 2 15 8 0 20 20 24 10 19 0 18 7 7
split_gain=2.63503 3.08434 12.9356 4.3748 3.52478 5.14255 4.59227 2.55327 5.67405 8.62802 5.35011 6.1257 4.60373 20.8543 4.78219 6.47406 4.5458 4.56196 4.50658 5.38583 3.86494 4.99922 8.56425 7.1675 4.78894 7.88607 4.15364 6.9169 8.11239 11.5646
threshold=18.500000000000004 0.060452338359315107 0.0612871791464576 0.061024906501153824 53.500000000000007 0.044319386418906287 0.10546176762661372 0.051963024990569533 38.500000000000007 0.025078616352201263 156648.50000000003 0.063473595227042559 16.500000000000004 22838.500000000004 27.500000000000004 3028.5000000000005 0.03883861236802414 3.5000000000000004 0.10620300751879701 1.778487186341198 92.500000000000014 0.062121833424457817 0.063385861922724954 4.5000000000000009 0.073205084163517703 0.074146412037037049 85.500000000000014 0.060324313109187268 11603.000000000002 139674.50000000003
decision_type=2 2 2 2 2 2 2 2 2 2 2 2 2 2 2 2 2 2 2 2 2 2 2 2 2 2 2 2 2 2
left_child=7 4 -3 -4 -2 -6 -7 -1 12 -10 11 -11 14 16 20 -16 -14 -18 -17 -20 26 24 -23 -24 -22 -26 -9 28 -28 -30
right_child=1 2 3 -5 5 6 -8 8 9 10 -12 -13 13 -15 15 18 17 -19 19 -21 21 22 23 -25 25 -27 27 -29 29 -31
leaf_value=-0.00031819059698923023 -0.035579065585864218 0.16615581937743493 -0.051343748198513256 0.085024526754234581 0.12894875982234158 -0.051447224411004133 0.1044421038312357 0.00044668131244562633 0.17588837286342768 -0.051975627807633207 0.11353313863555835 0.079754875448823273 -0.033351552410534273 0.29978640384097094 0.10633516133911187 -0.037743703326403755 -0.0081041944565486048 0.13823065206429855 -0.052264373597346751 0.082342037421247891 -0.019334227735845717 0.14774153940691109 0.089480172512551484 -0.030558788883368562 0.095486345013316667 -0.052573983450138528 -0.026445679801563732 -0.011782764112330694 0.024750657490645544 -0.0026123461899052523
leaf_weight=24667.55016723834 15.778072939254349 1.1434985157102335 3.1023312453180556 0.72570337541401375 0.82725320570170824 1.9769575828686359 0.62076945416629303 15725.123599451035 1.0914509873837221 2.5923584941774611 1.1988575290888546 1.3380198106169698 2.7512357300147405 0.70631099864840496 0.93164229765534656 18.276652527973059 1.0819284096360209 1.048957942984998 1.2519890591502183 1.8283504303544758 58.801449210382998 1.2370788250118483 1.7361038532108066 4.3831475637853146 2.3397953938692804 1.4608345124870536 13.00953511148691 38.572479415684938 103.70874144136906 61.519541058689356
leaf_count=516504 709 28 139 18 27 79 7 313115 25 84 30 16 111 11 19 729 24 26 35 33 1428 19 28 83 40 33 257 731 2015 1282
internal_value=-8.63751e-06 -0.0165113 0.0185891 -0.0254916 -0.0255986 0.0203793 -0.0141949 1.16133e-06 0.000492102 0.0482355 0.0210722 -0.00713057 0.000473586 0.0458473 0.000457772 -0.0226863 0.00910915 0.0639311 -0.0283145 0.0276319 0.000489988 -0.0112366 0.0277545 0.00349768 -0.0158184 0.0385769 0.000541448 0.00741484 0.0115694 0.0145626
internal_weight=40737.7 24.1746 4.97153 3.82803 19.2031 3.42498 2.59773 40713.5 16046 6.22069 5.12924 3.93038 16039.8 5.58843 16034.2 22.2886 4.88212 2.13089 21.357 3.08034 16011.9 69.9584 7.35633 6.11925 62.6021 3.80063 15941.9 216.81 178.238 165.228
internal_count=837685 1007 185 157 822 113 86 836678 320174 155 130 100 320019 172 319847 816 161 50 797 68 319031 1631 130 111 1501 73 317400 4285 3554 3297
is_linear=0
shrinkage=0.05


Tree=172
num_leaves=31
num_cat=0
split_feature=8 18 18 10 0 6 25 9 9 10 3 22 19 8 7 2 18 8 20 20 7 10 14 25 25 9 20 11 18 8
split_gain=2.58086 5.4525 8.85516 7.261 6.90704 5.76538 7.87357 6.295 10.4882 5.74819 8.97647 10.8853 7.8536 5.73115 8.79659 9.64574 13.0368 15.6776 11.8429 7.7472 10.0366 8.25257 8.81056 7.65486 7.5064 16.8389 8.00845 7.30636 9.80088 10.0841
threshold=2.1966278771528782 0.078219126506024111 0.16843971631205676 0.049375097611238726 42.500000000000007 1.0000000180025095e-35 69.500000000000014 0.037826481944129013 0.020895708582834332 0.057123434009905806 1.5000000000000002 2.5000000000000004 0.06091328432714789 2.3224458556717349 28529.500000000004 3.5000000000000004 0.034515851479250785 2.3013102123349882 0.016997303543913714 0.049914288384186579 128079.50000000001 0.041351134511721205 1.0000000180025095e-35 110.50000000000001 222203.50000000003 0.056025176400516845 0.030330086580086586 0.051963024990569533 0.020695146057544477 2.3431290457384018
decision_type=2 2 2 2 2 2 2 2 2 2 2 2 2 2 2 2 2 2 2 2 2 2 2 2 2 2 2 2 2 2
left_child=-1 3 -3 13 5 6 7 8 -5 -8 -11 -12 -13 14 15 16 -2 23 -17 20 -15 22 24 -18 25 -22 -26 -28 -29 -30
right_child=1 2 -4 4 -6 -7 9 -9 -10 10 11 12 -14 19 -16 18 17 -19 -20 -21 21 -23 -24 -25 26 -27 27 28 29 -31
leaf_value=4.7975810021369973e-05 -0.010652614050624849 0.018415540438521935 -0.035845233787878489 0.015013975871036547 -0.031403428963838319 -0.00099499864907086626 -0.045586674984395857 -0.0027660031755624842 0.30010466620394483 -0.023821876574976072 -0.027348229800870441 0.040678309176308686 0.23331646046807883 0.004233859664325758 -0.006548390348562025 0.14862891399176092 0.17485814228019897 0.20924449186590485 -0.0093829711637172519 -0.0031609305634657855 0.046240353371886193 -0.034052906045738823 0.0037959154472001094 0.037334142248063328 -0.052428162090230018 0.30115454587945245 0.030401433901310324 0.24172063082218787 0.16517231282529171 0.019083497733427296
leaf_weight=39934.124468393624 8.4405402736738342 55.898185736499727 8.6876904051750881 0.7501374110579484 38.22529208380729 104.65643921773881 21.925973053090274 2.0302450228482485 0.5660390080884099 20.644043074920777 1.9679056126624335 1.0691247396171095 1.0474302638322113 31.685248442925513 371.94336195569485 1.2340853754431034 1.1028975555673213 1.7155979266390211 30.317723637446761 64.071224415674806 1.521114660426979 2.7229669950902453 5.3709903238341203 12.258302969858049 1.3596530016511685 1.1284315809607504 4.8143795449286682 1.1877026632428167 2.0599000435322523 2.7693518064916134
leaf_count=817489 236 985 174 27 975 2458 532 60 17 438 41 22 20 792 9999 26 38 39 802 1668 38 67 164 304 32 21 106 24 38 53
internal_value=-8.46438e-06 -0.0028147 0.0111167 -0.00403294 -0.0123717 -0.00766775 -0.0216344 0.0524494 0.137621 -0.0269483 -0.0104222 0.0573036 0.13601 -0.00108556 -0.00378703 0.0148635 0.0391018 0.0669561 -0.00320265 0.00863349 0.0224688 0.0476615 0.0586703 0.048686 0.0785301 0.154807 0.0619523 0.0763104 0.113044 0.0813972
internal_weight=40737.3 803.172 64.5859 738.586 192.883 154.657 50.0009 3.34642 1.31618 46.6545 24.7285 4.08446 2.11656 545.703 427.013 55.0691 23.5173 15.0768 31.5518 118.691 54.6197 22.9345 20.2115 13.3612 14.8405 2.64955 12.191 10.8313 6.01695 4.82925
internal_count=837685 20196 1159 19037 4590 3615 1157 104 44 1053 521 83 42 14447 11444 1445 617 381 828 3003 1335 543 476 342 312 59 253 221 115 91
is_linear=0
shrinkage=0.05


Tree=173
num_leaves=31
num_cat=0
split_feature=16 25 24 7 8 8 19 19 22 20 18 18 11 9 10 20 9 10 25 7 20 20 14 20 11 2 21 24 11 9
split_gain=2.56221 5.45103 5.70697 5.35606 7.43206 16.0421 8.45683 12.7649 8.40674 18.4802 10.4291 12.5664 7.61064 10.4112 12.0637 11.4984 26.0185 7.16723 7.55224 6.79669 8.47212 24.5269 10.4633 6.63252 6.34117 9.10597 5.88907 7.49156 11.6111 6.0163
threshold=4.5000000000000009 222203.50000000003 18.500000000000004 1915.5000000000002 1.7219218375107521 1.6553344784890123 0.061446595966291075 0.069467984934086638 4.5000000000000009 0.032295314013260829 0.031298981191222576 0.045153259269174149 0.053753974982820023 0.080145985401459868 0.050705519807035561 0.051719042960789115 0.056007935021206497 0.05596184985497963 192761.50000000003 1598.5000000000002 0.046042188805346711 0.043503836317135551 1.0000000180025095e-35 0.039375616022680714 0.050303548014050625 2.5000000000000004 0.051432940262870375 21.500000000000004 0.053601648584168347 0.10392824996785395
decision_type=2 2 2 2 2 2 2 2 2 2 2 2 2 2 2 2 2 2 2 2 2 2 2 2 2 2 2 2 2 2
left_child=3 -2 -3 4 5 12 26 -8 -6 10 -10 -12 23 14 -14 16 -16 18 -17 20 21 22 -11 -1 -22 -26 -7 28 -28 -30
right_child=1 2 -4 -5 8 6 7 -9 9 19 11 -13 13 -15 15 17 -18 -19 -20 -21 24 -23 -24 -25 25 -27 27 -29 29 -31
leaf_value=-0.053317022480385404 -0.0012005636563490302 -0.0086672790093569128 0.076306681355844064 0.00020242940900251616 -0.014824675285939691 -0.019662526280885294 0.19037164396700809 0.023401502227463865 0.23681243431548382 -0.027326053901142667 -0.00076283536685637341 0.17709960591077359 -0.044837159391060782 0.15574370943489946 -0.012291127784387576 -0.015526777291541713 0.22121188458978583 -0.026900722680495898 0.14903857688644115 -0.036154675852957424 -0.032423909804315157 0.25258983060930673 0.15724512583628114 -0.0056167591238935454 -0.039094580720834174 0.02504112583581309 -0.0061311612336696596 0.10847879139207291 0.052794870999792354 0.17081065928907924
leaf_weight=7.7287634890526524 4536.0400499831885 3.4551407732069475 4.6154290549457073 35715.354717864655 222.63140875659883 6.0038373470306423 2.048752572387456 2.5939224045723677 1.0319239310920227 3.9150317832827559 2.8959895763546228 1.51133232191205 5.8759444262832465 1.4052346311509598 2.4104661718010894 1.322147121652959 2.3619950637221336 5.5521813668310642 1.4748760983347893 12.014902127906678 12.295977922156451 1.3099964149296282 0.95520306564867485 127.63247377425432 7.2248713709414032 23.65243704803288 11.68342437036336 3.0832808054983607 5.6418002005666485 1.3355564363300798
leaf_count=142 141895 94 78 686631 4475 119 33 44 19 79 71 26 105 19 39 24 36 87 20 263 262 29 27 2081 148 457 214 51 96 21
internal_value=-8.41352e-06 -0.00112752 0.039928 0.000132093 -0.00512782 0.00260817 0.0346242 0.0970833 -0.0101567 0.00539881 0.0937298 0.0602287 -0.00404945 0.024418 0.014704 0.0413668 0.103275 0.00597986 0.0712489 -0.0024302 0.00577987 0.0605334 0.00887404 -0.00834032 -0.00205806 0.0100342 0.0241738 0.0362776 0.024348 0.0753846
internal_weight=40737.1 4544.11 8.07057 36192.9 477.594 188.155 32.3906 4.64267 289.439 66.8077 5.43925 4.40732 155.764 20.4028 18.9976 13.1217 4.77246 8.3492 2.79702 61.3684 49.3535 6.18023 4.87023 135.361 43.1733 30.8773 27.7479 21.7441 18.6608 6.97736
internal_count=837685 142067 172 695618 8987 3131 578 77 5856 1381 116 97 2553 330 311 206 75 131 44 1265 1002 135 106 2223 867 605 501 382 331 117
is_linear=0
shrinkage=0.05


Tree=174
num_leaves=31
num_cat=0
split_feature=2 9 9 19 22 19 10 10 24 7 8 18 19 24 8 6 20 8 10 18 8 8 20 10 10 24 18 18 25 18
split_gain=2.55471 7.11437 8.63892 6.60797 8.30197 6.8296 7.37617 6.42052 11.3701 6.40095 6.26861 7.70022 8.58912 6.55697 6.02499 8.70305 5.80666 9.34396 8.76239 7.99323 6.23262 7.69476 6.99506 6.28977 9.03249 5.59958 5.10162 7.98492 5.05031 4.90013
threshold=5.5000000000000009 0.073554003541215843 0.068972198651691422 0.34848484848484856 3.5000000000000004 0.18898809523809526 0.031381341774377923 0.046682737086117344 15.500000000000002 86520.500000000015 1.575014178292883 0.060139073727158938 0.036737953967529512 15.500000000000002 2.1328256086649078 2.5000000000000004 0.049907189624989308 2.2183798271810837 0.031381341774377923 0.061833846905907111 2.176661246656598 2.1518185817355966 0.054587861779015472 0.057482111939272627 0.042745193576547498 6.5000000000000009 0.038498451380971625 0.050012632642748876 159953.00000000003 0.054127382735630163
decision_type=2 2 2 2 2 2 2 2 2 2 2 2 2 2 2 2 2 2 2 2 2 2 2 2 2 2 2 2 2 2
left_child=-1 2 3 5 9 14 -7 8 -4 -5 13 12 -12 -9 -2 16 18 20 -16 -19 21 22 -18 24 -22 -13 -20 -28 -11 -3
right_child=1 29 7 4 -6 6 -8 10 -10 28 11 25 -14 -15 15 -17 17 19 26 -21 23 -23 -24 -25 -26 -27 27 -29 -30 -31
leaf_value=-6.2001987586121868e-05 0.0028658447259550146 0.0018331881287217628 0.1833763627619997 0.16423920147966206 -0.018300076074830109 0.063356839225057887 -0.04840407847440005 0.014634336571882681 0.004968165734113259 0.10965723059480165 0.08231972445262703 0.13398687304661083 -0.053708459251951016 0.13962998314234518 0.18778797590655671 -0.028273489044647149 0.019201532391049221 -0.044417598508375095 -0.023413893994487473 0.087925344412457376 0.060241883436695155 -0.03739694231815973 0.17588392004183762 -0.011446952302901936 0.20797917520196668 0.0039006954196853117 0.14602179805138313 -0.014877370561163328 -0.020806985155221145 -0.020304923059700365
leaf_weight=40003.642811646685 562.88202671986073 48.93658852763474 1.8839133214205532 1.814880497753619 2.7866629268974066 1.708872141316532 10.850401880219577 2.1469342745840541 1.6979456711560486 1.4975171312689783 1.458900049328802 1.5911668986082079 5.6728555429726839 2.0519680716097355 1.4432947281748116 6.1274126134812823 2.0662903767079137 6.0479182954877606 1.6680039241909979 1.4062159359455106 2.6077985316514969 3.1355152511969209 1.0871306657791135 1.1786879170686004 1.7149617578834293 1.7230544127523897 2.0039929579943423 1.2533414252102373 1.4698588363826273 51.093059616163373
leaf_count=823708 10881 920 24 23 47 32 224 28 29 20 20 24 101 27 23 142 38 136 33 23 47 59 18 22 31 27 38 19 21 900
internal_value=-8.40346e-06 0.00291672 0.00487491 0.00386911 0.0502989 0.00329033 -0.0331974 0.0387984 0.0988037 0.0902722 0.0241223 0.0033824 -0.025882 0.0757187 0.004061 0.0252558 0.0380615 0.0243662 0.0794455 -0.0194512 0.0520686 0.0180676 0.0732172 0.0909365 0.118853 0.0663554 0.0476974 0.0841118 0.0450331 -0.0094745
internal_weight=40736.6 733.007 632.978 614.751 7.56892 607.182 12.5593 18.2267 3.58186 4.78226 14.6449 10.446 7.13176 4.1989 594.623 31.7406 25.6132 19.2445 6.36863 7.45413 11.7904 6.28894 3.15342 5.50145 4.32276 3.31422 4.92534 3.25733 2.96738 100.03
internal_count=837685 13977 12157 11877 111 11766 256 280 53 64 227 172 121 55 11510 629 487 374 113 159 215 115 56 100 78 51 90 57 41 1820
is_linear=0
shrinkage=0.05


Tree=175
num_leaves=31
num_cat=0
split_feature=22 19 19 21 10 8 7 6 7 18 14 12 2 18 0 0 20 20 18 19 18 24 24 8 18 10 8 11 10 3
split_gain=2.50943 5.56746 5.45872 6.59304 6.21801 6.03939 6.83021 9.86631 10.2308 9.77472 18.7864 16.8236 8.94312 8.70706 15.4604 10.9682 15.5638 20.802 13.3775 7.68578 6.19652 10.4349 5.80817 13.7236 10.224 10.0296 20.7104 10.8974 10.9672 18.6716
threshold=4.5000000000000009 0.11167800453514741 0.10034722222222224 0.10818713450292398 0.1526806526806527 2.1604813465608923 117373.00000000001 2.5000000000000004 118662.50000000001 0.041542359183949565 3.5000000000000004 1.0000000180025095e-35 5.5000000000000009 0.034036983402027411 42.500000000000007 10.500000000000002 0.050168023074089317 0.051008581457617823 0.041134908703584397 0.077108881456707565 0.20344827586206901 12.500000000000002 11.500000000000002 2.2284418219736888 0.066815476190476203 0.050199688782907495 1.6553344784890123 0.050260215400075865 0.038454692335076819 1.0000000180025095e-35
decision_type=2 2 2 2 2 2 2 2 2 2 2 2 2 2 2 2 2 2 2 2 2 2 2 2 2 2 2 2 2 2
left_child=1 -1 4 22 5 20 -7 8 -8 10 13 -12 19 -10 15 16 18 -18 -15 -11 -2 -22 23 25 -25 26 27 -4 -29 -30
right_child=2 -3 3 -5 -6 6 7 -9 9 12 11 -13 -14 14 -16 -17 17 -19 -20 -21 21 -23 -24 24 -26 -27 -28 28 29 -31
leaf_value=0.00032144624415712472 -0.00069677809105032635 -0.0039362665123608004 0.032493952416518 0.030722755360533219 -0.02637472010805629 -0.016763461776540579 0.18170065658273604 -0.024002487883951342 -1.6096048638144418e-05 -0.020726101931467907 0.05205368784785859 0.37682376690190283 0.13169273466735718 -0.0094215646236801998 -0.052275082928301901 0.19878488502870678 0.28242543022497835 -0.0058881373601782352 0.21522066962756564 0.062663872704427567 0.14160799941947141 0.0045361880804593606 -0.0015564198998078856 -0.0044617406757525672 0.19155292566563326 0.00302433524907916 0.0017380877006331825 0.28832329054033451 0.018481969777091458 0.26160786931489288
leaf_weight=30126.596473176964 9214.9415020328015 787.87252584006637 2.9076190106570747 24.081031229346991 23.946803553029895 125.15392667427659 0.85465830564498801 30.092342412099242 23.935901467688382 34.730323278345168 0.92730841413140186 0.69959058705717325 1.0821496676653612 5.8562145270407182 2.9088470740243784 1.5920762103050936 1.4865825902670624 1.0802466496825216 0.74728939682245243 3.0019565597176543 2.0478911381214848 4.3118603173643351 201.43867067992687 1.0449494104832404 1.8308021612465379 94.682481200434268 11.950654935091732 1.1705601923167703 2.0847038067877297 1.2712523285299537
leaf_count=626031 184991 14100 52 228 414 3261 22 806 645 861 27 25 22 163 76 39 33 28 18 57 35 77 3612 26 31 1659 264 21 36 25
internal_value=-8.2626e-06 0.000212936 -0.000704489 0.00549709 -0.000928534 -0.000864089 -0.00879412 0.000356666 0.00964684 0.00776279 0.0253625 0.19171 -0.0100272 0.0181662 0.0500002 0.077643 0.0566114 0.161089 0.0160002 -0.0140916 -0.000662728 0.0486744 0.00358913 0.0124525 0.120328 0.00973287 0.0424998 0.108026 0.156544 0.110579
internal_weight=40736.3 30914.5 9821.86 342.463 9479.4 9455.45 234.149 108.995 78.9031 78.0485 39.2341 1.6269 38.8144 37.6072 13.6713 10.7624 9.17033 2.56683 6.6035 37.7323 9221.3 6.35975 318.382 116.943 2.87575 114.067 19.3848 7.43414 4.52652 3.35596
internal_count=837685 640131 197554 5954 191600 191186 6083 2822 2016 1994 1054 52 940 1002 357 281 242 61 181 918 185103 112 5726 2114 57 2057 398 134 82 61
is_linear=0
shrinkage=0.05


Tree=176
num_leaves=31
num_cat=0
split_feature=25 25 25 11 15 11 21 11 8 20 16 19 9 10 0 8 20 8 7 8 11 10 10 8 11 7 19 10 19 9
split_gain=2.49184 4.13264 16.3117 8.23296 10.641 8.28296 7.68341 7.97014 8.01282 10.7847 16.0794 10.9625 10.8689 13.1073 7.59632 7.4948 7.42718 12.1827 7.2479 7.03991 7.39951 7.00419 15.7163 14.3792 12.0207 6.57187 11.6869 6.56285 5.96049 6.70645
threshold=786214.00000000012 1.0000000180025095e-35 50.500000000000007 0.050303548014050625 0.63333333333333341 0.050260215400075865 0.46428571428571436 0.053860729432609229 1.7164172829911466 0.057605613730168863 1.0000000180025095e-35 0.055063888174256073 0.068972198651691422 0.057773351040283312 50.500000000000007 1.7048043448004966 1.0000000180025095e-35 1.9022983952547345 800.50000000000011 2.0165666604052963 0.053753974982820023 0.053579145573527602 0.054885672216995848 1.8795197596158675 0.053657989013283586 249715.50000000003 0.053482632950383704 0.096930786094581903 0.060817742726934583 0.05573882498440013
decision_type=2 2 2 2 2 2 2 2 2 2 2 2 2 2 2 2 2 2 2 2 2 2 2 2 2 2 2 2 2 2
left_child=1 3 -3 5 6 14 7 16 9 15 -11 -12 13 -13 -1 -9 17 -5 -7 -8 -21 -6 -23 -24 -25 -16 -27 28 29 -10
right_child=-2 2 -4 4 21 18 19 8 27 10 11 12 -14 -15 25 -17 -18 -19 -20 20 -22 22 23 24 -26 26 -28 -29 -30 -31
leaf_value=0.002567997380187642 0.00038135110388193012 -0.0099943398534383474 -0.00044168284016683372 -0.018544030205528094 0.0048305584682286689 0.11416668514440953 0.013603474928445967 -0.0045884074130724921 -0.021885614642078565 -0.028501890782119649 0.032735409151234171 0.25280308751179387 0.29641198740335856 0.0274205449714396 -0.017688888666830781 0.12644765580843903 0.0033294332074079963 0.18428097110032199 -0.0088598046371853988 0.032737285972054476 0.14039857037295814 0.1942596615179536 3.4446868626973323e-05 0.032532225575183732 0.18427877111111382 0.23851442623473484 -0.052036806149791483 0.098680587930364716 -0.035398871751589497 0.00083429945030257142
leaf_weight=646.40110437572002 20440.845669042319 459.01846195757389 16898.378590494394 1.4848341755568975 11.984738558530809 1.2012571841478337 60.581322651356459 45.69794037565589 58.027278921566904 3.9532071650028211 3.5281142853200436 0.98367100022733289 1.0015505142509935 1.8740568254142997 63.740409782156348 1.11793035827577 1556.8490394260734 1.4766219537705181 351.69222624506801 5.4278273060917845 2.2606862410902977 1.806481927633288 9.1645929887890798 2.7756292894482604 2.4632700718939304 0.68833876587450393 0.69608566537499428 1.3151343129575241 25.915960071608424 73.775276167318225
leaf_count=16342 357072 17691 390155 40 216 31 770 1035 1680 63 91 26 21 43 1757 28 39045 36 8896 61 27 25 132 33 26 20 20 24 579 1700
internal_value=-8.31109e-06 -0.000400768 -0.000694304 0.00133348 0.00332858 -0.00217806 0.00286279 0.00223039 -0.00674338 0.009138 0.0528856 0.0964384 0.154675 0.105 0.000928169 -0.00145936 0.00347991 0.0825873 -0.00844102 0.0193234 0.0643934 0.0338135 0.0552418 0.0378062 0.103882 -0.0153481 0.0924259 -0.012551 -0.0134785 -0.00916835
internal_weight=40736.1 20295.3 17357.4 2937.88 1873.47 1064.42 1845.27 1777 217.19 58.1565 11.3406 7.38739 3.85928 2.85773 711.526 46.8159 1559.81 2.96146 352.893 68.2698 7.68851 28.1947 16.21 14.4035 5.2389 65.1248 1.38442 159.034 157.719 131.803
internal_count=837685 480613 407846 72767 45701 27066 45269 44411 5290 1307 244 181 90 69 18139 1063 39121 76 8927 858 88 432 216 191 59 1797 40 3983 3959 3380
is_linear=0
shrinkage=0.05


Tree=177
num_leaves=31
num_cat=0
split_feature=6 21 22 9 24 7 19 4 10 19 1 1 18 20 6 10 19 21 8 9 12 10 24 7 24 10 14 20 10 11
split_gain=2.45868 8.45887 6.90105 12.1592 8.95757 8.32289 14.0604 7.68644 6.93158 6.17448 7.9367 5.89088 16.357 9.45687 10.9845 9.62367 9.55963 8.30974 14.1087 12.7297 11.511 9.16818 23.9056 8.87826 9.30929 9.16959 8.76742 8.5376 9.96024 9.92165
threshold=1.0000000180025095e-35 0.38750000000000007 5.5000000000000009 0.0330042793230889 4.5000000000000009 105623.00000000001 0.058251111993750222 2.5000000000000004 0.038955157161678904 0.034073318322544337 1.5000000000000002 1.5000000000000002 0.062417108753315652 0.012232530300763133 3.5000000000000004 0.083472686733556303 0.062554347826086973 0.051432940262870375 1.5290111834436664 0.080145985401459868 2.5000000000000004 0.029361054766734281 4.5000000000000009 46265.000000000007 14.500000000000002 0.017301245210727973 1.0000000180025095e-35 0.059625885906820032 0.067974916801892257 0.053657989013283586
decision_type=2 2 2 2 2 2 2 2 2 2 2 2 2 2 2 2 2 2 2 2 2 2 2 2 2 2 2 2 2 2
left_child=1 -1 8 4 -4 -6 -7 -5 -3 10 -10 12 -2 14 -13 16 -15 18 19 -18 21 22 -20 27 25 -25 -21 -19 29 -29
right_child=11 2 3 7 5 6 -8 -9 9 -11 -12 13 -14 15 -16 -17 17 23 20 26 -22 -23 -24 24 -26 -27 -28 28 -30 -31
leaf_value=0.00036644606811038857 -0.00049021529926168608 -0.026323319300613941 -0.016793652723912759 0.030352728163103707 0.034752200463341522 0.21512480428832881 0.061193535325543329 -0.014218496921265547 0.1160254399960997 0.0063485373265021391 -0.0098578611779004035 0.027384815694726568 -0.0071907840391510535 0.00031869282227734439 -0.028328133034245834 0.0067749539105672989 0.014230618376464447 -0.014258971970736348 0.31598966210975576 0.12325893870254312 0.044412819087832199 -0.0030400225688650196 -0.0039056838147523325 0.15602240474499976 -0.0065890090842782153 0.0010879161264938629 0.028235539869606759 -0.0041059308349075405 -0.041750995669398355 0.027849273078301536
leaf_weight=12507.411448933184 5816.1899966262281 16.130717607215047 2.5413943640887728 22.957728121429682 4.3134192489087564 2.54795041680336 3.5509517304599285 16.715868841856718 2.9138308502733699 225.82061496190727 2.1955869868397713 57.337213378399611 1079.9024187661707 17914.47348949872 10.461510725319384 524.00622057728469 77.153204042464495 359.99876220524311 0.81388763710856382 4.7766562402248365 13.520958985202013 427.35142203979194 2.067759720608592 0.95616030134260555 730.88251892011613 773.06899819709361 4.9357573930174112 83.614509142935276 12.506709013134239 34.236859388649464
leaf_count=254808 130267 251 29 219 46 25 29 189 37 2781 29 1294 20823 370214 282 8692 1549 6523 19 66 465 9622 55 19 13176 13930 113 1389 208 536
internal_value=-8.27594e-06 0.000565354 0.00886672 0.0253062 0.0673663 0.0879077 0.125502 0.0115733 0.00536488 0.00757834 0.0619317 -0.000271326 -0.0015395 0.000144487 0.0187882 8.41929e-05 -8.73305e-05 -0.00296699 0.00259417 0.0210217 -0.00101306 -0.00244066 0.086445 -0.00444593 -0.00254207 0.00127931 0.0749689 -0.0102889 0.000674977 0.00517734
internal_weight=40735.4 12807.1 299.688 52.6273 12.9537 10.4123 6.0989 39.6736 247.061 230.93 5.10942 27928.3 6896.09 21032.2 67.7987 20964.4 20440.4 2525.88 530.62 86.8656 443.754 430.233 2.88165 1995.26 1504.91 774.025 9.71241 490.357 130.358 117.851
internal_count=837685 258443 3635 537 129 100 54 408 3098 2847 66 579242 151090 428152 1576 426576 417884 47670 11889 1728 10161 9696 74 35781 27125 13949 179 8656 2133 1925
is_linear=0
shrinkage=0.05


Tree=178
num_leaves=31
num_cat=0
split_feature=20 10 7 7 16 18 14 0 18 20 24 21 4 19 11 7 7 22 1 20 8 16 9 7 7 24 8 13 19 0
split_gain=2.52698 4.35237 7.07979 11.6657 6.64917 8.56204 7.64192 7.67858 5.91812 5.35332 5.68795 7.54746 7.03861 6.71672 9.98336 8.03546 4.89332 7.82673 4.85183 6.3213 7.68527 14.4287 9.111 10.7915 7.46617 9.55554 7.99204 6.91093 6.95865 6.18509
threshold=0.03132570101211217 0.034185831918375091 244798.50000000003 243333.00000000003 9.5000000000000018 0.026170400584439309 6.5000000000000009 19.500000000000004 0.032739596469104675 0.028275237181537152 4.5000000000000009 0.080128205128205135 1.5000000000000002 0.032288728075555016 0.050260215400075865 132727.00000000003 5090.5000000000009 4.5000000000000009 1.5000000000000002 0.014134452102687047 2.0545018661317744 5.5000000000000009 0.050912955883052814 203633.50000000003 145795.50000000003 16.500000000000004 2.2022771497632081 0.29166666666666669 0.0395040742928209 7.5000000000000009
decision_type=2 2 2 2 2 2 2 2 2 2 2 2 2 2 2 2 2 2 2 2 2 2 2 2 2 2 2 2 2 2
left_child=1 2 3 4 6 -6 9 8 -8 10 11 12 13 14 -1 -16 17 -11 -3 20 27 22 23 24 25 29 -27 28 -20 -22
right_child=-2 18 -4 -5 5 -7 7 -9 -10 16 -12 -13 -14 -15 15 -17 -18 -19 19 -21 21 -23 -24 -25 -26 26 -28 -29 -30 -31
leaf_value=0.1846064580751845 7.6610831739922893e-05 -0.0043663775609718075 -0.04125841024134743 0.17793709525959525 0.17832399276091482 -0.04729128508554048 -0.05189200486681747 0.21723944773418769 0.1267908471698109 -0.0043166762479379941 0.0030874716013661067 0.087257450414449406 -0.024000118666252512 -0.033934488747730973 -0.051942366005307966 0.10076481729016028 -0.01675692310662073 0.17400114364976019 -0.017711241744968284 2.349811238714016e-05 -0.016160397873150045 0.22203484844429908 -0.028521789901057956 0.22692253735009515 -0.052356094631642237 0.26495044094386472 0.057322003841902724 0.13487403063610018 0.01335020589196062 0.12286536695634326
leaf_weight=1.2605319581925858 38927.436574686319 527.24364600609988 14.157089689746497 0.86723345331847568 0.43445513118058343 13.104658492840825 1.0490365391597145 0.73945229128003109 0.83008354250341643 2.0717849284410472 192.61991530377418 1.772193832322954 51.852344899438322 2.7701951451599598 1.8228445518761875 1.6333563765510914 96.458977996371686 0.8753627836704253 23.036773455329239 775.41303143277764 2.716831665486096 1.0943704620003689 4.0773803740739814 0.89382128044962872 1.6060576401650903 0.94323031045496442 0.91121238470077515 1.0605400837957848 82.980798692442477 1.1339035890996454
leaf_count=26 792396 13153 448 20 16 682 38 20 20 49 5278 31 1566 80 55 41 2832 17 572 18237 66 35 84 20 40 21 22 20 1775 25
internal_value=-8.24682e-06 -0.00183586 -0.00655731 -0.00523014 -0.00566029 -0.0400515 -0.00435145 0.0807496 0.0270395 -0.00498249 -0.00112922 -0.01442 -0.0174566 0.0278618 0.0641555 0.0202251 -0.0148178 0.0486473 -0.000560809 0.00167888 0.0123352 0.0480675 0.0325669 0.0629241 0.0428747 0.0696831 0.162929 0.00787127 0.0066008 0.0247777
internal_weight=40734.9 1807.43 384.32 370.162 369.295 13.5391 355.756 2.61857 1.87912 353.138 253.731 61.1115 59.3393 7.48693 4.71673 3.4562 99.4061 2.94715 1423.11 895.868 120.455 13.3768 12.2824 8.20506 7.31124 5.70518 1.85444 107.078 106.018 3.85074
internal_count=837685 45289 11219 10771 10751 698 10053 78 58 9975 7077 1799 1768 202 122 96 2898 66 34070 20917 2680 313 278 194 174 134 43 2367 2347 91
is_linear=0
shrinkage=0.05


Tree=179
num_leaves=31
num_cat=0
split_feature=10 9 8 17 10 18 25 8 18 22 19 6 8 7 7 10 24 16 8 18 6 7 7 8 0 9 25 19 9 10
split_gain=2.45177 6.44751 18.5123 10.392 15.4157 9.38052 14.3022 22.0127 12.2848 11.848 15.2549 8.71704 12.6378 9.49658 10.9143 18.7353 32.9308 9.83203 8.55021 17.3925 12.9923 11.06 19.2421 13.9644 16.8915 19.187 10.858 11.9787 13.6807 10.8338
threshold=0.060006858710562418 0.16264534883720935 1.951475024188573 0.081356867071152791 0.059064730274191617 0.056072008398896089 98389.500000000015 1.7642976289013974 0.051436120190584779 2.5000000000000004 0.054429400821969134 2.5000000000000004 1.7395891292836192 6836.5000000000009 14570.000000000002 0.05373039983395287 6.5000000000000009 5.5000000000000009 1.9022983952547345 0.052410550781800257 1.0000000180025095e-35 148742.50000000003 164553.50000000003 1.8533323469191141 32.500000000000007 0.22401433691756276 300336.00000000006 0.052617159336697916 0.24500000000000002 0.05038994014872137
decision_type=2 2 2 2 2 2 2 2 2 2 2 2 2 2 2 2 2 2 2 2 2 2 2 2 2 2 2 2 2 2
left_child=1 -1 3 11 5 6 8 -8 -5 -10 -11 13 -13 -3 15 -15 -17 18 21 -20 29 -16 26 -24 -25 -26 27 -23 -29 -21
right_child=-2 2 -4 4 -6 -7 7 -9 9 10 -12 12 -14 14 17 16 -18 -19 19 20 -22 22 23 24 25 -27 -28 28 -30 -31
leaf_value=-0.00033431989605507933 0.0006885517928064736 -0.03556922734367244 -0.011335440809587281 0.0035754853458786796 0.17077989763276546 -0.018871318584221593 -0.0039820408875873249 0.2184988649431738 0.020139685084272295 0.058545464845793961 0.31003377734245779 0.012540207343911211 -0.015753956144328146 0.005085834002216072 0.001806077601438541 0.2987229841169966 0.043385581668984902 -0.021184921989810413 0.012705581712810471 0.042089623250688296 0.035894311366757845 -0.028480314573545325 0.0029630705844700175 0.026876113694039184 0.021877926795304124 0.2760275377434348 0.079813588006207137 0.15008727558481333 -0.026114756882947926 0.20104675535323904
leaf_weight=30383.442487278953 9639.4296636097133 10.620077501982449 146.84587051905692 16.53532197885216 1.9590257741510857 8.5452359430491907 1.9593792483210553 2.5702133104205132 2.7112476285547009 1.3355366699397566 1.0993581190705297 71.999724039807916 87.339151356369257 7.6735683232545835 166.63328176364303 1.8440115153789518 4.0058560892939568 22.62044208496809 22.140944007784128 1.5780702140182237 5.0494154114276171 6.1981774959713238 81.411114452406764 9.3721055239438993 1.3368213847279542 1.6707513127475975 18.713366895914078 2.7027498967945576 1.859532795846462 3.3419489320367575
leaf_count=649145 174472 195 3196 318 24 146 27 41 50 23 19 1326 1830 149 3060 30 59 720 469 31 94 141 1435 179 27 32 298 52 37 60
internal_value=-8.15286e-06 -0.00022413 0.00448021 0.00859202 0.0343138 0.0266219 0.0414535 0.12226 0.0245718 0.0920362 0.172093 0.0068038 -0.0029688 0.0110263 0.012408 0.0564702 0.123874 0.010679 0.0129174 0.0373981 0.0922373 0.0102058 0.0215607 0.0104865 0.0599617 0.163062 0.056801 0.0167801 0.0782694 0.150062
internal_weight=40734.5 31095.1 711.672 564.826 36.7153 34.7563 26.2111 4.52959 21.6815 5.14614 2.43489 528.111 159.339 368.772 358.152 13.5234 5.84987 344.629 322.008 32.1104 9.96943 289.898 123.265 93.7908 12.3797 3.00757 29.4738 10.7605 4.56228 4.92002
internal_count=837685 663213 14068 10872 648 624 478 68 410 92 42 10224 3156 7068 6873 238 89 6635 5915 654 185 5261 2201 1673 238 59 528 230 89 91
is_linear=0
shrinkage=0.05


Tree=180
num_leaves=31
num_cat=0
split_feature=8 3 19 2 24 11 22 3 3 7 21 16 18 4 10 6 9 8 18 19 9 9 20 11 20 9 19 18 7 7
split_gain=2.44407 7.33769 6.73485 9.04264 8.80215 8.89411 7.75549 6.68687 9.29604 12.4414 11.1968 8.34581 8.98709 21.019 7.31569 13.353 14.2526 10.1779 8.81531 9.99094 9.63534 8.40936 10.2321 11.4665 7.84288 10.5086 12.7566 7.78981 10.9611 15.5208
threshold=1.8398049952482287 2.5000000000000004 0.14434523809523811 4.5000000000000009 4.5000000000000009 0.053601648584168347 2.5000000000000004 1.5000000000000002 1.0000000180025095e-35 98011.500000000015 0.052107704095528944 1.5000000000000002 0.060496986894529613 1.5000000000000002 0.072057531272614508 1.0000000180025095e-35 0.14218328840970354 2.2533306213783546 0.06106329172675326 0.25543478260869573 0.017937580437580442 0.16784037558685447 0.020654105936722362 0.050343962067630442 0.10385185185185186 0.063027594523657526 0.081165540540540551 0.070916941833883682 36729.500000000007 89536.500000000015
decision_type=2 2 2 2 2 2 2 2 2 2 2 2 2 2 2 2 2 2 2 2 2 2 2 2 2 2 2 2 2 2
left_child=1 -1 -3 4 -4 6 -6 8 10 -10 14 -11 -13 -14 18 16 27 -18 21 -20 -21 -2 23 -23 -17 -26 -27 28 -16 -30
right_child=7 2 3 -5 5 -7 -8 -9 9 11 -12 12 13 -15 15 24 17 -19 19 20 -22 22 -24 -25 25 26 -28 -29 29 -31
leaf_value=0.00042142414051334136 -0.0010198623010507391 -0.0065224402247213188 -0.029844521105682798 -0.02989033825137228 0.24092239148829275 0.036983974828239355 0.076401281442181654 0.00094869100937005821 -0.0092765713848714099 0.0019168321786742625 0.0073052095708908459 -0.013173521119436602 0.23159019086453514 0.0059780163283024174 -0.031717043749130883 -0.0048383492814433673 -0.034283307063385358 0.095141353537984447 -0.0073113853996658986 0.13736203233205865 -0.0082830116019565071 0.24102225691725043 0.0097020713085954197 0.019856430362336305 -0.053162392702923812 0.16889714020178931 -0.019492494168255492 0.014529375247835461 0.10274213414340208 0.029485571919280685
leaf_weight=24577.705360298045 7015.997117869556 503.61250807717443 2.1427432522177678 4.2966492474079123 1.3408462274819615 3.8717802166938782 1.5379168968647716 5282.8565734336153 777.02250653132796 726.66447770781815 429.82640630938113 204.87873632647097 1.055968228727578 46.161199316382408 4.6999369356781235 182.89958222117275 18.156618023291234 1.6577162481844414 659.83004525769502 2.3523574378341428 2.1953594982624054 1.0197209585458034 133.40874121896923 1.3780309651046989 1.5685494448989619 2.4644650723785166 1.4142414331436155 105.68513594381511 9.9306375682353956 26.590754238888621
leaf_count=483212 157814 10780 42 86 19 70 27 115808 17329 14763 6997 6348 27 1213 94 3472 308 21 13697 43 39 24 2813 30 29 37 19 1838 187 499
internal_value=-8.30973e-06 0.000297444 -0.00559871 0.0296707 0.0584467 0.0864719 0.153031 -0.000498903 -0.0012373 -0.00455277 -0.00056049 -0.000802624 -0.00864143 0.0110236 -0.000974244 0.00604508 0.016351 -0.0234553 -0.00129311 -0.00680235 0.0670535 -0.000781323 0.011542 0.113914 -0.00307755 0.056044 0.100207 0.02172 0.0401557 0.049405
internal_weight=40734.2 25094.5 516.802 13.1899 8.89329 6.75054 2.87876 15639.7 10356.9 1755.78 8601.08 978.76 252.096 47.2172 8171.25 355.068 166.721 19.8143 7816.18 664.378 4.54772 7151.8 135.806 2.39775 188.347 5.44726 3.87871 146.906 41.2213 36.5214
internal_count=837685 494236 11024 244 158 116 46 343449 227641 39680 187961 22351 7588 1240 180964 6504 2947 329 174460 13779 82 160681 2867 54 3557 85 56 2618 780 686
is_linear=0
shrinkage=0.05


Tree=181
num_leaves=31
num_cat=0
split_feature=7 16 20 20 10 16 9 2 14 19 20 8 7 25 19 16 10 20 15 6 7 25 24 8 11 3 8 8 9 7
split_gain=2.45848 5.09062 6.44775 8.13534 11.3142 11.0998 14.0045 10.5426 7.40925 6.59477 8.93558 14.1595 13.6656 9.31721 23.8345 5.94822 10.1425 9.42884 6.28404 16.1188 5.85749 5.85333 5.60309 13.7492 6.15209 7.59839 5.50942 5.34287 5.03479 5.72596
threshold=229291.00000000003 8.5000000000000018 0.055230417508648155 0.058001986295171677 0.057123434009905806 12.500000000000002 0.0556420383022476 3.5000000000000004 10.500000000000002 0.054706890019872882 0.074102089987112693 1.8001403494038997 242110.00000000003 20.500000000000004 0.052645032827467443 7.5000000000000009 0.029361054766734281 0.023603476452235927 0.15587044534412958 1.0000000180025095e-35 242110.00000000003 17203.500000000004 22.500000000000004 1.8854194327710776 0.053860729432609229 -1.0000000180025095e-35 1.9442422488021405 1.3279269674104242 0.13363095238095241 252965.00000000003
decision_type=2 2 2 2 2 2 2 2 2 2 2 2 2 2 2 2 2 2 2 2 2 2 2 2 2 2 2 2 2 2
left_child=-1 15 -3 4 -4 6 7 -6 -7 10 13 -12 -13 14 -5 28 -17 -18 27 -20 -8 -21 24 -24 -11 -26 -15 -19 -2 -30
right_child=1 2 3 9 5 8 20 -9 -10 22 11 12 -14 26 -16 16 17 18 19 21 -22 -23 23 -25 25 -27 -28 -29 29 -31
leaf_value=0.00010750934426904736 -0.0015202839461919563 -0.016712798524498879 -0.0059279346784349291 -0.014820251824873596 0.19256405415772709 -0.028504338547230446 0.37391068846013942 -0.051753804030414657 0.15738320422443056 -0.034247456116842344 -0.012105456744110128 0.36954191227634592 0.038563610819687712 -0.033155733834196406 0.36325920398370065 0.16626017076217006 0.17717214628666278 0.1014746774636653 0.24057212914284198 -0.05241827163693738 0.16830178538515836 0.10514318503489711 -0.051941381342945209 0.23981147209869522 -0.051718663928076884 0.15943964829621185 0.087005667807880216 -0.0024913902940788026 0.010509716387855418 -0.03788451874485365
leaf_weight=37408.560700043105 2990.5177222387865 111.32391733489931 6.5371560463681799 1.3576130364090193 0.81817920319736026 2.1531284507364039 0.70405312813818433 0.95919839479029179 0.71376444585621346 22.666625365614898 1.261000896804034 0.71198040340095736 0.55495116300880909 8.0437077078968269 0.60155682638287533 1.1470960266888131 0.87141962256282468 1.2964968103915513 1.0223673544824117 1.6058556828647854 0.68187066912651062 0.93127863854169834 0.98792341910302528 0.68300054408609867 0.77842300105839968 0.94110771641135105 1.0822788663208474 26.374868805520236 131.31763633340597 6.4106385540217152
leaf_count=766107 62574 3920 222 46 26 72 20 32 18 734 42 24 20 267 18 39 26 28 22 39 23 19 30 18 27 25 38 862 2231 116
internal_value=-8.29931e-06 -0.0013112 -0.00991246 0.00457982 0.039637 0.0890326 0.153613 0.0607129 0.0177757 -0.00652615 0.0216786 0.106507 0.224564 0.00233377 0.101268 -0.000866215 0.0201704 0.0149503 0.0104239 0.0729581 0.272752 0.00541612 -0.0212613 0.0673144 -0.0273304 0.0638493 -0.0189054 0.00237977 -0.00108981 0.00825718
internal_weight=40733.6 3325.06 163.561 52.2375 12.5674 6.03019 3.1633 1.77738 2.86689 39.6702 13.6131 2.52793 1.26693 11.0852 1.95917 3161.5 33.2494 32.1023 31.2309 3.5595 1.38592 2.53713 26.0571 1.67092 24.3862 1.71953 9.12599 27.6714 3128.25 137.728
internal_count=837685 71578 5622 1702 413 191 101 58 90 1289 455 86 44 369 64 65956 1035 996 970 80 43 58 834 48 786 52 305 890 64921 2347
is_linear=0
shrinkage=0.05


Tree=182
num_leaves=31
num_cat=0
split_feature=14 20 20 25 22 16 8 8 2 19 25 25 19 24 0 0 9 7 21 16 19 8 16 20 9 20 18 10 0 10
split_gain=2.42487 2.77894 10.1955 7.37772 6.48004 3.32034 4.58493 5.90561 2.40579 5.22593 10.7213 12.5674 7.72182 12.0264 10.5273 10.2181 9.81717 9.6026 9.42358 9.55079 8.91414 8.8631 8.01938 10.5184 11.1026 8.84243 7.77783 8.69249 8.37991 23.7112
threshold=18.500000000000004 0.060452338359315107 0.063303458771355417 1.0000000180025095e-35 2.5000000000000004 53.500000000000007 1.7546146556055326 1.5655538540707761 1.5000000000000002 0.062554347826086973 25.500000000000004 44.500000000000007 0.078471884621617263 20.500000000000004 68.500000000000014 53.500000000000007 0.13363095238095241 252965.00000000003 0.051432940262870375 32.500000000000007 0.075720977894890948 1.4735903442617271 2.5000000000000004 0.076428995742714764 0.05573882498440013 0.096579867858530913 0.10050505050505053 0.06981019151846786 48.500000000000007 0.034185831918375091
decision_type=2 2 2 2 2 2 2 2 2 2 2 2 2 2 2 2 2 2 2 2 2 2 2 2 2 2 2 2 2 2
left_child=8 5 3 -3 -5 -2 7 -7 -1 -10 -11 -12 13 14 16 18 21 -16 -14 26 -18 22 -13 -24 -25 -26 28 -28 -20 -30
right_child=1 2 -4 4 -6 6 -8 -9 9 10 11 12 15 -15 17 -17 20 -19 19 -21 -22 -23 23 24 25 -27 27 -29 29 -31
leaf_value=0.0010793770095658083 -0.034947780456699107 0.22488992617381032 -0.051479383496205136 0.14265228499495919 -0.052062597571027248 -0.010916837364883423 -0.051239555459482201 0.15817888907479671 0.00010458959495606845 0.0066696983998240159 -0.036557952347112753 0.0093762031001997231 0.011687566160453973 -0.011311337155945341 0.010050199260272442 -0.0085303740941882738 0.019702153577190375 0.15059329103487415 -0.0021998874114367143 0.12381356898145908 -0.024327049839978521 -0.0052856524281354022 -0.023290325358438238 -0.052616078092073686 0.24745154088214596 0.040493067108746152 -0.027465502517513337 0.0090748687868444488 0.19190605362275767 0.012372370319723776
leaf_weight=4589.2657256219536 15.220805546268826 0.71869594790041391 2.6343039963394403 0.76798047870397546 0.96317481901496649 1.1325571872293947 1.3843841915950177 0.94900554604828347 31138.553320345469 360.14172427356243 26.596710361540318 191.80348558351398 206.09364053886384 452.59078318905085 130.47331257443875 287.20891221705824 75.407430464401841 1.2268012762069691 1198.437432995066 1.563637789338826 13.563497811555861 1655.6719561833888 35.787392985075712 1.1637085694819682 0.99841596186161075 1.0684087108820675 17.199186882004142 303.10213248431683 2.0283547267317799 19.708915622904897
leaf_count=90393 709 17 113 24 31 22 63 28 653523 8016 968 2736 4286 8360 2552 5467 1275 24 21228 24 223 31441 810 26 20 22 297 4611 34 342
internal_value=-8.2832e-06 -0.0159731 0.016802 0.0902244 0.0343174 -0.0248904 0.0192771 0.0661756 1.03889e-06 -0.000135969 -0.00163956 -0.00228705 -0.00208869 -0.00391638 -0.00232804 0.000209907 -0.00324055 0.0113594 0.00164589 0.000303818 0.01299 -0.00400602 0.00517275 -0.0154905 0.0709149 0.140468 0.000178451 0.00711276 -0.00164184 0.0291251
internal_weight=40733.4 23.7709 5.08416 2.44985 1.73116 18.6868 3.46595 2.08156 40709.7 36120.4 4981.84 4621.69 4595.1 2559.76 2107.16 2035.34 1975.46 131.7 1748.13 1542.04 88.9709 1886.49 230.821 39.0179 3.23053 2.06682 1540.48 320.301 1220.17 21.7373
internal_count=837685 1007 185 72 55 822 113 50 836678 746285 92762 84746 83778 47489 39129 36289 36553 2576 30822 26536 1498 35055 3614 878 68 42 26512 4908 21604 376
is_linear=0
shrinkage=0.05


Tree=183
num_leaves=31
num_cat=0
split_feature=2 25 20 25 25 9 1 19 3 8 21 22 18 14 25 9 19 18 9 7 18 14 6 7 24 25 10 19 14 8
split_gain=2.46637 5.24073 6.25772 6.65851 8.60097 7.20776 10.9317 9.12135 8.81945 11.8489 14.1398 18.8749 9.86584 8.77316 8.48335 7.83421 7.82655 7.86741 6.72469 26.0433 15.1593 8.91777 10.6113 13.5221 11.3935 7.83827 6.72108 6.65061 6.88174 9.00026
threshold=4.5000000000000009 9636.5000000000018 0.023603476452235927 1500.5000000000002 1055.5000000000002 0.055813149546396226 1.5000000000000002 0.074146412037037049 2.5000000000000004 1.8920249533212989 0.051432940262870375 1.5000000000000002 0.052131513618168653 3.5000000000000004 53.500000000000007 0.056025176400516845 0.18898809523809526 0.045423283731399283 0.056842849378286549 109743.50000000001 0.047716612097576987 1.0000000180025095e-35 1.5000000000000002 99185.500000000015 14.500000000000002 65.500000000000014 0.057318611071146573 0.096571316614420075 1.0000000180025095e-35 1.9649395622010111
decision_type=2 2 2 2 2 2 2 2 2 2 2 2 2 2 2 2 2 2 2 2 2 2 2 2 2 2 2 2 2 2
left_child=-1 2 -2 4 5 6 8 -7 -4 10 11 -10 -13 -11 -15 -9 17 -17 19 -19 -20 22 -22 -24 -25 -21 -12 28 29 -8
right_child=1 -3 3 -5 -6 7 27 15 9 13 26 12 -14 14 -16 16 -18 18 20 25 21 -23 23 24 -26 -27 -28 -29 -30 -31
leaf_value=-0.00020018746301387645 -0.025836288387660403 0.0013997209250096693 -0.0081271580223621874 -0.0078942129033371267 0.025921822802055478 -0.008252895905610581 0.011537787867354203 -0.036285434463219683 0.3652238048146495 -0.042528952334798607 -0.018407545068147461 0.17877764410956651 -0.052211505595427476 0.27502795992583268 0.0079817848661775017 -0.023148379315501566 -0.040500533190230226 -0.0278309060852798 0.24054170738044292 0.12844382028415507 0.0031899655752326223 0.001380504549935814 0.0077145123681173992 0.29852706605199514 0.091196333132710194 0.31801710289638335 0.12498251564433482 -0.022717294919569215 0.004551179666259831 0.045577770878041102
leaf_weight=32758.099508034065 26.758482579141855 6465.156937549822 237.18060546275228 314.75881700031459 31.859328204765916 366.76332873757929 94.769871456548572 6.0236426126211873 0.83917041867971276 5.3323624189943075 2.9730033557862043 1.0839633420109747 0.80598220415413369 0.45960607845336177 0.84264056757092476 5.1001752559095648 4.0020949877798548 1.9907623529434229 0.85259234905243175 1.1016049627214672 3.4459108598530319 13.733244303613899 1.6306753791868684 1.2734702043235304 1.3814359940588472 1.0796661544591186 1.1270217429846523 18.110043674707413 340.12862193584442 24.422819428145885
leaf_count=677814 877 118773 7053 7934 833 9531 2001 135 27 168 88 35 22 20 35 127 88 43 21 24 52 340 27 20 23 26 28 424 10534 562
internal_value=-8.21843e-06 0.000780315 -0.00187201 -0.00143963 0.000299317 -0.000418983 0.00256322 -0.00573579 -0.00589253 0.0334732 0.0797061 0.16789 0.0802705 -0.0141153 0.102231 0.0164479 0.0253727 0.0337182 0.0446671 0.102933 0.0337748 0.0255618 0.0685145 0.12104 0.190646 0.222277 0.0210078 0.00700236 0.00817414 0.0185126
internal_weight=40733.1 7974.99 1509.83 1483.07 1168.31 1136.45 728.076 408.379 250.644 13.4638 6.82914 2.72912 1.88995 6.63461 1.30225 41.6153 35.5916 31.5895 26.4894 4.17203 22.3173 21.4647 7.73149 4.28558 2.65491 2.18127 4.10003 477.431 459.321 119.193
internal_count=837685 159871 41098 40221 32287 31454 20997 10457 7476 423 200 84 57 223 55 926 791 703 576 93 483 462 122 70 43 50 116 13521 13097 2563
is_linear=0
shrinkage=0.05


Tree=184
num_leaves=31
num_cat=0
split_feature=22 16 8 0 9 20 10 8 8 16 19 10 19 11 8 20 10 19 10 10 18 10 9 17 18 18 7 25 11 1
split_gain=2.37649 5.43541 5.55639 7.58395 5.46697 7.29165 8.99668 7.19431 5.57426 7.42113 7.79824 7.60439 5.39705 5.29499 12.8895 12.9205 20.4967 7.13896 5.03636 9.66523 8.45269 7.05336 6.81942 9.19489 8.92632 7.73582 5.80974 5.41201 5.16247 6.89116
threshold=4.5000000000000009 12.500000000000002 2.2022771497632081 28.500000000000004 0.037826481944129013 0.054987085373103893 0.056649620211319286 1.2719024718053016 1.9336696716826904 14.500000000000002 0.054083304083304092 0.060342395212138626 0.11167800453514741 0.051963024990569533 1.8382827596129274 0.059315053192974622 0.055468732830466973 0.045496789455897267 0.038056162574918978 0.037380314275242812 0.053973179007772536 0.042974346346704877 0.055366492971767219 0.0165390924002187 0.025078616352201263 0.1438923395445135 16341.500000000002 262579.50000000006 0.050343962067630442 1.5000000000000002
decision_type=2 2 2 2 2 2 2 2 2 2 2 2 2 2 2 2 2 2 2 2 2 2 2 2 2 2 2 2 2 2
left_child=12 -2 3 4 5 -3 -7 -6 13 10 -10 -11 -1 -9 15 16 17 -15 19 22 -21 -20 26 24 28 -26 27 -14 29 -24
right_child=1 2 -4 -5 7 6 -8 8 9 11 -12 -13 18 14 -16 -17 -18 -19 21 20 -22 -23 23 -25 25 -27 -28 -29 -30 -31
leaf_value=0.00031374317273019886 -0.00075404225226030641 -0.051632833194138278 0.15754490751616679 -0.04102199376438824 0.15803176804881369 0.18860948594203603 -0.051713915464424123 0.0017168241820362897 0.28833037087642482 -0.051536223409195593 0.065382644954463151 0.15257741875167263 -0.0060890013852918428 0.17593944033040107 -0.051674032903008697 -0.051813069163214744 0.35608949712191373 -0.051871609103595596 -0.031731908755995193 0.029829730101816887 0.18205287485845389 -0.0040068190244729072 0.19297830346558126 0.1361773665991943 -0.033498687514983763 0.080119770216474206 -0.01688015533138355 0.15861556109498645 0.012857942218387822 0.040755405210682633
leaf_weight=30128.829454779625 9784.4675184423104 4.1219012364745167 0.71455114241689344 4.8508142596110693 1.186740012839439 0.82527257688343503 0.73739286884665489 12.036314290948217 0.7340228054672473 1.2409395026043055 0.84229753911495209 0.7216823361814021 1.0566946268081694 0.65899951383471467 1.5969141069799659 0.79378454387187947 0.98089152947068203 0.71920946426689625 23.699610458686948 2.403215372934937 1.4696459285914896 715.55686915665865 1.4140201881527927 1.8273142278194416 7.7133016195148212 1.8592418432235716 25.030222012661397 0.9446037970483302 2.2689201701432467 1.5678579173982143
leaf_count=626031 196423 159 23 209 27 26 26 400 20 47 22 13 23 23 55 25 32 24 513 48 18 12627 21 26 164 28 546 18 43 25
internal_value=-8.2295e-06 -0.000685964 0.0196459 0.0165712 0.0268436 -0.0167655 0.0752053 0.0383675 0.0313805 0.0884083 0.1692 0.0235191 0.000206984 0.0193576 0.0640606 0.122679 0.181392 0.0570577 -0.00388105 0.0118911 0.0875943 -0.00489565 0.00517931 0.0303509 0.0173054 -0.011431 -0.0103257 0.0716508 0.0696937 0.11294
internal_weight=40732.9 9817.23 32.7617 32.0472 27.1964 5.68457 1.56267 21.5118 20.3251 3.53894 1.57632 1.96262 30915.6 16.7861 4.7498 3.15289 2.3591 1.37821 786.812 47.555 3.87286 739.256 43.6822 16.6507 14.8233 9.57254 27.0315 2.0013 5.2508 2.98188
internal_count=837685 197554 1131 1108 899 211 52 688 661 102 42 60 640131 559 159 104 79 47 14100 960 66 13140 894 307 281 192 587 41 89 46
is_linear=0
shrinkage=0.05


Tree=185
num_leaves=31
num_cat=0
split_feature=14 20 11 9 8 20 22 8 10 8 18 20 7 17 24 16 9 25 21 11 11 9 9 8 8 18 7 8 7 17
split_gain=2.389 6.20765 6.41645 7.16033 6.97135 10.3693 14.0232 5.92374 7.31166 6.43661 10.663 12.2296 16.9081 21.4285 24.7782 10.2513 6.69554 10.4777 7.32372 7.23765 11.4211 9.19968 21.8881 10.2278 15.4697 10.6434 8.85198 12.424 6.67658 6.4451
threshold=6.5000000000000009 0.041484042382918793 0.050260215400075865 0.28991596638655465 1.575014178292883 0.025339387268391123 2.5000000000000004 2.1004882481485976 0.080379576453697074 2.0165666604052963 0.016597796143250691 0.061641261331145773 210690.50000000003 0.074537037037037054 13.500000000000002 22.500000000000004 0.10033557046979867 231.50000000000003 0.051432940262870375 0.053601648584168347 0.050260215400075865 0.049927629462849794 0.039763458660170344 2.0391384634454801 2.0677806941168746 0.057408724618946014 126153.00000000001 2.0391384634454801 218706.00000000003 0.25657894736842107
decision_type=2 2 2 2 2 2 2 2 2 2 2 2 2 2 2 2 2 2 2 2 2 2 2 2 2 2 2 2 2 2
left_child=-1 2 -2 4 5 6 -4 9 -9 28 15 16 13 -13 -15 -11 18 -18 19 20 -12 22 23 -22 25 -25 -23 -28 29 -3
right_child=1 7 3 -5 -6 -7 -8 8 -10 10 11 12 -14 14 -16 -17 17 -19 -20 -21 21 26 -24 24 -26 -27 27 -29 -30 -31
leaf_value=5.0937587229868963e-05 -0.035682161929856716 -0.00021443647832808553 -0.0060754193957098107 0.14796804981435266 -0.01401021300586852 0.0040851126801501629 0.24272548373887162 -0.027781379972438087 0.090981327914866128 0.061790855020683405 -0.036376427343734356 -0.017637219171892808 0.27166696901909188 0.00085450695637511549 0.36165773114296473 0.32104845821762679 0.20736453391703941 -0.012209880722464237 -0.038446011047790031 -0.028009602025537001 -0.051285760495708266 -0.051287854855131688 0.38629859469549804 0.41877347444293184 -0.051239870617100662 0.11239040921132865 0.28976677599310569 -0.00087258389548335578 -0.014977689093634311 0.040134395442929946
leaf_weight=39785.60524093546 25.389006239362061 677.42030787747353 1.0851937606930726 0.73847183957695861 73.392559294588864 8.9292434677481634 1.1845407672226427 29.41331521701068 1.3557054065167893 1.3253765553235997 3.3635716205462902 4.4136632047593585 0.92554475925862778 0.94226701743900754 0.96131523698568344 0.5352805983275174 0.96325492765754406 1.2461887560784815 11.093567628413437 6.3998328773304811 1.0616566222161061 1.9890025798231366 0.68560695834457863 0.53184269089251734 0.64333095215260971 0.6069478765130043 0.58615857549011685 0.98658835142850876 78.946583435870707 10.043839059770105
leaf_count=804285 1055 23365 30 17 2998 280 28 1180 31 54 147 161 30 25 22 19 31 37 358 247 47 84 29 23 28 22 23 38 2824 167
internal_value=-8.14435e-06 -0.00248989 -0.0136156 -0.00704996 -0.00840324 0.0283421 0.12377 -0.00101719 -0.0225486 -0.000194891 0.0195507 0.0137387 0.072081 0.0428395 0.183061 0.136375 -0.00027308 0.0835184 -0.00689723 0.013868 0.0395033 0.0754957 0.132707 0.0715684 0.144756 0.255479 0.0188044 0.107448 -0.0012064 0.000375059
internal_weight=40732.8 947.16 110.719 85.33 84.5915 11.199 2.26973 836.441 30.769 805.672 39.261 37.4003 7.24279 6.31725 1.90358 1.86066 30.1576 2.20944 27.9481 16.8545 10.4547 7.09113 3.52939 2.84378 1.78212 1.13879 3.56175 1.57275 766.411 687.464
internal_count=837685 33400 4408 3353 3336 338 58 28992 1211 27781 1425 1352 238 208 47 73 1114 68 1046 688 441 294 149 120 73 45 145 61 26356 23532
is_linear=0
shrinkage=0.05


Tree=186
num_leaves=31
num_cat=0
split_feature=19 19 8 7 2 18 7 7 6 18 18 24 9 1 25 19 8 8 7 16 7 7 9 24 10 0 22 6 24 24
split_gain=2.36072 6.35456 6.78213 8.28604 9.53357 9.48789 11.527 8.54011 8.22925 10.6491 15.5741 9.02374 7.9955 7.91795 9.2907 11.177 18.6298 17.1578 16.0499 23.0078 15.473 14.5982 15.5082 13.4423 10.8798 25.5822 16.1687 12.8539 9.09014 8.84564
threshold=0.040992942230852543 0.043788213234344883 1.6073621060253098 177065.50000000003 4.5000000000000009 0.056313111865143907 194559.50000000003 16341.500000000002 3.5000000000000004 0.044714981086981249 0.041721061792863369 1.0000000180025095e-35 0.25462962962962971 1.5000000000000002 310.50000000000006 0.041203646540725197 1.7454524393965982 1.7027821288869618 241021.00000000003 1.0000000180025095e-35 124191.50000000001 3028.5000000000005 0.13363095238095241 15.500000000000002 0.068480243684174311 1.0000000180025095e-35 4.5000000000000009 1.5000000000000002 13.500000000000002 19.500000000000004
decision_type=2 2 2 2 2 2 2 2 2 2 2 2 2 2 2 2 2 2 2 2 2 2 2 2 2 2 2 2 2 2
left_child=-1 2 3 7 8 6 -6 -2 11 10 -10 -5 -9 -4 -15 16 17 29 21 -20 -19 -18 -23 -24 -17 26 27 -26 -22 -16
right_child=1 -3 13 4 5 -7 -8 12 9 -11 -12 -13 -14 14 15 24 18 20 19 -21 28 22 23 -25 25 -27 -28 -29 -30 -31
leaf_value=-0.00075171823730328853 0.020131532824384193 1.8979388895802621e-05 -0.00094557784757792838 0.099361926525960806 0.15662930171634781 0.14308482253964599 -0.023931935951648543 -0.015629894614466341 0.042196227987259097 0.0089429136020725553 0.27731768276774615 -0.01020715734679672 0.080734228686677414 -0.005320023982550685 -0.030695007579079621 0.0066680029424673994 0.20609959960781135 0.31548432165137963 0.27959262958314485 -0.051949129430157198 0.19563880132628411 0.0032076389717682393 0.2343229978744617 -0.0042617307586085224 0.32717014792872351 -0.037878806071155943 -0.010028049541382228 0.11982993232989021 -0.0052475047170095941 0.14829349819875001
leaf_weight=8458.9811611650512 20.415158903226256 30529.592004436068 480.19090098701417 1.9676603339612473 1.1917126290500153 2.5367241371423006 3.4222147800028324 152.75654028169811 2.1007977779954659 6.4344618692994118 1.0595038570463655 41.751204071566463 2.1833233200013629 136.42776752915233 2.2637364324182268 825.85699334554374 0.96543470025062461 1.3578643761575224 1.3536999933421605 0.85303234495222557 1.2079037725925448 45.729252947494388 1.3922958597540849 1.0250073596835134 1.31384590268135 3.2591349016875029 1.1614801716059444 1.7340589910745619 1.0549590773880479 0.99308646842837323
leaf_count=200499 381 597144 11546 40 23 42 66 2872 41 124 21 787 30 4416 47 18202 20 29 28 25 26 1051 27 20 23 59 22 32 23 19
internal_value=-8.20995e-06 0.000186665 0.00312216 -0.0047631 0.011198 0.0654099 0.0227045 -0.0102667 0.0039269 0.0458592 0.121022 -0.00527577 -0.014272 0.00435514 0.00683128 0.00869077 0.0298757 0.107152 0.0195193 0.151432 0.182052 0.0135921 0.00973199 0.133156 0.0072113 0.0672883 0.148714 0.209207 0.101985 0.023883
internal_weight=40732.5 32273.6 1743.96 235.819 60.4643 7.15065 4.61393 175.355 53.3136 9.59476 3.1603 43.7189 154.94 1508.14 1027.95 891.522 58.1963 6.87755 51.3187 2.20673 3.62073 49.112 48.1466 2.4173 833.326 7.46852 4.20939 3.0479 2.26286 3.25682
internal_count=837685 637186 40042 4427 1144 131 89 3283 1013 186 62 827 2902 35615 24069 19653 1315 144 1171 53 78 1118 1098 47 18338 136 77 55 49 66
is_linear=0
shrinkage=0.05


Tree=187
num_leaves=31
num_cat=0
split_feature=16 7 7 16 0 10 21 16 19 24 14 25 19 17 20 18 17 14 25 17 8 25 18 11 7 24 19 24 20 0
split_gain=2.31454 8.57133 16.5943 7.31674 9.68657 6.48816 5.15742 6.047 6.63195 14.4233 12.6913 12.3422 6.32716 5.81884 8.23162 12.6479 16.6111 8.54407 8.36488 6.31575 6.15188 6.34594 9.53382 5.80381 12.2288 8.02471 5.51095 5.42331 10.6208 5.30117
threshold=24.500000000000004 6836.5000000000009 5796.5000000000009 28.500000000000004 6.5000000000000009 0.052620887990848547 0.61250000000000016 30.500000000000004 0.04306191874377515 20.500000000000004 7.5000000000000009 6524.5000000000009 0.05771754492226934 0.036038961038961044 0.048198250026024979 0.049778888062306612 0.10912698412698414 9.5000000000000018 1055.5000000000002 0.037749287749287756 1.0767515120767015 36602.000000000007 0.059065418820092835 0.053753974982820023 178631.00000000003 19.500000000000004 0.038035099870414237 3.5000000000000004 0.061565989972729461 76.500000000000014
decision_type=2 2 2 2 2 2 2 2 2 2 2 2 2 2 2 2 2 2 2 2 2 2 2 2 2 2 2 2 2 2
left_child=-1 2 3 -2 5 -5 7 13 9 -9 -11 26 29 -3 15 19 17 -17 -19 -15 -16 -22 -23 27 25 -25 -12 28 -14 -10
right_child=1 6 -4 4 -6 -7 -8 8 12 10 11 -13 23 14 20 16 -18 18 -20 -21 21 22 -24 24 -26 -27 -28 -29 -30 -31
leaf_value=1.6362676519970625e-05 -0.037574043370790886 -0.028668785344652732 0.22676140168432823 0.11238981573471628 0.19580524660563658 -0.031154279899048256 0.059266196971393861 0.0054128422477382997 -0.026818332117532751 0.31329268101962188 -0.051691613141256157 0.22559686739168106 -0.0073740537307005324 0.1075554549655665 0.11515687801506969 -0.017492652950290712 0.35095794624277599 0.033043149426064448 0.30206397309658628 -0.038550251977523084 -0.024378228349191525 -0.02229375775843578 0.16447366954832832 -0.051281948317296447 0.2821573157451277 0.15915813662018155 0.13848416070583364 -0.0084692986885136854 0.17086385956152278 0.12975626489699585
leaf_weight=40558.585602674633 3.4724326599389297 52.853445941582322 1.0682243853807447 1.2156681707128885 1.0054625533521173 2.2335637547075748 2.7721139378845683 13.151177741587164 26.279072959907356 0.68173880875110571 1.3805693536996844 0.89805348776280869 2.2348977960646219 0.91822278406470914 0.89297446049749751 1.4572944734245545 0.61972476169466961 0.5912405503913758 0.56516201607882977 3.8034879295155406 30.860618900507689 1.6757958102971309 1.1536987237632272 1.2792848423123353 0.59243850596249092 0.70138743706047524 0.52610863372683514 17.112046248279512 1.3350610109046099 0.55194569192826648
leaf_count=831331 109 2190 31 42 26 56 29 540 1049 20 59 27 73 30 20 47 15 23 18 140 995 50 31 57 13 14 20 570 38 22
internal_value=-8.31584e-06 -0.00576464 0.0417635 0.016834 0.059245 0.0194373 -0.00835751 -0.00951385 0.00203245 0.0293828 0.119799 0.072767 -0.00705281 -0.0175902 -0.00382504 0.0420347 0.118221 0.063037 0.16452 -0.0101373 -0.0143741 -0.0178074 0.0538588 0.0120358 0.0828523 0.0232382 0.000783486 0.00322533 0.0592818 -0.0235974
internal_weight=40732.5 173.883 8.99535 7.92713 4.45469 3.44923 164.888 162.115 66.7238 16.6376 3.48647 2.80473 50.0861 95.3917 42.5382 7.95513 3.23342 2.6137 1.1564 4.72171 34.5831 33.6901 2.82949 23.2551 2.57311 1.98067 1.90668 20.682 3.56996 26.831
internal_count=837685 6354 264 233 124 98 6090 6061 2502 666 126 106 1836 3559 1369 273 103 88 41 170 1096 1076 81 765 84 71 79 681 111 1071
is_linear=0
shrinkage=0.05


Tree=188
num_leaves=31
num_cat=0
split_feature=22 10 7 9 19 24 2 18 24 20 14 19 16 19 18 25 10 20 25 20 8 11 7 2 8 18 19 9 24 9
split_gain=2.28279 9.09114 10.0241 7.73688 10.6787 10.5513 18.5089 12.044 11.7108 16.05 12.3634 11.3061 10.1439 20.0571 13.4068 17.8346 11.1036 9.76475 8.75246 8.62213 13.351 10.5004 21.6564 11.2594 11.0139 11.0124 8.88418 13.7943 12.8113 11.194
threshold=1.0000000180025095e-35 0.091153470185728266 4002.5000000000005 0.043546802531472049 0.025078616352201263 15.500000000000002 1.5000000000000002 0.061833846905907111 19.500000000000004 0.058102988413161895 10.500000000000002 0.034524728872175413 6.5000000000000009 0.061446595966291075 0.040574838798189058 79831.500000000015 0.049099888333291354 0.039375616022680714 100177.00000000001 0.073346462366107895 1.3518273169216737 0.053657989013283586 83648.000000000015 3.5000000000000004 1.8398049952482287 0.0555108771587789 0.059298973615914512 0.029975041597337774 5.5000000000000009 0.038341497247388279
decision_type=2 2 2 2 2 2 2 2 2 2 2 2 2 2 2 2 2 2 2 2 2 2 2 2 2 2 2 2 2 2
left_child=1 3 -3 4 -1 -5 7 8 9 11 -10 -7 14 16 15 -13 -14 -9 -16 -6 -21 26 23 25 -25 -23 -22 -28 -29 -30
right_child=-2 2 -4 5 19 6 -8 17 10 -11 -12 12 13 -15 18 -17 -18 -19 -20 20 21 22 -24 24 -26 -27 27 28 29 -31
leaf_value=0.0048355431972580323 0.00015249725568304258 0.11311165299966391 0.0097984121066939239 -0.0021113943063365151 -0.0063361416796493125 -0.0058570973684518822 0.001041317475993341 0.16410793369162321 -0.0016185083781837561 -0.0066435094932375668 0.16399229931243586 0.27866931580395732 0.20144110521772865 0.37726464057242493 -0.004954138319447938 0.064344710390166579 -0.017424251996605827 0.037499000543496426 0.052513637136510527 0.17233349320378502 -0.022114175884512033 0.18109893206906505 -0.010511604259428289 0.32495931924420307 0.1201207065098575 -0.053108137573711113 -0.0038883834391232053 0.0088551816344664847 0.087916109151417232 0.32603569387624087
leaf_weight=289.25268455781043 34388.651769510005 2.3871945440769187 142.51064951717854 2581.227044458501 1443.1583339804783 9.588081391528247 1629.3861483512446 1.5932469535619009 99.472200037911534 24.4613236207515 1.1398505959659804 1.3595343995839346 0.9857210787013172 0.69883452728390683 9.3781453333795088 3.3932635486125946 1.4061765950173137 34.493258593603969 22.573269214481115 1.3234642632305611 21.253803502768278 0.8565252665430293 5.868199685588479 1.0573073495179417 1.7299531158059833 1.2122693713754413 8.1575730759650451 1.6088935844600194 1.0605566836893556 0.92316873185336579
leaf_count=6863 708780 38 2306 49276 34184 209 31456 24 1838 422 29 35 29 20 199 61 40 579 352 19 475 21 118 20 33 23 167 29 21 19
internal_value=-8.26796e-06 -0.000879788 0.0115005 -0.00116919 -0.00395514 -4.91361e-05 0.002844 0.0167949 0.0113559 0.0264771 0.000257724 0.042883 0.0546263 0.14162 0.0473009 0.125652 0.072772 0.0430889 0.0356461 -0.00566372 0.0158763 0.011141 0.0541236 0.132231 0.197823 0.0438586 -0.00282563 0.0320636 0.113698 0.19873
internal_weight=40732.2 6343.52 144.898 6198.62 1777.46 4421.16 1839.93 210.543 174.456 73.8443 100.612 49.383 39.7949 3.09073 36.7042 4.7528 2.3919 36.0865 31.9514 1488.21 45.0517 43.7283 10.7243 4.85606 2.78726 2.06879 33.004 11.7502 3.59262 1.98373
internal_count=837685 128905 2344 126561 41992 84569 35293 3837 3234 1367 1867 945 736 89 647 96 69 603 551 35129 945 926 215 97 53 44 711 236 69 40
is_linear=0
shrinkage=0.05


Tree=189
num_leaves=31
num_cat=0
split_feature=25 11 10 9 17 7 24 25 2 8 8 25 4 8 8 20 25 17 9 9 15 7 7 9 19 2 7 7 11 8
split_gain=2.2935 4.1639 7.90573 15.5813 10.0907 9.16816 7.81526 14.1217 8.55544 9.67967 7.50893 8.48144 7.27202 7.53424 6.9572 8.77214 6.86401 8.44581 13.6227 15.4159 7.12537 6.7524 6.65134 6.74781 11.774 10.8725 9.26794 8.3736 9.79886 7.6627
threshold=786214.00000000012 0.050260215400075865 0.13994288045695638 0.055476286559821675 0.040408163265306128 161288.50000000003 14.500000000000002 690.50000000000011 4.5000000000000009 1.6808428667646478 1.8324162270420492 22838.500000000004 2.5000000000000004 1.3830878535514632 2.3836119250524006 0.0499194627147923 27961.500000000004 0.10471491228070177 0.05573882498440013 0.053488128198674392 0.46428571428571436 230421.50000000003 251790.50000000003 0.070467677862044067 0.059792310514655049 1.5000000000000002 219807.00000000003 54588.500000000007 0.050168168696291163 1.9444036435569656
decision_type=2 2 2 2 2 2 2 2 2 2 2 2 2 2 2 2 2 2 2 2 2 2 2 2 2 2 2 2 2 2
left_child=1 2 10 5 -5 6 -4 -8 9 -9 -1 14 -7 -14 22 -16 17 -13 19 20 -19 -18 23 -12 -25 26 27 28 -26 -27
right_child=-2 -3 3 4 -6 12 7 8 -10 -11 11 16 13 -15 15 -17 21 18 -20 -21 -22 -23 -24 24 25 29 -28 -29 -30 -31
leaf_value=0.0022403047401386746 0.00036536311433271978 -0.00078436934889060124 -0.0097546467135369765 -0.034778157149148038 0.085685395751832885 0.20073968255541677 -0.052404269213409599 0.26706656851798483 0.022059965185235005 0.070929479998442804 -0.008418177195273064 0.011738079555764364 0.15966404145575946 0.022658624458410024 -0.010816491169782592 0.18870385340730567 0.0017047757025059691 0.15395664270858433 -0.01435225534658263 0.28665958291510241 -0.015260773790367178 -0.014600480097967923 0.038727067163939033 -0.0065456238403858048 0.032683573258603014 0.036508171197071386 0.23262787659779915 0.021216668785944328 0.23603448145788672 -0.011568583908832475
leaf_weight=3039.0939198983833 20445.529698206112 15476.499661812559 5.6487692277878576 10.654491109773515 2.0773434229195109 1.5731503404676912 1.5648660492151973 1.4040123913437135 1.3136811573058365 1.1396417655050752 659.67161643737927 29.618312988430262 1.6222662236541499 2.6307388003915548 1.1732606794685119 1.0385382771492002 842.24249690305442 1.2098615393042562 2.480114184319973 1.1750607341527937 1.2805281057953832 68.672604730352759 8.2497657025232893 83.185460375621915 1.1615478582680216 17.369714085012674 0.87017812207341183 4.7194597609341145 1.2090487834066153 15.851766469888387
leaf_count=70117 357072 363683 107 206 32 31 39 25 23 16 20638 790 23 54 33 33 19282 26 39 20 20 1691 250 2444 25 417 16 110 23 400
internal_value=-8.36436e-06 -0.000385023 0.000899925 0.0266478 -0.0151232 0.0581218 0.0314039 0.0742822 0.125677 0.179191 0.000740336 -0.00187774 0.108892 0.074918 -0.00568698 0.0828672 0.00131915 0.0228061 0.0761479 0.137382 0.0669471 0.000475545 -0.00593419 -0.00640412 0.00427889 0.026144 0.0786283 0.0597276 0.136396 0.0135681
internal_weight=40731.9 20286.4 4809.9 29.629 12.7318 16.8971 11.071 5.4222 3.85734 2.54365 4780.27 1741.18 5.82616 4.25301 794.5 2.2118 946.679 35.7639 6.14556 3.66545 2.49039 910.915 792.289 784.039 124.367 41.1817 7.96023 7.09006 2.3706 33.2215
internal_count=837685 480613 116930 556 238 318 210 103 64 41 116374 46257 108 77 24389 66 21868 895 105 66 46 20973 24323 24073 3435 991 174 158 48 817
is_linear=0
shrinkage=0.05


Tree=190
num_leaves=31
num_cat=0
split_feature=11 24 14 18 18 10 7 22 8 11 8 18 10 8 8 7 8 8 6 7 19 8 19 19 19 10 21 24 8 9
split_gain=2.35804 3.72957 7.36583 5.61764 5.98358 6.11559 6.262 8.55306 7.20359 11.4934 13.1869 6.96807 10.3388 7.52732 7.14048 9.07817 6.78238 10.3062 5.9813 5.51359 7.94415 7.8199 5.48101 16.0237 18.0881 5.16866 4.97481 4.8938 7.09304 14.5466
threshold=0.051963024990569533 18.500000000000004 9.5000000000000018 0.25657894736842107 0.1438923395445135 0.047604934089818508 22946.000000000004 1.0000000180025095e-35 1.5387593379103157 0.050260215400075865 1.8324162270420492 0.16843971631205676 0.058558322200887004 1.2719024718053016 1.8795197596158675 180166.50000000003 1.6808428667646478 1.6073621060253098 2.5000000000000004 251790.50000000003 0.030135617848277535 1.1898064135664306 0.065024471140233811 0.062382478405439992 0.062766279836711417 0.064015528716532558 0.051432940262870375 7.5000000000000009 2.3013102123349882 0.24500000000000002
decision_type=2 2 2 2 2 2 2 2 2 2 2 2 2 2 2 2 2 2 2 2 2 2 2 2 2 2 2 2 2 2
left_child=1 2 27 4 19 -6 -7 8 -8 -10 -11 12 -9 18 16 -16 17 -14 -13 -3 -21 25 23 -23 -25 -22 -5 28 -1 -30
right_child=-2 3 -4 26 5 6 7 11 9 10 -12 13 14 -15 15 -17 -18 -19 -20 20 21 22 -24 24 -26 -27 -28 -29 29 -31
leaf_value=-1.7294241830253174e-05 0.00046333630735256127 0.00071315511793864728 -0.011659405183385027 0.074690579621731104 -0.05323772014909716 -0.025317346763508344 0.020916790470919305 0.17459394250859628 0.020349628989869639 0.27801802489728389 0.060739539743694171 0.013532411133104419 0.013753633708094818 -0.01638582083080348 0.041134757937861172 0.20504574588445892 -0.041547920700423534 0.15959332298075654 0.13457070099848353 -0.052633369357471982 0.13180668215789262 -0.011279187830430189 -0.043611412240733449 0.2419777326355036 0.011312308869394822 0.013509675636436678 -0.031276284642679467 -0.001659072069563553 0.014150879436809236 0.15603307534427902
leaf_weight=10294.237151629291 16054.76553482376 7209.2568835923448 152.41988375876099 1.1737292781472231 3.0143250208348027 6.8010876048356286 3.9851187877356988 1.2970851324498678 2.0041471887379885 1.5035351123660805 1.3039122521877287 2.9244631119072464 8.8088337052613515 18.477236103266478 3.142164032906293 1.1553392522037027 4.2193718254566184 1.4045562632381905 1.5679028816521166 10.692971147596834 1.6011019721627229 50.684676579199731 10.411458691582082 1.3562551643699401 2.2764340192079544 2.1813424192368984 19.653166525065899 6816.7046086164191 40.473619027994573 1.8909389115869988
leaf_count=213677 320426 149875 5931 23 56 103 58 20 31 23 20 39 135 319 51 18 75 23 20 262 19 1148 211 29 42 27 321 143653 1022 28
internal_value=-8.31568e-06 -0.000315175 -0.000716339 0.000626696 0.000700173 0.0162169 0.0197899 0.025713 0.0706342 0.111812 0.177104 0.0165226 0.0380788 -0.00227239 0.028625 0.0852005 0.0117791 0.0338097 0.0557766 0.000569011 -0.0125512 -0.00629531 -0.0103788 -0.00400879 0.0974307 0.0635846 -0.0253044 -0.000619102 6.67294e-05 0.0204838
internal_weight=40731.4 24676.6 17305.7 7370.9 7350.07 61.6091 58.5948 51.7937 8.79671 4.81159 2.80745 42.997 20.0274 22.9696 18.7303 4.2975 14.4328 10.2134 4.49237 7288.46 79.2042 68.5113 64.7288 54.3174 3.63269 3.78244 20.8269 17153.3 10336.6 42.3646
internal_count=837685 517259 364311 152948 152604 991 935 832 132 74 43 700 322 378 302 69 233 158 59 151613 1738 1476 1430 1219 71 46 344 358380 214727 1050
is_linear=0
shrinkage=0.05


Tree=191
num_leaves=31
num_cat=0
split_feature=8 18 19 15 18 22 19 10 7 11 7 19 10 10 9 0 24 12 7 9 18 10 6 19 24 20 8 24 16 10
split_gain=2.32551 4.62346 11.3282 10.8015 9.71126 9.4517 9.26473 7.93689 12.0497 19.3064 22.4375 7.76372 17.2168 7.32743 7.90644 7.29935 14.7643 7.08223 7.26534 7.67092 10.52 9.16685 7.53968 10.9399 17.3454 11.8837 14.2408 7.74836 11.4617 18.9368
threshold=2.1966278771528782 0.032380739700971953 0.045496789455897267 0.46428571428571436 0.050714431516636058 4.5000000000000009 0.047411195466951141 0.043169664968142181 44742.500000000007 0.053601648584168347 24182.000000000004 0.075720977894890948 0.028388942617666026 0.03673201681197185 0.14218328840970354 90.500000000000014 14.500000000000002 1.5000000000000002 116518.00000000001 0.065374651255480296 0.090644049827723311 0.031381341774377923 3.5000000000000004 0.015444245676803818 19.500000000000004 0.048451779155956061 2.287850759000476 1.0000000180025095e-35 1.0000000180025095e-35 0.039314221584721233
decision_type=2 2 2 2 2 2 2 2 2 2 2 2 2 2 2 2 2 2 2 2 2 2 2 2 2 2 2 2 2 2
left_child=-1 3 5 11 -4 17 -5 8 9 -6 -11 13 -13 14 -2 -7 -17 18 19 21 -21 -3 27 24 -24 26 -25 28 -20 -30
right_child=1 2 4 6 7 15 -8 -9 -10 10 -12 12 -14 -15 -16 16 -18 -19 22 20 -22 -23 23 25 -26 -27 -28 -29 29 -31
leaf_value=4.5268676288411192e-05 -0.0076196025334654945 -0.03406125108748137 -0.021916524512516838 0.01802241131632179 -0.0005985683472236492 -0.013358104138831182 0.19211630896081494 -0.0051946494501353439 0.0059529585251089576 0.05044234583127441 0.33771610620692283 0.15913120795056862 0.00093219864616790073 -0.024611727078952865 0.056035147139875965 0.20006322009859218 -0.052133883160969785 -0.033551203084635682 0.0019376170658069449 -0.0098419884043618681 0.1363857276368273 0.032431123733159414 0.032421052640019987 -0.00063915011773126636 0.29243393113007599 -0.023218139635131609 0.2017049162269208 -0.0052907450601807557 0.35660222481791121 0.0080522543611301033
leaf_weight=39930.574118501972 131.34780751168728 5.5158695587888351 82.118848299607635 2.1146943308413024 2.8875064235180643 62.996046277694404 1.1966293454170225 174.62190940603614 18.561348070390522 1.4526533130556347 1.2774229515343902 2.1084785908460608 9.3302600607275945 76.207634994760156 5.0663616061210623 1.1883242093026631 1.1342466771602628 8.4233532287180406 2.7493466828018418 24.429960997775201 1.2951808385550965 86.000788194127381 1.7653213404119008 1.9451838824897989 1.0074558686465023 6.8603648915886879 1.5724917631596325 83.695414757356048 0.73357806541025616 0.83127360045909882
leaf_count=817489 3616 152 2115 45 71 1724 15 3803 419 34 25 40 224 2078 122 30 32 376 61 543 18 2177 41 56 17 176 37 2103 22 24
internal_value=-8.2219e-06 -0.00267666 -0.000283025 -0.00870952 -0.00745199 0.0066105 0.0809356 -0.00147711 0.0253712 0.089532 0.18486 -0.0100344 0.0300927 -0.0121931 -0.00525549 -0.0101487 0.0769007 0.0114366 0.0131717 0.0216427 -0.00247988 0.0284235 0.00335412 0.0386667 0.126894 0.0150945 0.0898139 -0.00192246 0.0634223 0.171447
internal_weight=40731 800.436 573.064 227.372 280.92 292.144 3.31132 198.801 24.1789 5.61758 2.73008 224.061 11.4387 212.622 136.414 65.3186 2.32257 226.826 218.402 117.242 25.7251 91.5167 101.16 13.1508 2.77278 10.378 3.51768 88.0096 4.3142 1.56485
internal_count=837685 20196 14056 6140 6467 7589 60 4352 549 130 59 6080 264 5816 3738 1786 62 5803 5427 2890 561 2329 2537 327 58 269 93 2210 107 46
is_linear=0
shrinkage=0.05


Tree=192
num_leaves=31
num_cat=0
split_feature=2 19 10 14 20 22 9 22 10 9 9 19 14 20 7 8 7 10 16 6 8 10 9 19 7 11 22 10 7 22
split_gain=2.28117 4.81884 5.61129 9.25846 6.399 8.44711 7.27771 6.0472 7.06572 6.66007 13.3253 9.29601 5.13255 4.91438 6.3611 4.88629 5.00195 4.69305 5.47325 5.33436 6.21498 8.67173 7.52451 7.03297 9.07422 14.1767 8.64588 11.3037 8.66799 16.0802
threshold=4.5000000000000009 0.18898809523809526 0.12095088819226753 4.5000000000000009 0.049907189624989308 1.0000000180025095e-35 0.059675307672165494 5.5000000000000009 0.17519181585677754 0.056025176400516845 0.11782974059188894 0.051574603387958919 9.5000000000000018 0.073346462366107895 154375.00000000003 2.3224458556717349 251790.50000000003 1.0000000180025095e-35 1.5000000000000002 1.5000000000000002 1.4886432771608176 0.064015528716532558 0.125492125984252 0.085889929742388779 238799.00000000003 0.050260215400075865 1.5000000000000002 0.073205084163517703 185488.50000000003 1.0000000180025095e-35
decision_type=2 2 2 2 2 2 2 2 2 2 2 2 2 2 2 2 2 2 2 2 2 2 2 2 2 2 2 2 2 2
left_child=-1 2 12 4 7 6 -6 8 9 11 -11 -4 17 15 -15 16 -14 18 -2 20 21 22 -19 24 -23 -26 27 -25 29 -29
right_child=1 -3 3 -5 5 -7 -8 -9 -10 10 -12 -13 13 14 -16 -17 -18 19 -20 -21 -22 23 -24 26 25 -27 -28 28 -30 -31
leaf_value=-0.00019294971488297618 0.010808017131916958 -0.0097895327053793713 0.10709754919596255 0.104238409923608 0.067192309338122425 -0.0075876512669981848 -0.032972286036720817 -0.032820702951802956 -0.0074484859868632902 0.20440029374074986 0.012485099843082936 -0.033040655777578302 -0.022461464794404213 -0.020476910954410968 0.12668416530954216 0.12922712969738823 0.087098104503358476 0.017174388990926603 -0.0077877284573582605 -0.00039069915452516826 0.0016014962580756381 -0.02495529384365866 -0.02813741497243108 -0.054165036271509606 0.17314647962684648 -0.02899677919220079 -0.0045411017324843272 0.021359276082703309 0.0088156725600384601 0.21375922023661237
leaf_weight=32752.193022905849 216.7592681273818 107.00086504966021 2.4734067358076555 2.8085924312472335 7.7340947948396188 39.04844580963254 2.3689015153795481 2.3054676391184321 3.2130632381886235 2.3005834594368939 1.4904598258435724 2.2689213789999485 48.369842490181327 1.5793567476794117 1.3724345490336416 0.5539501179009666 1.0647192355245341 188.24382603913546 48.405724064446986 4673.7253464004025 2545.1723425984383 39.475768964737654 9.630865450948475 1.8369836360216156 1.5320406518876546 1.9991654660552738 19.078901315107942 1.971471209079027 2.3782911375164986 2.4178412556648254
leaf_count=677814 3960 1920 36 44 97 659 36 33 50 27 21 29 2141 51 19 26 27 2980 1357 94730 50417 609 146 27 20 32 278 29 35 35
internal_value=-8.26528e-06 0.000749867 0.000893132 0.0154096 0.0114623 0.00295571 0.0437062 0.0412171 0.0557484 0.0795439 0.128948 0.0400498 0.000770366 -0.0147451 0.0479456 -0.018447 -0.0201018 0.000876317 0.00741337 0.00064481 0.00236483 0.00959888 0.014969 -0.00543298 -0.0180862 0.0587046 0.0142241 0.055832 0.0856893 0.127342
internal_weight=40730.8 7978.58 7871.58 66.0119 63.2033 49.1514 10.103 14.0519 11.7464 8.53337 3.79104 4.74233 7805.57 52.9403 2.95179 49.9885 49.4346 7752.63 265.165 7487.46 2813.74 268.565 197.875 70.6905 43.007 3.53121 27.6835 8.60459 6.7676 4.38931
internal_count=837685 159871 157951 1032 988 792 133 196 163 113 48 65 156919 2264 70 2194 2168 154655 5317 149338 54608 4191 3126 1065 661 52 404 126 99 64
is_linear=0
shrinkage=0.05


Tree=193
num_leaves=31
num_cat=0
split_feature=0 20 7 3 9 18 19 10 10 19 24 20 25 7 18 24 18 8 22 10 8 8 18 20 10 8 18 24 9 20
split_gain=2.29349 6.74387 5.31213 5.32025 6.5968 7.32372 10.2713 8.78833 6.00922 10.1088 9.31347 12.712 6.76774 4.97525 8.99019 7.78966 14.3087 11.2339 8.27441 10.4392 6.73494 6.61434 6.2837 9.09352 11.7404 7.4499 24.9437 6.61494 6.70309 5.98478
threshold=91.500000000000014 0.096579867858530913 94577.000000000015 1.5000000000000002 0.051498711172493106 0.057770891503521153 0.063682026806090142 0.032149255362283004 0.024340870939073767 0.039128456699766591 8.5000000000000018 0.049914288384186579 38.500000000000007 47387.500000000007 0.060615832624861983 21.500000000000004 0.018912635249932936 2.0217851611656763 4.5000000000000009 0.055743840214454513 2.1068379243179067 1.8310903690545395 0.061833846905907111 0.054220665765204588 0.050705519807035561 2.0612693446885388 0.032739596469104675 14.500000000000002 0.15047169811320757 0.050168023074089317
decision_type=2 2 2 2 2 2 2 2 2 2 2 2 2 2 2 2 2 2 2 2 2 2 2 2 2 2 2 2 2 2
left_child=-1 2 13 4 -4 7 -7 -6 9 12 11 -11 -5 20 15 18 -17 -18 -15 -20 22 -21 25 24 -24 27 -27 28 -2 -16
right_child=1 -3 3 8 5 6 -8 -9 -10 10 -12 -13 -14 14 29 16 17 -19 19 21 -22 -23 23 -25 -26 26 -28 -29 -30 -31
leaf_value=3.1426056578408856e-05 0.00093530539828603077 0.084474925873555984 -0.020625257606021571 0.10316889191506678 0.12696891792454076 0.15005182600303157 -0.017690464997598552 -0.011071135074451725 -0.013650049955997227 0.25204932136001107 0.012900001573569367 0.027915332379969373 -0.01665421772130014 0.021819140591083447 -0.044265787188448147 0.21541427755144432 0.0057309286279621733 0.16443305869922462 -0.044071012929470181 0.10888223375513889 -0.046878050982856759 -0.011806812894673753 0.16368891201695476 0.13405633432623187 -0.0065123855743573419 0.29931378319932572 -0.026274721670497603 -0.024604228994646513 0.12513733740536812 0.016264761854059475
leaf_weight=40282.215020112693 42.544509618543088 2.1646165996789923 7.7261633053422001 1.2876074854284532 1.3787383139133433 2.6924037002027026 1.3805459979921577 7.0428181681782007 206.34755642991513 1.3009779527783387 3.0052546290680766 1.2313922969624398 13.897634644061327 52.115413622930646 11.058042393997313 1.2997108902782182 5.9620638471096754 1.3716010823845861 11.689665496349336 2.1500554010272017 8.9632593840360624 2.4052317421883345 1.1486887540668238 1.8657807447016228 8.590476877987383 0.85224352404475157 1.8990552164614198 37.118181671947241 1.1147848200052966 6.474493693560361
leaf_count=828097 894 39 157 36 22 42 22 122 4520 19 58 26 316 1108 218 24 128 28 270 35 222 44 22 33 173 20 44 801 19 126
internal_value=-8.14527e-06 -0.0035656 -0.00399298 -0.00888389 0.0156923 0.0381498 0.0931948 0.0115281 -0.0110724 0.0145945 0.0724233 0.143062 -0.00649402 0.00209633 0.0104007 0.0177589 0.062511 0.0354127 0.0121071 -0.0190503 -0.00544451 0.0451574 -0.00154075 0.0329345 0.0135621 -0.00633051 0.0745797 -0.00908633 0.00410665 -0.0219128
internal_weight=40730.3 448.079 445.914 247.291 20.2207 12.4945 4.07295 8.42156 227.07 20.7229 5.53762 2.53237 15.1852 198.623 94.5263 76.9937 8.63338 7.33366 68.3604 16.245 104.097 4.55529 95.1337 11.6049 9.73917 83.5288 2.7513 80.7775 43.6593 17.5325
internal_count=837685 9588 9549 5340 365 208 64 144 4975 455 103 45 352 4209 1981 1637 180 156 1457 349 2228 79 2006 228 195 1778 64 1714 913 344
is_linear=0
shrinkage=0.05


Tree=194
num_leaves=31
num_cat=0
split_feature=19 13 16 24 21 22 14 19 8 20 3 9 10 9 8 8 9 4 19 0 25 20 20 7 8 11 9 8 9 9
split_gain=2.25437 6.13539 6.82155 12.8893 14.4606 8.23381 5.70033 5.68719 6.1461 10.7895 8.35246 18.5187 13.8041 9.38021 7.17074 9.21009 8.22517 6.54821 10.3422 6.51601 10.6788 9.68751 7.81322 11.661 17.123 18.2741 7.99616 17.3044 7.33789 10.348
threshold=0.040992942230852543 1.0000000180025095e-35 31.500000000000004 20.500000000000004 0.025657894736842109 1.5000000000000002 3.5000000000000004 0.043788213234344883 2.0374990768300969 0.072762103796586569 2.5000000000000004 0.05573882498440013 0.057888980570432187 0.12294197031039138 2.0196870785874168 2.001155061995481 0.091206179441473564 2.5000000000000004 0.074146412037037049 55.500000000000007 1.0000000180025095e-35 0.014134452102687047 0.051008581457617823 186987.50000000003 2.0545018661317744 0.050303548014050625 1.0000000180025095e-35 2.0612693446885388 0.16264534883720935 0.13691420331651047
decision_type=2 2 2 2 2 2 2 2 2 2 2 2 2 2 2 2 2 2 2 2 2 2 2 2 2 2 2 2 2 2
left_child=1 2 -1 -4 5 -5 -3 -2 14 19 13 12 -12 -11 15 -9 -16 18 -15 20 21 -10 28 26 25 -25 27 -24 29 -23
right_child=7 6 3 4 -6 -7 -8 8 9 10 11 -13 -14 17 16 -17 -18 -19 -20 -21 -22 22 23 24 -26 -27 -28 -29 -30 -31
leaf_value=-0.000669363515479508 0.0029553633396581808 -0.0056561604556035388 0.010251533567765135 0.37899908390851134 -0.0073727744941802275 0.14317793050984082 -0.036410833608768393 0.00021785940510498129 0.17903576841723567 0.0019110864100672098 0.047149776544719108 -0.01950883633973639 0.25816166137133795 0.11098716354194121 0.009575037107310282 -0.0077664745222688764 -0.014438175053056213 0.066974932305442547 -0.042616001175780488 -0.012428695718920042 -0.0036814851928751186 0.022701639031349054 0.19272446996503018 0.34110082459453439 -0.011067100816730041 0.062070817021372932 -0.021890279262894916 -0.012038240972130127 -0.052584934164425848 0.16007919694444944
leaf_weight=8373.7267453735694 1748.755413136445 46.612723015248775 10.491168817505239 0.57956027612090055 1.0940439049154518 1.0244037969969211 22.262651488184929 27885.792039145716 0.86258284375071426 67.716700180433691 1.5016928818076842 2.9107038024812937 1.6017584186047313 1.5139241516590125 338.40466635674238 365.92176901642233 39.860664578154683 10.726827409118414 3.9683015830814838 186.39155751094222 1503.8223789837211 61.470299398526549 1.4256790839135636 0.88908983767032568 3.6101316940039396 1.7257133685052393 37.144437022507191 3.734653590247035 3.1374812601134172 1.4020412247627962
leaf_count=198300 40042 1034 422 19 29 41 654 540767 22 1258 34 47 27 23 7129 7725 758 165 53 4323 31903 1631 34 22 88 37 888 107 75 28
internal_value=-8.08833e-06 -0.000734823 -0.000612771 0.0353175 0.132786 0.228387 -0.015597 0.000182314 2.34513e-05 -0.00273383 0.0141682 0.0710877 0.156058 0.0100893 0.000206007 0.000114445 0.00704458 0.0442556 -0.000198277 -0.00357574 -0.00255666 0.0121011 0.010844 -0.00438629 0.0595078 0.156947 -0.013788 0.0445329 0.0220411 0.0257651
internal_weight=40730.1 8455.79 8386.92 13.1892 2.69801 1.60396 68.8754 32274.3 30525.5 1895.56 89.9399 6.01416 3.10345 83.9258 28630 28251.7 378.265 16.2091 5.48223 1805.62 1619.22 115.402 114.54 48.5297 6.22493 2.6148 42.3048 5.16033 66.0098 62.8723
internal_count=837685 200499 198811 511 89 60 1688 637186 597144 40765 1607 108 61 1499 556379 548492 7887 241 76 39158 34835 2932 2910 1176 147 59 1029 141 1734 1659
is_linear=0
shrinkage=0.05


Tree=195
num_leaves=31
num_cat=0
split_feature=20 24 24 20 0 8 8 19 21 25 9 20 8 7 25 19 8 8 18 24 19 7 6 10 18 22 22 19 16 0
split_gain=2.25628 6.12342 7.61332 11.6475 10.8707 10.7362 14.6326 22.8191 14.3881 22.2374 10.0583 9.77491 9.60087 8.79819 9.08538 9.12174 8.59972 8.08764 8.64773 16.959 16.3301 14.1923 10.0018 30.9072 28.5241 15.7175 7.91919 7.76159 9.34383 8.84296
threshold=0.022284295468653015 13.500000000000002 18.500000000000004 0.019386157218916383 30.500000000000004 1.8968239448879329 1.9759344456391033 0.040217281710022187 0.051432940262870375 330530.00000000006 0.055366492971767219 0.014134452102687047 2.0269616697815978 36729.500000000007 37566.500000000007 0.0395040742928209 1.7219218375107521 1.6796605839506467 0.034872139349578439 20.500000000000004 0.047954503192214719 200398.50000000003 2.5000000000000004 0.039732617135141042 0.040574838798189058 3.5000000000000004 4.5000000000000009 0.025884402358406292 1.0000000180025095e-35 53.500000000000007
decision_type=2 2 2 2 2 2 2 2 2 2 2 2 2 2 2 2 2 2 2 2 2 2 2 2 2 2 2 2 2 2
left_child=1 -1 3 4 5 13 7 8 -7 -10 -9 -11 -8 14 -3 -16 -17 18 -4 21 22 -20 23 -21 -24 -25 27 28 -5 -29
right_child=-2 2 17 26 -6 6 12 10 9 11 -12 -13 -14 -15 15 16 -18 -19 19 20 -22 -23 24 25 -26 -27 -28 29 -30 -31
leaf_value=-0.0073945517550586971 3.790567458039279e-05 0.23016130466402071 -0.029953457463973789 -0.0014765689834499766 -0.011455673776846515 0.041522875927007569 -0.052162376316898351 -0.031647806765090561 0.44844385540166487 0.070369976913756391 0.11887985269232355 0.28905427384969706 0.060327900611676394 0.010652078268159617 -0.052342040137119419 0.029670449743601862 0.23603672575277571 -0.010014673187787206 -0.040206582159532933 0.021065452546883079 -0.0044187862436740315 0.13775132663425513 0.28580315490919905 0.38815684298306952 -0.052727545871102177 0.13548445175579132 -0.036037228059642545 -0.0082677008112458598 0.22027028337084653 0.07065767521411305
leaf_weight=346.99064792413265 40116.708353897557 0.88554114289581676 6.5944310650229481 0.98366633430123218 14.635675538331268 1.0701910462230459 2.8292125575244409 2.4337985794991255 0.99839383363723788 1.2219471968710425 2.0399547144770622 0.87827500328421582 5.7554053673520684 28.423280117101967 1.321559436619282 1.2110544778406622 0.8657022900879382 125.00100809056312 7.9028556663543004 2.0389022398740035 4.1066044345498085 1.3054329324513672 0.88630123436450992 1.4740250613540413 2.0884612984955311 1.0566824339330194 15.073885723948477 28.1464630253613 0.91879277303814888 4.0610413886606684
leaf_count=8665 822527 26 148 24 362 33 77 64 29 29 44 20 142 654 33 24 19 3186 163 47 79 23 20 31 46 21 353 664 30 102
internal_value=-8.10385e-06 -0.00301814 0.00268632 0.0124752 0.0264389 0.0375457 0.0694912 0.115418 0.199582 0.254172 0.0369902 0.16182 0.0232547 0.0207197 0.0875179 0.0503476 0.115695 -0.00461765 0.0199558 0.0357341 0.0758142 -0.014978 0.119487 0.165937 0.0481343 0.282655 -0.00585667 0.00748073 0.105616 0.00168399
internal_weight=40729.9 613.199 266.209 113.754 64.57 49.9343 17.2272 8.64256 4.16881 3.09862 4.47375 2.10022 8.58462 32.7071 4.28386 3.39832 2.07676 152.455 27.4537 20.8593 11.651 9.20829 7.54437 4.56961 2.97476 2.53071 49.1838 34.11 1.90246 32.2075
internal_count=837685 15158 6493 2729 1556 1194 438 219 111 78 108 49 219 756 102 76 43 3764 578 430 244 186 165 99 66 52 1173 820 54 766
is_linear=0
shrinkage=0.05


Tree=196
num_leaves=31
num_cat=0
split_feature=7 12 14 10 8 14 20 20 18 17 9 10 20 0 10 20 20 18 8 19 7 20 11 8 25 19 22 7 17 19
split_gain=2.23234 6.23577 8.54113 11.3277 8.06415 5.94238 7.43264 11.3166 5.67746 7.65628 8.95622 5.66539 6.88593 10.4022 22.2313 7.44094 6.39125 6.22264 6.20987 13.522 13.432 10.789 14.5773 7.23847 8.7417 16.7326 18.3754 8.66483 25.2558 10.3299
threshold=246849.00000000003 2.5000000000000004 10.500000000000002 0.056890891400461163 1.9260293362942307 6.5000000000000009 0.063634808571517446 0.068932148982601804 0.029764022709751526 0.17797888386123684 0.044971910112359556 0.05596184985497963 0.04256423852765074 7.5000000000000009 0.056809299350987739 0.037759612185732629 0.040189788226848537 0.059276375798114934 1.901339876571617 0.10034722222222224 250774.00000000003 0.049914288384186579 0.050343962067630442 1.8228279714546614 11198.000000000002 0.056477154465036233 1.5000000000000002 254357.00000000003 0.098387096774193564 0.054835551129459599
decision_type=2 2 2 2 2 2 2 2 2 2 2 2 2 2 2 2 2 2 2 2 2 2 2 2 2 2 2 2 2 2
left_child=-1 2 5 -4 -5 8 -7 -8 9 -2 -11 -10 13 14 -13 17 -17 -16 23 -20 21 -21 -23 27 25 26 -25 -14 29 -29
right_child=1 -3 3 4 -6 6 7 -9 11 10 -12 12 18 -15 15 16 -18 -19 19 20 -22 22 -24 24 -26 -27 -28 28 -30 -31
leaf_value=5.407877049809441e-05 0.0073974376427346769 -0.034603654476013337 -0.0097594774176901818 0.064510480130217873 0.25586811202629622 -0.047495866498983609 0.20390276153861375 -0.052062253644613525 -0.0060819150146952869 0.1732753925118877 0.0061764626046425268 0.22164752848627042 -0.0051426363648890625 -0.020009061265746919 0.066425896389842407 0.16071507591693704 0.016188760031493134 -0.041082014401243178 -0.015591574007249471 0.0019822194424328047 -0.035527570899168984 0.042229138309272156 0.25293117687016636 0.28977964903869341 0.0086179846044487311 0.017874168276353696 0.065228996521608851 0.06828034986755796 0.20965680635047593 -0.0017729371020453128
leaf_weight=39606.836897460744 91.33024044521153 14.659194632433353 2.3958227038383475 1.2850149236619475 0.96327759325504292 12.569288374856113 0.78217503987252601 0.96400931105017662 559.70629089977592 1.5337682701647275 1.6805119998753069 1.8191575221717382 191.95722619630396 5.9641459994018069 2.0841593313962203 1.6326797381043436 1.4392877705395219 3.8000946082174778 95.246451202780008 1.7857970446348179 2.7922765854746103 1.5396383013576271 1.7583831772208212 1.3123463373631228 73.380461500957608 11.265336116775869 2.9794890843331814 6.5874829795211545 1.7058211509138335 26.159882733598351
leaf_count=813221 2027 552 96 41 18 491 27 33 12951 24 31 36 3378 113 38 28 26 66 2048 30 51 24 22 31 1305 266 78 128 29 476
internal_value=-8.25365e-06 -0.00220649 -0.00177802 0.065887 0.146497 -0.00206272 -0.0340673 0.0625931 -0.00164218 0.0100667 0.0859116 -0.00275485 0.00152395 0.0329697 0.0622934 0.0299259 0.0930012 -0.00300351 0.000266063 -0.0103851 0.0525774 0.100969 0.154568 0.00374912 0.0158357 0.0498805 0.133892 -0.000998688 0.0220895 0.012319
internal_weight=40729.9 1123.08 1108.42 4.64412 2.24829 1103.78 14.3155 1.74618 1089.46 94.5445 3.21428 994.916 435.21 16.7395 10.7754 8.95622 3.07197 5.88425 418.471 103.123 7.8761 5.08382 3.29802 315.348 88.9376 15.5572 4.29184 226.41 34.4532 32.7474
internal_count=837685 24464 23912 155 59 23757 551 60 23206 2082 55 21124 8173 307 194 158 54 104 7866 2175 127 76 46 5691 1680 375 109 4011 633 604
is_linear=0
shrinkage=0.05


Tree=197
num_leaves=31
num_cat=0
split_feature=11 9 18 9 8 9 8 10 10 8 18 3 7 19 11 3 19 7 4 22 7 20 9 18 2 8 24 24 19 18
split_gain=2.18353 3.45135 7.06823 6.1282 7.37627 7.04085 7.204 9.3594 12.6489 9.80472 17.1497 11.8523 11.6932 12.8177 9.5121 9.38354 9.20481 8.14 6.90042 6.98862 7.72177 7.46952 12.4281 12.3015 6.84026 9.76687 8.94474 8.77803 8.12368 6.32119
threshold=0.051963024990569533 0.063027594523657526 0.25657894736842107 0.080145985401459868 2.2284418219736888 0.076968647466277809 1.7048043448004966 0.061340127291047548 0.054381763177287365 1.7856648348586124 0.052665403869571102 -1.0000000180025095e-35 130389.50000000001 0.028639781271360222 0.050343962067630442 1.0000000180025095e-35 0.047077759422342026 76296.000000000015 2.5000000000000004 5.5000000000000009 254357.00000000003 0.064805189805189817 0.063914893617021282 0.044516323443620928 1.5000000000000002 2.0196870785874168 2.5000000000000004 3.5000000000000004 0.094467108618052034 0.057998710859997388
decision_type=2 2 2 2 2 2 2 2 2 2 2 2 2 2 2 2 2 2 2 2 2 2 2 2 2 2 2 2 2 2
left_child=1 -1 3 4 5 18 -7 8 9 10 11 12 13 -8 15 -9 -14 -15 19 20 -3 22 23 -21 25 26 -20 -28 -27 -29
right_child=-2 2 -4 -5 -6 6 7 14 -10 -11 -12 -13 16 17 -16 -17 -18 -19 24 21 -22 -23 -24 -25 -26 28 27 29 -30 -31
leaf_value=-0.0005982302193534609 0.00044550071629426402 -0.0066629292953711804 -0.030975463173793384 -0.00057315653664519618 -0.030691786501839846 -0.0057526282942462871 0.30066482246611242 0.0092021188752715935 0.0011283614192713839 0.015839852490458706 0.20150340524028942 -0.00039285437622584176 -0.052837773534521106 -0.010286117229408101 0.16301184665748739 0.075527147116296406 0.10036961782998971 0.15306392343366476 -0.017306114615323134 0.26803827063046354 0.12459959031464046 -0.03429871390130592 0.012523297150965774 0.047906402015413727 0.0027365543980116536 0.17181449924992631 0.07084252786544662 0.0061163369861008269 0.012947598715521716 0.031073007671651498
leaf_weight=19765.438104595058 16059.249104421586 347.26865887083113 17.347920432686806 2736.4039036817849 16.129807932302356 45.846947265788913 0.99043229036033142 12.612905582413083 95.118201451376081 32.774820581078529 1.9586525131016959 7.5981745328754196 1.9668912813067438 1.17266495898366 1.6144979372620571 9.2390466183423978 1.9546764455735681 2.1812300011515617 21.993701666593552 0.93474608473479692 1.1240321733057488 7.7737673446536055 53.893091377802193 1.9767947886139152 1357.1525566577911 1.7743553221225732 7.2066485825926057 80.397100517526269 1.4724568426609037 37.07232672534883
leaf_count=424820 320426 6366 284 52228 406 774 21 191 1690 706 35 151 40 24 27 139 38 40 377 20 21 134 1018 37 25483 32 114 1423 20 600
internal_value=-8.2529e-06 -0.000303625 0.000883543 0.000996623 0.00299344 0.00324792 0.0118278 0.016592 0.0118726 0.0320706 0.061918 0.0446842 0.0861198 0.142621 0.0458973 0.0372445 0.0235273 0.0959498 0.00228704 -0.00343907 -0.00623943 0.0116686 0.0179592 0.118579 0.00385612 0.0139913 0.0120924 0.0172785 0.099767 0.0139924
internal_weight=40729.6 24670.4 4904.95 4887.6 2151.2 2135.07 215.029 169.182 145.716 50.5975 17.8227 15.8641 8.26589 4.34433 23.4665 21.852 3.92157 3.35389 1920.04 412.971 348.393 64.5784 56.8046 2.91154 1507.07 149.917 146.67 124.676 3.24681 117.469
internal_count=837685 517259 92439 92155 39927 39521 3876 3102 2745 1055 349 314 163 85 357 330 78 64 35645 7596 6387 1209 1075 57 28049 2566 2514 2137 52 2023
is_linear=0
shrinkage=0.05


Tree=198
num_leaves=31
num_cat=0
split_feature=7 16 25 9 1 20 20 16 12 8 10 17 8 24 25 19 25 20 20 22 10 20 8 9 7 9 10 10 9 10
split_gain=2.18262 7.46169 9.93981 6.48518 5.76245 9.65278 8.17471 6.1177 6.69073 14.0031 23.5365 5.66709 5.35147 6.43977 8.01591 13.1585 14.591 14.454 11.6963 7.28578 7.09651 8.21158 5.09499 5.5582 5.02311 12.8063 13.4984 17.512 10.4683 10.7378
threshold=2378.5000000000005 28.500000000000004 1821.5000000000002 0.53571428571428581 1.5000000000000002 0.087129054520358878 0.067711845591391498 8.5000000000000018 1.0000000180025095e-35 1.7798050806619701 0.055777058832825736 0.16064516129032261 1.7219218375107521 17.500000000000004 185040.50000000003 0.096571316614420075 355127.00000000006 0.046888571221771862 0.039727362752986328 1.5000000000000002 0.05596184985497963 0.049914288384186579 1.7009089079363073 0.125492125984252 7205.5000000000009 0.079016742207011395 0.10540935672514622 0.13994288045695638 0.41428571428571431 0.060006858710562418
decision_type=2 2 2 2 2 2 2 2 2 2 2 2 2 2 2 2 2 2 2 2 2 2 2 2 2 2 2 2 2 2
left_child=1 3 -3 4 5 7 -6 12 9 -9 -11 -8 13 14 -1 16 -16 18 -18 20 21 -19 23 -15 25 -2 28 -28 -27 -30
right_child=24 2 -4 -5 6 -7 11 8 -10 10 -12 -13 -14 22 15 -17 17 19 -20 -21 -22 -23 -24 -25 -26 26 27 -29 29 -31
leaf_value=-0.017437955538795638 0.0057604485098934847 -0.014213456107534845 0.18238872559744923 0.11853858936536928 0.00098362630664077509 0.11703683795098235 -0.027686982268837257 -0.029662774957143319 -0.017988744027271457 0.010514874840026276 0.29765747001073622 0.066800171213402482 -0.021688633841769552 -0.033621116078516929 0.16006321957924841 0.15244924009062427 -0.0093952154325078821 -0.015128087857925238 0.20095161312985246 -0.033207450140401662 -0.032171287381554205 0.14642699059649414 0.08090737577084324 0.080446040566878207 -4.6402227375816181e-05 -0.018789168923804851 0.173673761494746 -0.029459865762455247 0.000783652572840719 0.16362348730533496
leaf_weight=16.94955038279295 838.03400165680796 1.3099582418799394 1.2625060286372898 1.0953083373606194 506.63863989245147 1.4582992792129505 35.14574090577662 2.1757761109620315 4.4298900803551078 1.6038823528215291 1.285752974450588 1.6619586423039425 99.607594422996044 22.691242326051004 1.6384916305542052 1.9364186748862255 1.1406706795096426 1.298101570457223 1.5711545422673223 12.135701801627873 2.2676342017948627 1.9959200546145437 1.1191901843994845 1.1206999290734518 39055.033690161072 104.1570091843605 2.189682960510253 2.0583371296525002 2.7734128329902878 1.5943264998495577
leaf_count=366 16851 36 22 12 9935 21 665 53 147 53 33 29 2190 409 28 29 21 21 26 189 32 30 22 20 804360 1943 31 34 54 23
internal_value=-8.20769e-06 -0.00272988 0.0822744 -0.00303318 -0.00321816 -0.0110695 -0.000669279 -0.0121372 0.0268923 0.0661425 0.13828 -0.0234207 -0.0143768 -0.00331917 0.00888223 0.0274827 0.016507 0.00498205 0.112474 -0.0114893 0.0359005 0.0827617 -0.0233523 -0.0282526 4.10161e-05 0.00363178 -0.0121867 0.0752473 -0.0156092 0.060224
internal_weight=40729.4 723.54 2.57246 720.968 719.872 176.426 543.446 174.968 9.4953 5.06541 2.88964 36.8077 165.472 65.8648 40.9336 23.9841 22.0477 20.4092 2.71183 17.6974 5.56166 3.29402 24.9311 23.8119 40005.8 950.807 112.773 4.24802 108.525 4.36774
internal_count=837685 14389 58 14331 14319 3690 10629 3669 286 139 86 694 3383 1193 742 376 347 319 47 272 83 51 451 429 823296 18936 2085 65 2020 77
is_linear=0
shrinkage=0.05


Tree=199
num_leaves=31
num_cat=0
split_feature=16 7 7 25 16 0 20 21 16 17 20 18 10 19 24 16 19 24 21 25 10 19 8 25 25 18 25 21 10 10
split_gain=2.17811 6.9025 12.0652 6.14965 5.54852 6.20408 6.7832 4.56051 5.43381 5.45062 7.18445 9.6802 11.5004 9.68943 5.71694 7.25881 5.25452 8.76385 6.81965 8.73848 12.0904 5.77641 5.14279 5.58309 8.83741 10.9172 5.33224 10.4766 6.93255 18.5745
threshold=24.500000000000004 6836.5000000000009 5796.5000000000009 40342.500000000007 28.500000000000004 6.5000000000000009 0.049914288384186579 0.61250000000000016 30.500000000000004 0.036038961038961044 0.048198250026024979 0.049778888062306612 0.050918800045605637 0.05381385106192877 19.500000000000004 26.500000000000004 0.04306191874377515 20.500000000000004 0.025657894736842109 3062.5000000000005 0.044813335170133632 0.05771754492226934 1.0767515120767015 36602.000000000007 52083.500000000007 0.059065418820092835 35.500000000000007 0.17914438502673799 0.04907832690499888 0.045215266584494811
decision_type=2 2 2 2 2 2 2 2 2 2 2 2 2 2 2 2 2 2 2 2 2 2 2 2 2 2 2 2 2 2
left_child=-1 2 3 4 -2 6 -6 8 9 -3 11 14 -13 -14 -11 -16 17 -10 19 20 -19 -18 -12 26 25 -25 27 28 29 -24
right_child=1 7 -4 -5 5 -7 -8 -9 16 10 22 12 13 -15 15 -17 21 18 -20 -21 -22 -23 23 24 -26 -27 -28 -29 -30 -31
leaf_value=1.569489455554885e-05 -0.05180349710228524 -0.027898632014156627 0.17798568752234331 0.15261634794246667 0.0901637360917278 0.14453550006341728 -0.052388447394497974 0.054551380206954769 0.0051797778840592303 -0.051418296813344172 0.098593668115472544 0.27012286992031032 0.16499280231245822 -0.022849331678482677 -0.051622718410675728 0.15705232144031012 -0.022768060276215987 -0.051885641565239615 0.0074108355341900847 0.25706895746599273 0.21947198398802087 0.011444237307382291 -0.051500904686833375 0.0027140498428581913 -0.052242856830929121 0.25482275823278572 -0.034803520760389166 0.17940943635439927 -0.040129757639011263 0.318507974003713
leaf_weight=40556.247374472208 3.0573653001338208 51.208001375198364 1.2885451130568988 0.72509027086198319 1.3789471611380579 1.0111769568175075 2.1135827489197254 2.8605692572891703 13.201549653895201 2.9654614198952896 0.98816045001149078 0.77516953181475434 1.1508298069238665 1.7015855517238376 0.75286629702895858 0.93342428840696812 26.086894969455898 0.92890953365713291 1.634424455463886 0.96615966781973828 0.73550151661038399 23.408761681988835 0.91102832742035633 0.90977090224623614 1.2670446727424858 0.81327994354069233 23.480653166770935 0.85449170321226109 4.2982559120282531 0.54036434181034565
leaf_count=831331 102 2190 31 14 34 22 61 29 540 120 20 22 33 48 29 21 1071 37 44 23 22 765 35 28 34 19 784 16 141 19
internal_value=-8.18244e-06 -0.00560741 0.0356539 0.0135205 0.000181517 0.0354718 0.00389509 -0.00802559 -0.0091408 -0.016924 -0.00365157 0.0381241 0.099347 0.0529371 -0.0096195 0.0638866 0.00173285 0.0253106 0.0876219 0.137459 0.068027 -0.0065875 -0.0138055 -0.0171636 0.0479976 0.121709 -0.0236399 0.0160517 -0.00822596 0.0862562
internal_weight=40729.2 172.948 9.57471 8.28616 7.56107 4.50371 3.49253 163.373 160.513 93.5504 42.3424 8.27934 3.62758 2.85242 4.65175 1.68629 66.9622 17.4665 4.265 2.63057 1.66441 49.4957 34.063 33.0749 2.9901 1.72305 30.0848 6.60414 5.74965 1.45139
internal_count=837685 6354 264 233 219 117 95 6090 6061 3559 1369 273 103 81 170 50 2502 666 126 82 59 1836 1096 1076 81 47 995 211 195 54
is_linear=0
shrinkage=0.05


end of trees

feature_importances:
price=698
age_cate=499
cate_id=484
customer=479
brand=447
hour_cate=430
gender_cate=377
time_since_last_click=376
hour=256
user_cate_affinity=243
user_count_3D=235
pid=217
cms_segid=190
dayofweek=185
user_ctr_3D=170
age_level=157
user_count_1D=129
user_count_1H=100
new_user_class_level=94
pvalue_level=61
shopping_level=56
user_ctr_1D=48
final_gender_code=34
user_ctr_1H=30
occupation=5

parameters:
[boosting: gbdt]
[objective: binary]
[metric: binary_logloss]
[tree_learner: serial]
[device_type: cpu]
[data_sample_strategy: bagging]
[data: ]
[valid: ]
[num_iterations: 200]
[learning_rate: 0.05]
[num_leaves: 31]
[num_threads: 2]
[seed: 42]
[deterministic: 0]
[force_col_wise: 0]
[force_row_wise: 0]
[histogram_pool_size: -1]
[max_depth: -1]
[min_data_in_leaf: 20]
[min_sum_hessian_in_leaf: 0.001]
[bagging_fraction: 1]
[pos_bagging_fraction: 1]
[neg_bagging_fraction: 1]
[bagging_freq: 0]
[bagging_seed: 400]
[bagging_by_query: 0]
[feature_fraction: 1]
[feature_fraction_bynode: 1]
[feature_fraction_seed: 30056]
[extra_trees: 0]
[extra_seed: 12879]
[early_stopping_round: 0]
[early_stopping_min_delta: 0]
[first_metric_only: 0]
[max_delta_step: 0]
[lambda_l1: 0]
[lambda_l2: 0]
[linear_lambda: 0]
[min_gain_to_split: 0]
[drop_rate: 0.1]
[max_drop: 50]
[skip_drop: 0.5]
[xgboost_dart_mode: 0]
[uniform_drop: 0]
[drop_seed: 17869]
[top_rate: 0.2]
[other_rate: 0.1]
[min_data_per_group: 100]
[max_cat_threshold: 32]
[cat_l2: 10]
[cat_smooth: 10]
[max_cat_to_onehot: 4]
[top_k: 20]
[monotone_constraints: ]
[monotone_constraints_method: basic]
[monotone_penalty: 0]
[feature_contri: ]
[forcedsplits_filename: ]
[refit_decay_rate: 0.9]
[cegb_tradeoff: 1]
[cegb_penalty_split: 0]
[cegb_penalty_feature_lazy: ]
[cegb_penalty_feature_coupled: ]
[path_smooth: 0]
[interaction_constraints: ]
[verbosity: -1]
[saved_feature_importance_type: 0]
[use_quantized_grad: 0]
[num_grad_quant_bins: 4]
[quant_train_renew_leaf: 0]
[stochastic_rounding: 1]
[linear_tree: 0]
[max_bin: 255]
[max_bin_by_feature: ]
[min_data_in_bin: 3]
[bin_construct_sample_cnt: 200000]
[data_random_seed: 175]
[is_enable_sparse: 1]
[enable_bundle: 1]
[use_missing: 1]
[zero_as_missing: 0]
[feature_pre_filter: 1]
[pre_partition: 0]
[two_round: 0]
[header: 0]
[label_column: ]
[weight_column: ]
[group_column: ]
[ignore_column: ]
[categorical_feature: ]
[forcedbins_filename: ]
[precise_float_parser: 0]
[parser_config_file: ]
[objective_seed: 16083]
[num_class: 1]
[is_unbalance: 0]
[scale_pos_weight: 1]
[sigmoid: 1]
[boost_from_average: 1]
[reg_sqrt: 0]
[alpha: 0.9]
[fair_c: 1]
[poisson_max_delta_step: 0.7]
[tweedie_variance_power: 1.5]
[lambdarank_truncation_level: 30]
[lambdarank_norm: 1]
[label_gain: ]
[lambdarank_position_bias_regularization: 0]
[eval_at: ]
[multi_error_top_k: 1]
[auc_mu_weights: ]
[num_machines: 1]
[local_listen_port: 12400]
[time_out: 120]
[machine_list_filename: ]
[machines: ]
[gpu_platform_id: -1]
[gpu_device_id: -1]
[gpu_use_dp: 0]
[num_gpu: 1]

end of parameters

pandas_categorical:[]
