tree
version=v4
num_class=1
num_tree_per_iteration=1
label_index=0
max_feature_idx=29
objective=binary sigmoid:1
feature_names=final_gender_code age_level occupation shopping_level cms_segid cms_group_id pvalue_level new_user_class_level hour weekday price ad_ctr_cv user_ctr_cv brand_te cate_id_te pid_te cms_group_id_te gender_cate age_cate brand_cate time_since_last_click user_count_1H user_ctr_1H user_count_1D user_ctr_1D user_count_3D user_ctr_3D affinity_score total_interactions interest_recency
feature_infos=[-1:2] [-1:6] [-1:1] [-1:3] [-1:96] [-1:12] [-1:3] [-1:4] [0:23] [0:6] [0.0099503308531680833:15.112973978601556] [0:1] [0:1] [0:1] [0:1] [0.050825554410361774:0.053799034432701717] [0:0.0598159509202454] [0:150] [0:150] [0:150] [0:999999] [0:18] [0:1] [0:47] [0:1] [0:91] [0:1] [0:10194] [0:10038] [1:1179123980]
tree_sizes=3460 3573 3548 3560 3564 3553 3581 3566 3578 3545 3565 3547 3574 3566 3568 3585 3539 3567 3557 3529 3523 3562 3532 3553 3526 3522 3545 3511 3551 3545 3503 3517 3542 3523 3487 3520 3512 3490 3495 3437 3546 3474 3443 3508 3484 3498 3445 3407 3520 3501 3443 3450 3415 3526 3435 3470 3454 3402 3468 3452 3389 3447 3463 3429 3421 3459 3423 3438 3458 3390 3399 3422 3436 3470 3429 3404 3412 3429

Tree=0
num_leaves=31
num_cat=0
split_feature=25 11 28 12 28 29 29 20 12 28 14 12 14 14 28 25 14 12 29 29 14 12 10 14 12 12 20 28 29 11
split_gain=1613.86 927.528 559.443 368.404 202.192 200.936 196.928 141.552 132.151 129.958 112.825 110.967 92.7406 88.1631 88.0646 78.4091 74.4266 69.5653 69.4248 63.8557 63.6356 60.3994 58.2417 56.5585 52.5932 48.2124 44.2403 42.0555 39.354 38.7016
threshold=1.5000000000000002 0.053804797353184462 36.500000000000007 0.09449404761904763 20.500000000000004 3826.5000000000005 209187.50000000003 14948.000000000002 0.044949494949494954 168.50000000000003 0.051612091089237574 0.051834173477011213 0.052089692714692722 0.053261782041778567 33.500000000000007 3.5000000000000004 0.054968414406823408 0.28991596638655465 347.50000000000006 281.50000000000006 0.052547805586533804 0.049390243902439034 5.2472871608274358 0.052935789700495589 0.051834173477011213 0.43650793650793657 131.50000000000003 198.50000000000003 143511.50000000003 0.057233848953594187
decision_type=2 2 2 2 2 2 2 2 2 2 2 2 2 2 2 2 2 2 2 2 2 2 2 2 2 2 2 2 2 2
left_child=1 2 6 5 10 26 11 -7 27 12 -3 22 18 -8 -5 20 -10 -16 -4 -13 -9 -12 -1 -21 -14 -11 -2 -6 -22 -28
right_child=3 4 9 14 8 7 13 15 16 25 21 19 24 -15 17 -17 -18 -19 -20 23 28 -23 -24 -25 -26 -27 29 -29 -30 -31
leaf_value=-2.9037461121584558 -2.9344185606761619 -2.8975533381485641 -2.856361605489135 -2.9120341928935147 -2.8668414450420401 -2.9579711532047965 -2.9383928927719247 -2.9371555079609353 -2.848120372645103 -2.8457272067248942 -2.8789532026177449 -2.8547146783598021 -2.8809625274276169 -2.9125722337049313 -2.8829162724839357 -2.9463809202377522 -2.8054416610282025 -2.8129159675573172 -2.9026664722833155 -2.9062383720301401 -2.886720949854845 -2.8502960520333938 -2.9291046648318377 -2.8780893018982572 -2.8485912865896088 -2.734921051030236 -2.9150392834816459 -2.8154114671211126 -2.9256567320750091 -2.8818935696908596
leaf_weight=2089.1101035401225 875.09986657649279 1506.6294495239854 384.70906908810139 1054.354988373816 1645.4044311791658 4716.6257693357766 3256.6321990266442 1000.430714096874 694.9090724401176 871.35717722028494 1401.6864098124206 451.58501837402582 1112.9083784334362 2226.4077078178525 765.72469473257661 2088.6176444143057 991.76343348249793 174.28128462657332 2044.6902903914452 1798.3129897452891 653.64099769666791 1547.4050651416183 1598.8670437894762 1183.5762629881501 914.15187525376678 41.120337005704641 1538.7870304398239 176.0048915669322 430.6062596142292 456.85433102026582
leaf_count=42422 17770 30594 7812 21410 33412 95777 66130 20315 14111 17694 28463 9170 22599 45210 15549 42412 20139 3539 41520 36517 13273 31422 32467 24034 18563 835 31247 3574 8744 9277
internal_value=-2.90425 -2.88956 -2.90215 -2.93193 -2.86115 -2.93867 -2.91366 -2.9461 -2.84319 -2.87512 -2.87529 -2.9027 -2.88216 -2.92791 -2.89219 -2.93269 -2.82303 -2.86994 -2.89533 -2.88976 -2.91897 -2.86392 -2.91474 -2.89507 -2.86636 -2.84073 -2.91567 -2.86187 -2.90218 -2.90745
internal_weight=39692.3 25937.2 17973.4 13755 7963.8 11760.7 12604.5 8889.92 3508.08 5368.94 4455.72 7121.45 4456.46 5483.04 1994.36 4173.3 1686.67 940.006 2429.4 3433.47 2084.68 2949.09 3687.98 2981.89 2027.06 912.478 2870.74 1821.41 1084.25 1995.64
internal_count=806001 526688 364973 279313 161715 238815 255950 180521 71236 109023 90479 144610 90494 111340 40498 84744 34250 19088 49332 69721 42332 59885 74889 60551 41162 18529 58294 36986 22017 40524
is_linear=0
shrinkage=1


Tree=1
num_leaves=31
num_cat=0
split_feature=20 11 29 12 29 28 23 27 14 14 10 10 25 28 14 11 12 20 29 25 12 14 14 28 11 12 13 28 12 29
split_gain=1335.74 650.447 411.876 339.037 263.495 198.203 164.756 156.295 119.386 112.723 109.713 75.9359 74.8996 74.113 73.0585 70.2594 63.2907 59.9827 58.7963 56.9306 55.1384 46.7944 46.5776 45.9757 45.3883 44.3394 44.0168 43.7819 43.1232 42.2611
threshold=72034.000000000015 0.053804797353184462 133761.50000000003 0.11237373737373739 67798.500000000015 50.500000000000007 2.5000000000000004 58.500000000000007 0.049264363443159535 0.053261782041778567 3.4341484687987527 3.7838486602436219 1.5000000000000002 87.500000000000014 0.052547805586533804 0.054176348293995362 0.16472868217054268 291535.50000000006 2743.0000000000005 1.5000000000000002 0.033060109289617494 0.052089692714692722 0.054568012632528771 34.500000000000007 0.065953144078144094 0.046693313953488379 0.045473343860440642 14.500000000000002 0.044949494949494954 173.50000000000003
decision_type=2 2 2 2 2 2 2 2 2 2 2 2 2 2 2 2 2 2 2 2 2 2 2 2 2 2 2 2 2 2
left_child=3 2 5 4 6 10 15 9 25 11 -2 -3 22 24 29 23 19 -11 -8 21 -10 -7 -6 -1 -5 -4 -19 -16 -9 -12
right_child=1 7 8 13 12 16 18 28 20 17 14 -13 -14 -15 27 -17 -18 26 -20 -21 -22 -23 -24 -25 -26 -27 -28 -29 -30 -31
leaf_value=-0.022255457492780011 0.046458277561682873 0.061612770289293843 -0.041945329559325339 -0.0029629909021858824 -0.042413556829428462 0.026300032667315416 -0.017394318431537381 0.049431251180074506 -0.015651974365384 0.019154954004923012 0.021790915919613539 0.0063167978826654918 -0.052225686451712772 0.057111746052454185 0.0013183045860230725 0.017506918161416751 0.08612279117019489 -0.004736941481467344 -0.044415336564749518 -0.0011022836407407804 0.0083840751445748915 0.053932641160367181 -0.012055804830734367 0.0013488397155937192 0.040439631069536713 -0.018589947780584259 0.051543602993070071 0.028877112715526645 0.081241342849733764 -0.011418403031692883
leaf_weight=1743.0743807554245 631.00768676027656 284.10395183414221 1419.6412931717932 990.59032993018627 1109.322283487767 1303.2289047800004 1386.0363787040114 857.38079852983356 1768.956208281219 908.29662196338177 441.90425895527005 1973.2618483155966 3912.8331695906818 392.99958942458034 1073.4444545432925 1161.2788842245936 249.03230407088995 146.47542620450258 1921.8797945939004 406.51182399690151 2072.6249243617058 1156.857463426888 928.36205326393247 1566.990773588419 318.38174183666706 1901.7863948084414 2709.7530552707613 1245.1344915889204 847.35260313376784 2884.3480579331517
leaf_count=35968 12731 5679 29500 19969 22741 25954 28451 16839 36269 18150 8790 39446 82851 7667 21614 23353 4802 2838 40625 8361 42100 22596 18634 31849 6336 39461 52508 24945 16045 58929
internal_value=-6.61067e-05 0.0145546 0.00337286 -0.0230711 -0.0282897 0.0171483 -0.0161736 0.0385117 -0.0146882 0.0309444 0.00691245 0.0132762 -0.0441294 0.0190279 0.00249181 -0.00365637 0.0377665 0.0415391 -0.0330934 0.0335657 -0.00268395 0.0392943 -0.0285827 -0.0110811 0.00759384 -0.0285725 0.0486574 0.0161181 0.0652427 -0.00700643
internal_weight=39712.9 24281.1 16554.5 15431.7 13729.8 9391.47 7779.26 7726.62 7163.01 6021.89 6275.84 2257.37 5950.52 1701.97 5644.83 4471.34 3115.63 3764.53 3307.92 2866.6 3841.58 2460.09 2037.68 3310.07 1308.97 3321.43 2856.23 2318.58 1704.73 3326.25
internal_count=806001 487557 336052 318444 284472 188722 160246 151505 147330 118621 127009 45125 124226 33972 114278 91170 61713 73496 69076 56911 78369 48550 41375 67817 26305 68961 55346 46559 32884 67719
is_linear=0
shrinkage=0.1


Tree=2
num_leaves=31
num_cat=0
split_feature=25 11 28 12 29 29 28 25 10 12 14 14 29 14 28 12 29 14 19 12 29 20 29 28 10 29 29 10 26 28
split_gain=1127.78 555.263 391.665 269.134 159.726 148.913 120.773 100.613 96.6143 94.5013 75.7174 72.2601 71.5912 62.9391 62.3988 59.6581 57.2799 54.8508 52.8961 49.2386 45.8716 45.5925 44.9024 42.911 42.7613 39.948 39.8855 39.1536 37.6635 37.1788
threshold=1.5000000000000002 0.053804797353184462 14.500000000000002 0.091966173361522213 87373.000000000015 133761.50000000003 12.500000000000002 4.5000000000000009 3.6594501131107333 0.039736842105263161 0.053868276288588597 0.051497104690683103 426.50000000000006 0.051612091089237574 182.50000000000003 0.051834173477011213 44207.000000000007 0.054568012632528771 1.0000000180025095e-35 0.044949494949494954 2989.5000000000005 62091.000000000007 127726.00000000001 128.50000000000003 3.5282686437673889 684.50000000000011 130721.50000000001 0.69564095131546499 0.43650793650793657 166.50000000000003
decision_type=2 2 2 2 2 2 2 2 2 2 2 2 2 2 2 2 2 2 2 2 2 2 2 2 2 2 2 2 2 2
left_child=1 2 8 4 7 9 18 17 -1 13 16 22 -11 -4 25 -7 24 -2 26 -12 -9 -6 -10 -14 -8 -5 -3 -21 -16 -15
right_child=3 6 5 14 21 15 10 20 11 12 19 -13 23 29 28 -17 -18 -19 -20 27 -22 -23 -24 -25 -26 -27 -28 -29 -30 -31
leaf_value=0.012440109676365644 -0.020153736233019397 0.026464095614696172 0.00013138925827509479 0.031034946147711396 -0.051903103158521396 -0.019699179758195441 0.13630466301019106 -0.017954180781679856 -0.014620969961270712 0.063927525639991378 0.040219323902968777 -0.006989142889717275 0.022142449586029761 0.020010910689226696 0.041522344499191975 0.010273982601803433 0.010476625297270711 0.0057363389310821772 0.032069044391044514 0.46537340725855725 -0.041213545110076362 -0.028917067757426841 -0.035989105938581935 0.057733772845741507 0.040521006511039841 -0.0046840313244880631 -0.0027483241402423606 0.065198727550063729 0.15463392439189197 0.060273760562518458
leaf_weight=1191.6858347579837 1758.5030408501625 746.41956955567002 1954.7449123896658 401.65316519886255 3048.1069031879306 1311.6316034495831 49.519891940057278 1373.1200446859002 1678.6315362080932 711.10890512913465 1502.846658192575 3172.8172089830041 2079.059232134372 1523.5537114851177 188.5947165414691 1345.0082924813032 966.3722588531673 1530.5277910083532 1727.7511440478265 2.4489754959940901 2216.7692877799273 1203.6643152274191 2374.4921275228262 404.68850854411721 792.84831269830465 1420.3471091575921 1250.2988249771297 1491.749922066927 34.882796626538038 269.98473516851664
leaf_count=24322 36939 14497 39231 7951 67802 27382 925 28518 34504 13436 28572 64764 40805 29982 3601 27317 18586 31539 33107 44 48513 25353 50703 7492 15063 28465 24306 26615 632 5035
internal_value=-0.000115142 0.0117553 0.00180423 -0.024032 -0.0301587 0.0156105 0.0327738 -0.0207409 -0.0139409 0.0233146 0.0432488 -0.0182916 0.0359513 0.0125437 0.00930702 -0.00452431 0.0270913 -0.00810597 0.0192576 0.053 -0.0323169 -0.0453958 -0.0271393 0.0279415 0.0461518 0.00319008 0.00817195 0.0658546 0.059178 0.0260718
internal_weight=39723.8 26547.7 18017.4 13176.2 11130.7 9599.78 8530.26 6878.92 8417.63 6943.14 4805.79 7225.94 3194.86 3748.28 2045.48 2656.64 1808.74 3289.03 3724.47 2997.05 3589.89 4251.77 4053.12 2483.75 842.368 1822 1996.72 1494.2 223.478 1793.54
internal_count=806001 526688 364973 279313 238664 190680 161715 145509 174293 135981 89805 149971 61733 74248 40649 54699 34574 68478 71910 55231 77031 93155 85207 48297 15988 36416 38803 26659 4233 35017
is_linear=0
shrinkage=0.1


Tree=3
num_leaves=31
num_cat=0
split_feature=23 14 29 29 11 23 29 12 12 28 28 29 12 14 11 27 12 27 10 10 10 10 13 19 28 20 10 14 11 10
split_gain=963.023 447.922 293.929 236.835 193.303 175.833 146.477 106.857 77.2789 76.6666 76.1329 74.6177 67.324 61.5484 59.2123 54.5954 52.2059 49.3989 46.2417 45.7987 45.4224 42.9692 41.9184 39.3598 38.2788 35.5933 35.3527 34.8858 34.2668 33.5025
threshold=1.0000000180025095e-35 0.052935789700495589 83556.000000000015 89715.500000000015 0.072343673335877462 2.5000000000000004 258291.50000000003 0.096464019851116647 0.034190531852717719 64.500000000000014 17.500000000000004 89.500000000000014 0.046693313953488379 0.047888248067491389 0.073282613560080576 81.500000000000014 0.10840188014101058 186.50000000000003 3.8699498809142097 4.8374709681539629 3.6661191964630322 3.4341484687987527 0.038059025891725516 45.500000000000007 34.500000000000007 187.50000000000003 4.5111341563452347 0.060065365719075968 0.07278747742323903 3.7838486602436219
decision_type=2 2 2 2 2 2 2 2 2 2 2 2 2 2 2 2 2 2 2 2 2 2 2 2 2 2 2 2 2 2
left_child=1 3 5 10 6 7 9 14 -7 21 18 -12 19 -4 20 23 25 22 28 -5 -2 -3 -14 -6 -22 -15 -11 -10 -1 -13
right_child=2 4 13 12 15 8 -8 -9 27 26 11 29 17 16 -16 -17 -18 -19 -20 -21 24 -23 -24 -25 -26 -27 -28 -29 -30 -31
leaf_value=0.01663999058095127 0.022536974260514819 0.047593042740489339 -0.055552815256860379 -0.01136118652856425 0.033368409947567554 -0.037616293699568509 -0.0035097823152067001 0.033249259935181547 -0.017235098516450564 0.076488229192350612 0.055571350946061852 0.04649962657648226 -0.021349030504378225 -0.05080216359594434 0.017753149458997912 0.068192697451804327 0.0023574118019762079 0.097896207175708849 -0.0084844539600666975 -0.037238932935197665 -0.025012469560148045 0.014572687523398185 0.0013194985788979887 0.065614576748924458 -0.0031468497326271245 -0.028641814315457932 0.036708026644757877 0.018375715522803347 0.098898425103235252 0.011967091001800729
leaf_weight=324.50153652951121 372.92488560080528 437.92778774350882 1665.6408511810005 1144.8843519687653 2929.1247315816581 2358.2078287675977 2590.3981512747705 891.66970787197351 1121.5827155187726 264.43153059110045 529.57623829692602 309.64977291226387 1330.176371306181 1123.0534779168665 936.36544612795115 702.13807948306203 388.12535510212183 45.098269209265709 1938.9997415468097 1698.5820364654064 1640.0117899850011 3936.727994967252 2109.3292749896646 434.70320264995098 1564.3177509941161 2043.8520852103829 1439.8406041003764 364.49858449772 60.00700407102704 3030.5633860304952
leaf_count=6370 7731 8399 37496 24222 53518 52116 52255 16971 23854 4856 9853 5891 28129 25546 18418 12212 7756 835 39675 36405 34632 76791 43234 7906 31806 45154 26232 7608 1113 59017
internal_value=-0.000149945 0.011635 -0.0207195 -0.00179554 0.0248398 -0.0100121 0.0164025 0.00161545 -0.0263611 0.0248877 0.0121063 0.0206975 -0.0154013 -0.0396901 -0.00463384 0.0428296 -0.032258 -0.00608384 -0.0022023 -0.0268196 -0.0104938 0.0178782 -0.00744721 0.0375355 -0.0143379 -0.0365004 0.0428802 -0.00850066 0.0294774 0.0151684
internal_weight=39726.9 25256.7 14470.3 12521.4 12735.3 9249.58 8669.33 5405.29 3844.29 6078.93 6193.3 3869.79 6328.07 5220.67 4513.62 4065.97 3555.03 3484.6 2323.51 2843.47 3577.25 4374.66 3439.51 3363.83 3204.33 3166.91 1704.27 1486.08 384.509 3340.21
internal_count=806001 496913 309088 254744 242169 193136 168533 109558 83578 116278 121919 74761 132825 115952 92587 73636 78456 72198 47158 60627 74169 85190 71363 61424 66438 70700 31088 31462 7483 64908
is_linear=0
shrinkage=0.1


Tree=4
num_leaves=31
num_cat=0
split_feature=25 11 28 12 29 20 28 12 14 10 25 10 29 28 14 28 13 14 10 28 10 29 12 10 29 12 12 14 29 12
split_gain=797.956 368.062 282.242 199.614 137.381 102.56 102.444 85.2927 85.1964 70.96 65.5516 55.0405 54.4379 52.176 52.0674 50.1577 52.2756 47.8231 47.7082 47.0349 40.5991 39.5291 39.2077 37.9531 34.7833 33.6664 32.4568 30.6824 30.45 30.3407
threshold=1.5000000000000002 0.051946130485519944 14.500000000000002 0.091966173361522213 4147.5000000000009 8506.5000000000018 101.50000000000001 0.044949494949494954 0.051612091089237574 3.6594501131107333 4.5000000000000009 3.714790094103249 19626.500000000004 90.500000000000014 0.047713916102683371 53.500000000000007 0.055204764560592791 0.052660465653706169 3.361762350583263 27.500000000000004 2.6956396684599553 127726.00000000001 0.28991596638655465 3.5818502620083108 143511.50000000003 0.051834173477011213 0.039736842105263161 0.053868276288588597 224885.00000000003 0.039736842105263161
decision_type=2 2 2 2 2 2 2 2 2 2 2 2 2 2 2 2 2 2 2 2 2 2 2 2 2 2 2 2 2 2
left_child=1 2 9 4 23 -6 8 11 12 -1 17 -3 -4 27 21 16 -9 -7 -8 -5 -10 -11 -21 -2 -19 -22 -20 -13 -18 -14
right_child=3 7 6 19 5 10 18 15 20 14 -12 13 29 -15 -16 -17 28 24 26 22 25 -23 -24 -25 -26 -27 -28 -29 -30 -31
leaf_value=0.0099027462933580813 0.031545623366416871 0.046385599724282196 0.012107152673557491 -0.0088311199997450403 -0.045660999297007197 -0.027184952780187829 0.11775281554969881 0.0030277524964373637 0.073529711799735178 -0.012849280973646744 -0.03782389305572513 -0.0057493428733711854 -0.022846131288226511 0.038452878171264054 -0.0087473716272715094 0.054440315985764348 0.043978003130902756 0.012625212218320227 0.018296583836933372 0.012026595814911032 0.0070768282008552667 -0.035888515573670121 0.058696956970325259 -0.010842387585522554 -0.020447693714801023 0.026919105319729009 0.043742787884677732 0.014252750081149835 0.024112809793666232 -0.00084230994693403191
leaf_weight=1201.9412420839071 230.19000679627061 517.85516621917486 1558.817898567766 952.21360819414258 3575.9311641529202 1186.9054428525269 63.356383599340916 615.19512747228146 129.75723569840193 1286.463898845017 1711.6335193403065 1239.6992339342833 1236.1150945425034 612.00436522066593 3895.3747247494757 1046.4837881438434 1694.1456829942763 852.35433422029018 1125.224219404161 898.30479608476162 1792.0719879195094 1768.3512109033763 225.11679946631193 2564.9035510234535 507.24356047064066 1635.4539609886706 903.93188884481788 2010.8409721888602 1417.0073320902884 1270.9909421987832
leaf_count=24120 4832 9510 30204 19474 85038 26487 1133 11510 2430 27064 39431 24409 26390 10738 80969 17070 30033 17272 21086 17246 35272 39897 3929 54421 11183 30404 15879 36956 25786 25828
internal_value=-0.00017649 0.00954169 0.00118835 -0.0208455 -0.0263846 -0.0331754 0.0127009 0.0258481 0.00732106 -0.0125324 -0.0226901 0.0157718 -0.00256723 0.0116674 -0.0164122 0.0350959 0.0296633 -0.0125179 0.0323002 0.00751968 0.0186232 -0.0261861 0.0213786 -0.00735152 0.000286256 0.0165446 0.0296322 0.0066243 0.0349302 -0.0116912
internal_weight=39725.9 27021.1 17867.9 12704.8 10629.2 7834.07 9715.72 9153.23 7623.21 8152.13 4258.14 4380.4 4065.92 3862.54 6950.19 4772.83 3726.35 2546.5 2092.51 2075.64 3557.28 3054.82 1123.42 2795.09 1359.6 3427.53 2029.16 3250.54 3111.15 2507.11
internal_count=806001 526688 360676 279313 238664 179411 188626 166012 150528 172050 94373 81613 82422 72103 147930 84399 67329 54942 38098 40649 68106 66961 21175 59253 28455 65676 36965 61365 55819 52218
is_linear=0
shrinkage=0.1


Tree=5
num_leaves=31
num_cat=0
split_feature=20 13 29 29 28 12 28 23 11 14 11 29 11 12 14 10 12 29 25 12 27 12 29 10 12 10 14 28 11 20
split_gain=683.614 284.83 211.314 159.296 130.173 123.476 102.544 92.8829 78.9558 74.6064 70.5941 66.9807 52.7783 48.9566 48.3491 43.5455 41.6308 39.0584 37.5717 36.7819 32.3266 31.0866 29.835 29.1999 29.032 28.0761 28.0085 27.7901 26.9735 26.652
threshold=72034.000000000015 0.043295334351862745 67798.500000000015 214302.50000000003 14.500000000000002 0.20526315789473687 178.50000000000003 2.5000000000000004 0.066565961732124881 0.049055804845897701 0.05253956569746044 539.50000000000011 0.061602788653066835 0.034190531852717719 0.047581196790903509 3.714790094103249 0.051834173477011213 47.500000000000007 1.0000000180025095e-35 0.16204051012753193 230.50000000000003 0.046693313953488379 1380.5000000000002 3.6594501131107333 0.12347560975609757 3.6901278942132305 0.075793479821915852 194.50000000000003 0.055453054530545311 339834.00000000006
decision_type=2 2 2 2 2 2 2 2 2 2 2 2 2 2 2 2 2 2 2 2 2 2 2 2 2 2 2 2 2 2
left_child=2 4 5 6 -2 7 8 14 16 -5 18 25 -11 22 -1 17 -3 -10 24 -12 26 -17 -9 -20 -4 -6 28 -15 -16 -14
right_child=1 3 10 9 11 -7 -8 13 15 12 19 -13 29 27 20 21 -18 -19 23 -21 -22 -23 -24 -25 -26 -27 -28 -29 -30 -31
leaf_value=-0.01688373095169711 -0.02023130331830858 0.0063271353029921568 -0.019970733167126917 -0.014405977643346727 0.10797467124271856 0.037632062207214212 0.056615888368941859 -0.017546020725630031 0.20046499755759323 -0.0003228115567082754 -0.019425826712809666 0.00011728093079766404 -0.00058631386654224658 -0.014057139064096447 -0.0071763373484748892 0.018339001040276217 0.02221146962147235 0.054766596246597216 -0.020021400599898098 0.03409462265005242 0.03647927108833586 0.037080664787767538 -0.042530125591811033 -0.046071770826992708 0.069850597506794537 0.028399483903560438 0.043292942429079523 0.028980092395672025 0.0135827857046822 0.027957736899867788
leaf_weight=1469.7466344572604 3542.8006954826415 3285.3912960700691 423.91304174810648 1668.241375990212 47.529414284974337 565.2829011157155 876.85735375061631 763.80839017778635 19.184886753559113 2143.8113941550255 1570.4619381092489 3630.2920713759959 410.06366232037544 1083.1102922782302 1925.439564704895 1665.1341634057462 3314.6283547542989 449.41090413928032 497.31640461832285 139.84319250285625 295.5058571472764 1889.0889062471688 1277.196892760694 3192.179568823427 39.322719972580671 660.43583207204938 154.45781153067946 174.16444389522076 927.39694899693131 1617.1004262305796
leaf_count=30782 75911 65342 9186 35671 820 10155 14635 16842 313 43860 35577 71131 7819 23676 39930 30671 62012 7616 11759 2616 5611 31747 30804 76205 789 11825 3092 3644 17776 28184
internal_value=-0.000193832 0.00975345 -0.0174962 0.0169182 -0.00600956 -0.00754918 0.0237483 -0.0107137 0.0210352 0.00346713 -0.032148 0.0056045 0.0106157 -0.0236182 -0.00179548 0.032078 0.0143045 0.0607317 -0.03919 -0.0150497 0.0049188 0.0283003 -0.0331803 -0.0425604 -0.0123461 0.0337418 0.00181757 -0.00809539 -0.000427985 0.0221837
internal_weight=39719.1 25220 14499.1 17338.9 7881.06 8636.11 11499.7 8070.83 10622.8 5839.22 5863.04 4338.26 4170.98 3298.28 4772.55 4022.82 6600.02 468.596 4152.73 1710.31 3302.8 3554.22 2041.01 3689.5 463.236 707.965 3007.29 1257.27 2852.84 2027.16
internal_count=806001 487557 318444 327870 159687 182312 212336 172157 197701 115534 136132 83776 79863 74966 97191 70347 127354 7929 97939 38193 66409 62418 47646 87964 9975 12645 60798 27320 57706 36003
is_linear=0
shrinkage=0.1


Tree=6
num_leaves=31
num_cat=0
split_feature=25 14 29 28 12 12 12 29 12 28 10 21 14 10 11 11 29 14 20 28 13 29 28 12 11 21 11 28 10 25
split_gain=575.908 305.223 176.927 136.947 129.671 84.5625 80.4874 76.3605 60.1516 57.7118 56.6866 55.136 46.937 46.2851 45.9696 45.8975 38.9616 39.9441 37.5679 35.9308 34.6058 33.7327 32.7927 30.9506 29.126 27.4104 26.2793 25.8796 26.5164 25.5147
threshold=2.5000000000000004 0.052660465653706169 66287.500000000015 19.500000000000004 0.059411764705882358 0.049390243902439034 0.051834173477011213 3255.5000000000005 0.3257575757575758 54.500000000000007 3.8699498809142097 1.0000000180025095e-35 0.045638838945055236 4.8374709681539629 0.065254743762139564 0.087638450966125006 75648.500000000015 0.062574104838482775 9444.5000000000018 84.500000000000014 0.045397297916189606 312.50000000000006 174.50000000000003 0.051834173477011213 0.07278747742323903 1.0000000180025095e-35 0.063891637803067794 164.50000000000003 3.6661191964630322 4.5000000000000009
decision_type=2 2 2 2 2 2 2 2 2 2 2 2 2 2 2 2 2 2 2 2 2 2 2 2 2 2 2 2 2 2
left_child=1 2 9 5 7 14 13 -2 11 10 24 15 -9 25 -3 22 17 27 -14 20 -8 -11 -5 -12 -1 -4 -7 28 -6 -20
right_child=4 3 6 8 16 26 19 12 -10 21 23 -13 18 -15 -16 -17 -18 -19 29 -21 -22 -23 -24 -25 -26 -27 -28 -29 -30 -31
leaf_value=0.018075900020272085 -0.011310712230042125 -0.011294437867538738 -0.006988228265146789 0.017579055718406459 0.040997907522161085 0.010557820231127498 -0.017990233643481502 -0.052222948011791004 0.05881337670976497 0.040382119262448085 -0.011517058876554253 -0.0094978687266090295 -0.039749691891512201 -0.034024416666042008 0.010959111884800058 0.039552223377817684 -0.020393388417195506 0.065100432106664025 -0.0062809338099627148 0.030870578025298131 0.00149753570803481 0.013100551054899864 0.041116936206731722 0.0061502433060030802 0.071740327903955917 -0.051412657895461768 0.027235405113603839 0.030605090611735466 -0.0086980918875165358 -0.029969298634180977
leaf_weight=583.20826065912843 1759.1546546369791 2616.2035602293909 1376.4501198865473 4526.4133698679507 119.50237936526537 2387.4509791508317 1621.6892334669828 1260.2253474704921 501.65126361697912 629.31934245675802 2149.4321469403803 486.78571176156402 1917.073098577559 2243.270245756954 1438.7577542923391 1706.9196394532919 762.34897247701883 110.66367481276393 797.39908189699054 268.10938326269388 2079.9240793287754 1619.69804366678 680.9330411888659 1840.7744292914867 122.35465417802334 154.47779658809304 1563.5993513986468 271.38662229850888 1057.3035910353065 1057.9746071249247
leaf_count=11175 38205 54889 29904 82170 2470 46930 35560 31646 8057 10949 44771 9792 48899 51207 26593 27731 17079 2199 17439 4807 42295 29859 11157 35713 1967 3778 26273 5098 21819 25570
internal_value=-0.000205059 0.00636718 -0.00402705 0.0159643 -0.0222716 0.00674624 -0.0144204 -0.0292452 0.0253028 0.00756222 0.00125344 0.0230315 -0.0355141 -0.024876 -0.00339856 0.0253216 -0.00186713 0.00719302 -0.0299324 -0.00447969 -0.00704012 0.0207345 0.020657 -0.00336672 0.0273821 -0.0114709 0.0171579 0.00276803 -0.00365156 -0.0197886
internal_weight=39710.5 30597.4 14688.7 15908.7 9113.03 8006.01 7743.92 6791.83 7902.7 6944.79 4695.77 7401.05 5032.67 3774.2 4054.96 6914.27 2321.21 1558.86 3772.45 3969.72 3701.61 2249.02 5207.35 3990.21 705.563 1530.93 3951.05 1448.19 1176.81 1855.37
internal_count=806001 595577 301985 293592 210424 154685 167551 161759 138907 134434 93626 130850 123554 84889 81482 121058 48665 31586 91908 82662 77855 40808 93327 80484 13142 33682 73203 29387 24289 43009
is_linear=0
shrinkage=0.1


Tree=7
num_leaves=31
num_cat=0
split_feature=20 13 29 29 29 12 28 23 11 14 10 27 14 11 14 29 29 29 12 14 10 12 12 12 28 12 9 11 10 23
split_gain=484.941 199.225 157.958 111.772 97.0817 82.3009 62.8297 62.3628 59.4005 53.8644 48.7308 45.6787 45.6421 40.9525 39.7644 38.5425 36.1485 34.915 32.5479 29.8528 29.7987 27.4436 26.9279 24.5636 24.3897 23.4275 22.7398 22.7397 21.9987 21.5886
threshold=70852.500000000015 0.043295334351862745 67798.500000000015 214302.50000000003 193936.50000000003 0.17445652173913045 120.50000000000001 2.5000000000000004 0.05253956569746044 0.047320302957372766 3.7838486602436219 9.5000000000000018 0.053628809498555467 0.061602788653066835 0.051676389767223066 157.50000000000003 1670.5000000000002 606.50000000000011 0.11696306429548566 0.054139657158191141 3.1586996581296694 0.027212143650499818 0.16204051012753193 0.044949494949494954 708.50000000000011 0.049390243902439034 4.5000000000000009 0.1115257048092869 3.4341484687987527 1.5000000000000002
decision_type=2 2 2 2 2 2 2 2 2 2 2 2 2 2 2 2 2 2 2 2 2 2 2 2 2 2 2 2 2 2
left_child=2 4 5 6 11 7 10 14 18 -5 -3 -2 16 -11 -1 -9 -12 20 19 -4 -13 -17 29 -14 -21 -6 -25 -7 -16 -10
right_child=1 3 8 9 25 27 -8 15 22 13 12 17 23 -15 28 21 -18 -19 -20 24 -22 -23 -24 26 -26 -27 -28 -29 -30 -31
leaf_value=-0.012202995001155098 -0.014607647397996729 0.033549348919330611 -0.046109042275948857 -0.015546945644819482 -0.033147002041420799 0.018494879784363351 0.037458724363132766 -0.00029628029575153638 -0.0056953225156588204 -0.0016057438848437651 0.023640571441046684 0.1216938184801216 0.012629500309293801 0.017251865334719216 0.037046772667618404 -0.035439955160611374 9.9309745387711902e-05 0.002701869218611869 -0.0074633030514417251 -0.027927455659165656 0.021809115305093003 -0.013593120782221819 0.02890067940238384 0.032625167970843374 0.34116815438842035 -0.013534882700296076 0.012244119856195794 0.071445272535308454 0.0034595369925033747 -0.029771168391777077
leaf_weight=2163.3313113860786 1219.1890099607408 1437.4346773251891 1988.2574593871832 1284.5698472037911 1017.012008190155 659.60068192332983 1658.3530185334384 719.68668097257614 842.89587752521038 2356.772924695164 839.72199131548405 30.992734380066395 2415.99693839252 2252.0627487376332 213.37945363298059 1435.2556023225188 2922.0456880703568 3238.4495725594461 386.37181327864528 1517.8591427467763 822.66643653437495 959.32232797145844 144.16661938652396 1851.2050549536943 1.7924267947673787 1518.5085612460971 777.29946352168918 92.475522458553314 2264.7851415649056 667.30157535895705
leaf_count=45727 25911 25047 51722 28227 23321 11552 26497 15768 18157 48542 15514 489 44585 39020 4105 36163 58020 62999 8169 37453 14424 21796 2595 30616 40 32978 12836 1536 45030 17162
internal_value=-0.000211883 0.00797118 -0.0151397 0.0138243 -0.0053028 -0.00657883 0.0194011 -0.00964158 -0.0282662 0.00256164 0.0164777 0.0023824 0.0136911 0.00760884 -0.00229646 -0.0205887 0.00535432 0.00744436 -0.03501 -0.0380441 0.0254355 -0.0266876 -0.0123917 0.019908 -0.0274921 -0.0214014 0.0265981 0.0250057 0.00635153 -0.0163336
internal_weight=39698.8 25642.3 14056.5 17795.5 7846.82 8507.84 11902.1 7755.76 5548.64 5893.41 10243.7 5311.3 8806.27 4608.84 4641.5 3114.26 3761.77 4092.11 3894.28 3507.91 853.659 2394.58 1654.36 5044.5 1519.65 2535.52 2628.5 752.076 2478.16 1510.2
internal_count=806001 489026 316975 328904 160122 181677 213115 168589 135298 115789 186618 103823 161571 87562 94862 73727 73534 77912 97384 89215 14913 57959 37914 88037 37493 56299 43452 13088 49135 35319
is_linear=0
shrinkage=0.1


Tree=8
num_leaves=31
num_cat=0
split_feature=25 28 29 14 13 14 29 12 21 20 10 11 29 10 11 12 12 29 20 12 10 20 13 20 12 10 12 20 11 21
split_gain=416.162 184.703 128.401 111.804 105.56 83.7002 75.0281 58.1251 58.0516 57.7106 55.3001 42.9386 40.3098 40.0144 39.7139 35.0071 33.3188 30.1134 29.8664 28.8678 28.5268 28.3331 28.2017 27.6569 26.303 25.3691 25.2222 23.8896 23.3945 23.2301
threshold=1.5000000000000002 7.5000000000000009 14676.500000000002 0.055100341623171727 0.055204764560592791 0.045391202276860797 173.50000000000003 0.088562091503267992 1.0000000180025095e-35 21136.000000000004 3.7118630218900051 0.01739261947973382 355759.00000000006 5.1929846278964122 0.054616477272727275 0.055050505050505051 0.21651785714285718 539.50000000000011 9444.5000000000018 0.16472868217054268 3.4995287186944624 364.50000000000006 0.089054109871953752 507.50000000000006 0.15470085470085473 2.6956396684599553 0.13245614035087722 8506.5000000000018 0.051946130485519944 1.0000000180025095e-35
decision_type=2 2 2 2 2 2 2 2 2 2 2 2 2 2 2 2 2 2 2 2 2 2 2 2 2 2 2 2 2 2
left_child=1 4 7 6 20 29 -3 14 10 15 -8 27 16 17 25 -7 28 23 -9 -13 -1 -16 -15 -5 -11 -2 -25 -6 -12 -4
right_child=2 3 5 13 11 9 8 18 -10 24 12 19 -14 22 21 -17 -18 -19 -20 -21 -22 -23 -24 26 -26 -27 -28 -29 -30 -31
leaf_value=0.0067509140811345394 0.039076639994733563 0.028444169304184853 -0.035153650014442143 -0.0041721677331379861 -0.044559619773918542 -0.034487866224881647 0.026498736719352663 0.0050299731764839022 -0.039022059488388869 -0.011220740032729408 -0.0018498916830154638 0.0075714954104744246 -0.017530077195087181 0.010762193041361594 -0.014872111312474965 -0.008952047399159101 0.032967158095615255 0.023834832962288534 0.040484090561701713 0.050848870547839299 -0.022207616735770985 0.022563240912826944 0.035782778003263405 0.050752516574212925 0.019960597020709462 -0.016360214844931338 0.13301484696282256 -0.0058902546399144246 0.011952179721800082 -0.059891350104922386
leaf_weight=382.00543127954006 85.221795633435249 1194.6805852949619 1177.699207816273 85.094016425311565 180.90553223341703 2131.4571923315525 922.55500560626388 622.03738742694259 335.79240935668349 2499.8036204762757 4668.8725535422564 3422.633164729923 1058.8716008067131 3965.4849926009774 308.45604583621025 717.59683085605502 362.15630909055471 3801.0544367842376 384.45262598246336 161.39989928901196 3106.3594705685973 586.77814573049545 508.22037958353758 446.94160112738609 303.36030247807503 2631.382055722177 40.662873141467571 1366.9722962751985 1666.3964162878692 560.16006137430668
leaf_count=7749 1829 20523 29444 1525 4174 57190 16990 11719 7393 56297 94518 63677 23024 68271 6878 16324 6467 65567 6862 2845 69212 12246 8195 7236 5551 59599 600 28819 29903 15374
internal_value=-0.000213406 0.00653185 -0.0157599 0.0120262 -0.00561437 -0.0239344 0.00489575 -0.00267944 0.00177495 -0.0180332 0.00335342 0.00350913 0.000600457 0.0202541 -0.0086016 -0.0280561 0.00346692 0.0270556 0.0185725 0.00952041 -0.0190364 0.00966476 0.0136046 0.0484324 -0.00784627 -0.0146211 0.0576126 -0.0104097 0.00178053 -0.0431273
internal_weight=39685.5 27677.1 12008.4 19056.8 8620.28 7390.08 10209.3 4618.33 9014.64 5652.22 8678.85 5131.91 7756.3 8847.46 3611.84 2849.05 6697.43 4373.75 1006.49 3584.03 3488.36 895.234 4473.71 572.698 2803.16 2716.6 487.604 1547.88 6335.27 1737.86
internal_count=806001 526688 279313 350212 176476 180180 198818 99133 178295 135362 170902 99515 153912 151394 80552 73514 130888 74928 18581 66522 76961 19124 76466 9361 61848 61428 7836 32993 124421 44818
is_linear=0
shrinkage=0.1


Tree=9
num_leaves=31
num_cat=0
split_feature=25 14 29 12 12 12 29 29 28 10 14 10 28 27 11 23 10 12 29 20 10 10 9 29 27 10 17 28 11 19
split_gain=350.823 177.866 127.769 88.2513 73.2381 69.5389 58.711 55.3918 51.335 48.8728 39.5042 37.564 32.8615 32.7891 32.5282 31.719 29.2974 27.0374 26.7315 26.2128 25.5065 24.5847 24.2603 24.1454 24.4758 23.4568 23.9709 23.2232 23.084 22.7401
threshold=2.5000000000000004 0.054949532944642977 130721.50000000001 0.059411764705882358 0.051834173477011213 0.051834173477011213 270668.50000000006 3826.5000000000005 57.500000000000007 3.7838486602436219 0.045638838945055236 4.8374709681539629 26.500000000000004 182.50000000000003 0.096930786094581903 4.5000000000000009 2.934388501996569 0.049390243902439034 684.50000000000011 43379.000000000007 3.8284239579120656 4.7883243824415773 4.5000000000000009 143.50000000000003 1576.0000000000002 4.9155874454622523 139.50000000000003 326.50000000000006 0.067591612965278464 13.500000000000002
decision_type=2 2 2 2 2 2 2 2 2 2 2 2 2 2 2 2 2 2 2 2 2 2 2 2 2 2 2 2 2 2
left_child=1 2 8 7 6 11 13 20 9 14 -9 -4 -6 19 -1 28 -10 -11 -5 -3 -2 -21 -14 24 25 -18 -27 -20 -12 -7
right_child=3 4 5 18 12 29 -8 10 16 17 15 -13 22 -15 -16 -17 23 -19 27 21 -22 -23 -24 -25 -26 26 -28 -29 -30 -31
leaf_value=0.013103453882913001 0.023067228007069396 -0.0034133236376058815 -0.01153647574904563 0.016963966161269172 0.014245253485499466 -0.0074661571553962594 -0.0093885690470927718 -0.046207961706741622 0.092103911567634644 -0.0098403727443063388 -0.024359906338254547 -0.033936595279761166 0.033931666952594162 0.033292254535725402 0.064434895822302871 -0.039911907379432746 0.06185747236781626 0.0037790323465078167 -0.0098942535402469656 0.023917077069148779 -0.013499228869404162 0.0068709158514906991 0.014262746136220189 0.010187845679158236 0.44413257285497709 0.013919634533592058 0.20436174003910532 0.051516951179965791 -0.0025731473110038377 0.013427427337344158
leaf_weight=848.64495984092355 217.51364203915 1380.9211666285992 1312.8306183665991 598.68202428519726 4167.3331929519773 2793.6441890709102 1891.9056275673211 1115.1004927791655 49.650298494845629 3093.2451691217721 1858.634693685919 1742.0084664523602 2079.7397630475461 588.29462895542383 144.4654547162354 973.957664296031 181.47183960676193 2756.6670507900417 1643.5152252875268 1285.3114102631807 1550.865761809051 2475.8633238077164 897.81441367417574 2308.8803264349699 1.4496130235493172 344.26470642909408 6.7387055009603491 63.975279238075018 658.6693424358964 640.31081303954124
leaf_count=15555 4676 27999 29949 11436 73781 60175 38634 31340 805 65712 47708 42551 31558 9262 2166 27163 2904 52918 36057 22778 34836 44920 13918 41571 22 5571 108 1172 16036 12720
internal_value=-0.000213705 0.00476323 -0.00246432 -0.0179817 0.0127039 -0.0133343 0.00588565 -0.0240462 0.00478061 5.95709e-05 -0.0298218 -0.02431 0.0199778 0.0109285 0.0205705 -0.0245881 0.0159497 -0.00342247 -0.00121826 0.0083699 -0.00900149 0.0126961 0.0280009 0.0146197 0.0337845 0.0326674 0.0175758 -0.00759333 -0.0186593 -0.00357024
internal_weight=39672.4 30991.5 16224.3 8680.91 14767.2 6488.79 7622.3 6374.74 9735.48 6843.02 4606.36 3054.84 7144.89 5730.39 993.11 3491.26 2892.46 5849.91 2306.17 5142.1 1768.38 3761.17 2977.55 2842.81 533.925 532.475 351.003 1707.49 2517.3 3433.96
internal_count=806001 595577 332727 210424 262850 145395 143593 161759 187332 136351 122247 72500 119257 104959 17721 90907 50981 118630 48665 95697 39512 67698 45476 50176 8605 8583 5679 37229 63744 72895
is_linear=0
shrinkage=0.1


Tree=10
num_leaves=31
num_cat=0
split_feature=23 29 13 12 29 10 11 28 23 14 29 14 10 20 11 28 10 29 26 20 10 29 19 10 8 14 10 14 1 23
split_gain=301.117 142.003 134.48 86.1784 69.7195 65.0615 68.7907 64.3718 44.0527 39.1405 37.8331 39.302 35.7922 35.6398 35.0488 29.3713 28.9873 27.5824 27.197 24.5746 24.4051 23.6472 22.3308 23.4802 21.663 22.3045 20.2843 20.4458 19.513 18.5982
threshold=1.0000000180025095e-35 87373.000000000015 0.043295334351862745 0.3257575757575758 193936.50000000003 3.5282686437673889 0.073282613560080576 6.5000000000000009 2.5000000000000004 0.047888248067491389 143.50000000000003 0.053868276288588597 3.7118630218900051 1078.0000000000002 0.051946130485519944 34.500000000000007 5.2472871608274358 1380.5000000000002 0.18898809523809526 232.50000000000003 4.0578530801286421 157.50000000000003 24.500000000000004 1.9451953526505161 22.500000000000004 0.059165088424703575 5.2472871608274358 0.062501599038018732 4.5000000000000009 2.5000000000000004
decision_type=2 2 2 2 2 2 2 2 2 2 2 2 2 2 2 2 2 2 2 2 2 2 2 2 2 2 2 2 2 2
left_child=2 5 4 7 16 13 8 14 15 -3 28 12 -12 -2 26 -7 -1 -15 20 -8 -11 -10 23 24 -16 -26 27 -4 -9 -22
right_child=1 9 3 -5 -6 6 19 10 21 18 11 -13 -14 17 22 -17 -18 -19 -20 -21 29 -23 -24 -25 25 -27 -28 -29 -30 -31
leaf_value=0.0095834935660004845 -0.0047204411598451186 -0.042313468495149227 -0.0066328718060754592 0.042495991030887637 -0.018577406668010082 -0.015108018848278152 -0.010200324635976513 0.023937231969976124 -0.0054371145265111609 -0.0061429646434958927 0.026662446556383015 0.016190350721691612 0.00088527113721331089 0.080577861454231722 0.049546313351383556 0.0022419323609833069 -0.0051310814961771437 0.025131130285474229 0.013559146387316338 0.016782376885247675 -0.022556475285895494 -0.028362554898693566 0.025597316429853297 0.00098797452633521041 0.66743383636279363 0.10875975209526086 -0.020950105983594501 0.024786491314302207 0.056950502578079258 -0.042452918992142902
leaf_weight=2437.4900699034333 317.23630531132221 1269.1896516215056 1461.0300001837313 811.66149466112256 2542.325677767396 1896.7542553916574 459.76344688236713 923.61143380776048 584.12598521634936 601.50288689881563 620.28280724585056 6712.4040889814496 4093.6851891241968 117.20687533542514 61.324500426650047 2009.379480112344 2970.1290110759437 382.5407783575356 207.7684689797461 1269.6080961897969 1469.2563192658126 1958.4180119112134 564.06741455942392 1889.828002486378 1.1625145338475698 1.8548026606440542 869.80913612246513 241.32426000386477 222.08939496427774 690.64947332814336
leaf_count=46849 6916 36148 31123 12983 58637 42074 10112 14703 12868 15321 10933 111264 80802 2156 1015 39847 57884 7980 4471 25252 36100 50285 9788 33584 20 31 19027 4739 3531 19558
internal_value=-0.000211078 -0.0125242 0.00595545 0.0106353 -0.00491955 -0.00541357 -0.00810165 0.00917115 -0.0128512 -0.0276151 0.0130126 0.0112755 0.00427714 0.0214943 -0.000316299 -0.00618292 0.00150153 0.0381352 -0.0213322 0.00960887 -0.0239575 -0.0230956 0.00806983 0.00301055 0.0624171 0.324006 -0.00852661 -0.00217889 0.0303367 -0.0289185
internal_weight=39657.5 13233.4 26424.1 18474.1 7949.94 8995.03 8178.05 17662.5 6448.68 4238.37 12572.1 11426.4 4713.97 816.984 5090.4 3906.13 5407.62 499.748 2969.18 1729.37 2761.41 2542.54 2518.24 1954.17 64.3418 3.01732 2572.16 1702.35 1145.7 2159.91
internal_count=806001 309088 496913 333543 163370 197490 180438 320560 145074 111598 221233 202999 91735 17052 99327 81921 104733 10136 75450 35364 70979 63153 44438 34650 1066 51 54889 35862 18234 55658
is_linear=0
shrinkage=0.1


Tree=11
num_leaves=31
num_cat=0
split_feature=21 11 29 12 29 28 12 25 10 10 28 27 12 14 28 14 19 26 20 23 29 10 29 25 14 15 29 28 10 29
split_gain=259.751 165.105 113.948 111.815 74.0269 57.1304 53.2011 53.0684 43.6258 37.8064 36.7283 36.6183 34.2059 33.49 33.0923 31.3652 27.7307 27.4395 27.737 25.9486 25.456 25.089 24.6947 23.6987 21.689 20.8164 20.3201 20.2106 19.6916 19.401
threshold=1.0000000180025095e-35 0.056652402256370367 3255.5000000000005 0.050423728813559332 127726.00000000001 4.5000000000000009 0.31009615384615391 4.5000000000000009 3.4341484687987527 3.8699498809142097 12.500000000000002 335.50000000000006 0.082207207207207214 0.05405097229498599 43.500000000000007 0.048590639924252527 1.5000000000000002 0.061553030303030311 131.50000000000003 7.5000000000000009 118.50000000000001 5.2935560178973224 312.50000000000006 4.5000000000000009 0.053868276288588597 0.052129262189818587 868.50000000000011 166.50000000000003 3.7118630218900051 1294701.5000000002
decision_type=2 2 2 2 2 2 2 2 2 2 2 2 2 2 2 2 2 2 2 2 2 2 2 2 2 2 2 2 2 2
left_child=1 3 17 4 7 24 9 14 12 -3 16 22 26 -4 21 -6 -11 18 -2 -14 -12 -1 -10 -22 -5 -21 -7 -19 -9 -8
right_child=2 6 13 5 15 8 29 28 11 10 20 -13 19 -15 -16 -17 -18 27 -20 25 23 -23 -24 -25 -26 -27 -28 -29 -30 -31
leaf_value=0.00090111533051167182 -0.023819889916320447 0.026482311516278664 -0.042963558966404719 -0.015970846961890224 -0.02998119797233615 0.066694841032337818 0.041975655979110918 0.011951928533626175 0.020651105155286498 -0.0072856930391078508 0.035670189570200066 0.047403855452449947 0.068654492992117899 -0.022461941667215629 0.00861379030688726 -0.012238127934434377 0.010616987860759333 0.0073910985487832537 0.00090480366727542321 0.15009750110046327 0.013973037256137313 -0.015374755067091905 0.0038614331707947434 -0.010868331242062346 0.0035393033231575438 0.71920722063153564 0.013070691767197161 0.058638502722784272 -0.02859489321872806 0.28439541280837999
leaf_weight=2447.2078128047287 771.45821108669043 1448.3336454108357 1575.254991274327 1407.100684825331 1623.2887716926634 83.570396527647972 543.65922568365932 137.38622901774943 1014.4895302057266 1868.6473807394505 496.80290115624666 221.61000923067331 158.36716353148222 1612.3037521094084 2917.3008224591613 2579.4420997519046 1611.2515572942793 414.55459985136986 1101.6756034344435 1.5646825917065137 4778.4982728548348 1545.0522298347205 6418.6919443625957 417.59818545356393 957.54529669880867 1.0907414145767687 457.60331854224205 94.496510446071625 934.39278627745807 3.3214892558753482
leaf_count=50064 17014 24169 44729 32098 42974 1241 7997 3428 16527 35831 7740 3383 2726 41977 53748 59206 28926 8262 23477 32 79028 33643 123696 10000 19249 21 8209 1716 24835 55
internal_value=-0.000207649 0.003065 -0.0202286 -0.00179558 -0.00834968 0.00565251 0.013034 -0.00269346 0.00953546 0.0114677 0.00909699 0.00734714 0.0333907 -0.0325936 0.000518041 -0.0190913 0.00100355 -0.00368322 -0.00927817 0.0738526 0.0140443 -0.00539784 0.00615291 0.0119766 -0.00807036 0.383865 0.0213516 0.0169043 -0.0233974 0.0434477
internal_weight=39643.6 34073.8 5569.74 22905.7 12184.1 10721.6 11168.1 7981.34 8356.99 10621.1 9172.8 7654.79 702.196 3187.56 6909.56 4202.73 3479.9 2382.18 1873.13 161.023 5692.9 3992.26 7433.18 5196.1 2364.65 2.65542 541.174 509.051 1071.78 546.981
internal_count=806001 668826 137175 475080 267898 207182 193746 165718 155835 185694 161525 143606 12229 86706 137455 102180 64757 50469 40491 2779 96768 83707 140223 89028 51347 53 9450 9978 28263 8052
is_linear=0
shrinkage=0.1


Tree=12
num_leaves=31
num_cat=0
split_feature=25 11 28 12 10 12 28 10 29 29 19 13 14 14 10 14 10 29 21 10 10 27 23 10 29 18 14 24 28 12
split_gain=223.58 128.552 107.224 65.9802 54.0696 50.4329 45.8682 43.1465 41.2694 39.9151 36.3551 34.6011 32.1155 27.9552 27.6951 27.3339 25.6212 24.9239 23.476 22.0718 21.9527 20.3173 19.989 18.7535 18.4251 26.2477 22.367 19.498 18.3358 18.1325
threshold=3.5000000000000004 0.051946130485519944 14.500000000000002 0.033060109289617494 3.4341484687987527 0.044949494949494954 162.50000000000003 5.2472871608274358 118.50000000000001 277081.50000000006 43.500000000000007 0.054937782270674397 0.055169944301355391 0.062501599038018732 4.2356981714022295 0.052660465653706169 5.1929846278964122 81.500000000000014 1.0000000180025095e-35 4.2356981714022295 2.2828923296268995 2.5000000000000004 1.0000000180025095e-35 4.0578530801286421 98.500000000000014 18.500000000000004 0.054949532944642977 0.43650793650793657 85.500000000000014 0.12347560975609757
decision_type=2 2 2 2 2 2 2 2 2 2 2 2 2 2 2 2 2 2 2 2 2 2 2 2 2 2 2 2 2 2
left_child=1 2 7 8 29 9 10 13 -2 12 14 -5 -6 22 -3 19 -12 23 21 -10 -13 -16 -1 -7 25 27 -26 -23 -22 -4
right_child=3 6 4 11 5 17 -8 -9 15 -11 16 20 -14 -15 18 -17 -18 -19 -20 -21 28 24 -24 -25 26 -27 -28 -29 -30 -31
leaf_value=-0.0034431759905281436 0.001934849668810762 0.018855557751503993 0.023588278127876533 -0.018898794467515957 -0.0069650178331933351 0.101387592162824 0.034479275345362263 -0.018123818723497755 -0.016805902550683677 -0.027723600682567812 0.034355681474209233 0.078889534496473776 0.008400140161997768 0.013633290530005615 -0.0061458201454247232 -0.020794292473465849 0.0043416284242935189 0.0077627630092915725 -0.016752916114185439 -0.044849701071335131 -0.0038704948721416904 0.062613352514494944 -0.019117933734155278 0.025840736262091137 -0.00069056996911851887 0.010284146810933679 0.012154173116632382 0.42527124594494581 0.020736165982357599 0.070941478380116649
leaf_weight=3619.3363086767495 496.00585126504302 1801.3402252271771 798.05777347832918 1011.4414454810321 3323.857696602121 35.32161570712924 814.65708841010928 3643.5483956709504 362.69938259571791 604.22867517732084 937.96549828164279 39.070699656382203 2302.7339109368622 766.99412940442562 1083.7169139478356 1908.718321936205 408.18537746369839 4702.7054499853402 462.84099600836635 1240.6004764977843 1089.7450275942683 127.39251003041863 1049.4552709497511 471.23388908803463 2165.9202726371586 225.99111570045352 3623.9926780462265 1.4999582022428501 419.36243128217757 89.982066538184881
leaf_count=78317 11206 29777 14071 23675 69890 517 11714 85549 10263 14936 15628 850 42925 15411 19975 51728 6785 83919 10058 36165 25804 1955 26249 7079 40584 3417 57480 22 8690 1362
internal_value=-0.000204039 0.00314376 -0.00145698 -0.0170566 0.00461657 0.00277143 0.0115953 -0.00970377 -0.0250664 -0.00329954 0.00987532 -0.0045142 -0.000676687 -0.00405991 0.00769438 -0.0288798 0.0252547 0.0100329 0.0050804 -0.0385056 0.00488341 0.00647838 -0.00696656 0.0311085 0.00870483 0.0308227 0.00734915 0.0668337 0.00296739 0.0283864
internal_weight=39628.6 33061 21407.5 6567.64 12328.1 11440.1 11653.5 9079.33 4008.02 6230.82 10838.8 2559.62 5626.59 5435.79 9492.69 3512.02 1346.15 5209.26 7691.35 1603.3 1548.18 7228.51 4668.79 506.556 6144.8 354.884 5789.91 128.892 1509.11 888.04
internal_count=806001 637620 440225 168381 234699 219266 197395 205526 109362 127751 185681 59019 112815 119977 163268 98156 22413 91515 133491 46428 35344 123433 104566 7596 103458 5394 98064 1977 34494 15433
is_linear=0
shrinkage=0.1


Tree=13
num_leaves=31
num_cat=0
split_feature=21 13 29 25 28 28 9 12 25 14 14 29 12 12 28 10 14 29 11 28 10 5 10 20 14 11 28 29 27 4
split_gain=192.096 117.901 93.0879 74.1834 56.0061 51.8993 43.1338 45.4724 36.3643 28.2415 27.2548 27.3428 25.1558 23.2149 22.9999 27.7022 29.2402 23.5455 23.3714 22.9958 26.9052 22.8748 22.2085 22.1768 21.2582 21.1423 19.8713 33.2353 19.7349 19.6155
threshold=1.0000000180025095e-35 0.043295334351862745 3255.5000000000005 4.5000000000000009 3.5000000000000004 14.500000000000002 3.5000000000000004 0.10840188014101058 1.5000000000000002 0.05405097229498599 0.062574104838482775 765.50000000000011 0.029631255487269536 0.046693313953488379 176.50000000000003 4.5854264516233991 0.053868276288588597 1380.5000000000002 0.077064479638009067 65.500000000000014 4.0578530801286421 6.5000000000000009 3.2976852969449926 83.500000000000014 0.057348067800747971 0.05253956569746044 312.50000000000006 7.5000000000000009 190.50000000000003 17.500000000000004
decision_type=2 2 2 2 2 2 2 2 2 2 2 2 2 2 2 2 2 2 2 2 2 2 2 2 2 2 2 2 2 2
left_child=1 5 23 4 25 13 7 14 19 -4 -8 -12 -5 -1 15 29 17 -17 -18 20 -7 -9 -10 -2 -15 -3 -24 -28 -25 -6
right_child=2 3 9 12 6 8 10 21 22 -11 11 -13 -14 24 -16 16 18 -19 -20 -21 -22 -23 26 28 -26 -27 27 -29 -30 -31
leaf_value=-0.022691542636367933 -0.017466688152685178 -0.0097633439753185905 -0.039107932204555385 -0.021325958448036263 0.025462989630244039 0.023504214765419047 0.0031352960551732619 0.027865846156003612 0.044758967945837266 -0.019861372776654836 0.074451152442659319 0.01608948950088044 0.0010502476672662848 -0.01297692247045661 0.030284132315994989 0.020986821387283919 0.0069199751498945326 -0.0055265489831059882 0.023349460241474235 0.013143366317708474 -0.0052928088780453781 0.06662375359191812 -0.020813492246872175 -0.00031650428967030321 0.011516685146479754 0.0046176333626418943 0.39772960843167743 0.01867901199856568 0.034214731169840445 0.0041570611050682086
leaf_weight=2042.1451246012002 717.44105280563235 2024.9418170824647 1486.6209770999849 1180.6626227255911 1805.5143491383642 372.1264150030911 7239.2736504580826 757.04187085479498 59.78744238242507 1564.9842307306826 92.621293742209673 602.29170323908329 874.59005987644196 1651.7108771987259 683.58432677015662 403.43931356444955 2258.7249115593731 1972.9941109251231 1404.052171908319 1663.0665457993746 2532.0936622209847 190.62050302699208 1220.3229455184191 1457.921969987452 451.11870737560093 2064.6162756774575 2.3803493976593009 81.948773505166173 186.69891724735498 568.07137488760054
leaf_count=51096 15841 45305 44729 32230 32068 6674 129345 11727 1251 41977 1394 10029 19971 38164 10218 7079 40540 41202 21652 28597 50317 3046 29220 31047 9172 36523 44 1695 3581 10267
internal_value=-0.000198182 0.00257241 -0.0177008 0.00636721 0.00805957 -0.00651214 0.0104623 0.0148157 -0.000512963 -0.0292375 0.00495118 0.0238682 -0.011804 -0.0150974 0.012644 0.0112106 0.00761312 -0.00102546 0.0132179 0.00376656 -0.00160296 0.0356619 -0.0148381 -0.00279625 -0.00772232 -0.0025031 -0.0175692 0.0293784 0.00360351 0.0203638
internal_weight=39613.4 34199.7 5413.67 24123 22067.8 10076.7 17978.2 10044 5931.73 3051.61 7934.19 694.913 2055.25 4144.97 9096.38 8412.8 6039.21 2376.43 3662.78 4567.29 2904.22 947.662 1364.44 2362.06 2102.83 4089.56 1304.65 84.3291 1644.62 2373.59
internal_count=806001 668826 137175 452596 400395 216230 318567 177799 117798 86706 140768 11423 52201 98432 163026 152808 110473 48281 62192 85588 56991 14773 32210 50469 47336 81828 30959 1739 34628 42335
is_linear=0
shrinkage=0.1


Tree=14
num_leaves=31
num_cat=0
split_feature=12 25 29 13 20 14 28 13 28 10 29 10 20 11 29 10 29 14 12 24 28 29 28 25 11 18 19 4 10 11
split_gain=167.085 114.515 84.9993 60.0016 44.5284 43.432 41.5589 34.6745 32.1089 26.7548 26.705 26.0925 25.801 23.3172 22.4516 21.7904 19.9533 19.951 19.2814 18.1153 17.7793 17.4215 17.1457 20.3154 17.0713 19.3747 15.9011 15.9321 15.8664 15.5203
threshold=0.050423728813559332 4.5000000000000009 130721.50000000001 0.055204764560592791 9444.5000000000018 0.047022619759223859 64.500000000000014 0.033370452858203427 172.50000000000003 3.4341484687987527 281.50000000000006 2.8630572899313065 193570.50000000003 0.072343673335877462 92787.000000000015 4.860586997855088 81.500000000000014 0.069057226705796046 0.53571428571428581 0.23303167420814483 160.50000000000003 118.50000000000001 1.5000000000000002 5.5000000000000009 0.090767045454545461 114.50000000000001 64.500000000000014 87.500000000000014 1.9451953526505161 0.066890380313199119
decision_type=2 2 2 2 2 2 2 2 2 2 2 2 2 2 2 2 2 2 2 2 2 2 2 2 2 2 2 2 2 2
left_child=1 2 4 6 21 15 10 -6 13 -3 -2 -9 -7 18 29 -4 19 22 28 -13 -18 -1 -12 -24 25 26 -15 -28 -5 -11
right_child=3 9 5 8 7 12 -8 11 -10 14 17 16 -14 24 -16 -17 20 -19 -20 -21 -22 -23 23 -25 -26 -27 27 -29 -30 -31
leaf_value=0.0063276105099361202 0.015234060636573107 0.0041313317979403078 -0.012810028428307431 0.038155523829011884 -0.0053908708224678515 -0.014721387178234272 0.013937724177723052 0.038435400561475735 0.031923780041473331 -0.024230911741264821 -0.023655804647564328 0.024802281043426244 1.9726265205768718e-06 0.026301737387048031 -0.037931025149404149 -0.035685419609489753 0.0040977049873029536 0.01603935842302567 0.036899946516130933 0.34502869051485152 0.021214746907423046 -0.013313413424841519 -0.0041094229171640996 -0.033929823472279602 0.012442542672701659 -0.026897729676010854 0.061774520328870076 0.4057809425586637 0.0044061512193198952 -0.0035658255274328451
leaf_weight=574.75480508059263 635.92333118990064 336.11585273966193 730.74075276218355 142.81310585699975 2175.1218845658004 2336.5812058392912 1649.9737485423684 290.69802026078105 731.14469875022769 1699.640007417649 626.37350063025951 560.25779420137405 2425.9205806702375 785.85631204210222 1000.3118135370314 968.08080287836492 5207.8236426524818 364.30172874778509 198.91285835579038 1.7721572220325459 686.84889391995966 2107.6682490333915 3835.1411263402551 242.92390730045736 2981.8855946995318 60.784218210726976 115.9669458437711 1.3621033281087864 5660.7164834402502 462.28365693800151
leaf_count=11842 11023 9124 18862 2498 44535 56228 27446 4657 10426 47550 14743 9339 48073 12248 31884 27601 97744 6865 3210 33 10563 47468 78631 6288 46632 965 1724 20 105906 11873
internal_value=-0.000192212 -0.00613246 -0.00292577 0.00691096 0.00219238 -0.0121183 -3.97316e-05 0.00558876 0.0116977 -0.0226925 -0.00408247 0.00912821 -0.00722161 0.0102112 -0.0255437 -0.0258457 0.00780872 -0.00650591 0.00628593 0.025812 0.00609219 -0.00910499 -0.00825177 -0.00588578 0.0161823 0.0277508 0.0314287 0.0657682 0.00523665 -0.0198121
internal_weight=39598.7 21564.6 18066.3 18034.1 11604.9 6461.32 7354.64 8922.52 10679.4 3498.35 5704.66 6747.4 4762.5 9948.3 3162.24 1698.82 6456.7 5068.74 6002.44 562.03 5894.67 2682.42 4704.44 4078.07 3945.86 963.97 903.185 117.329 5803.53 2161.92
internal_count=806001 477376 376945 328625 226181 150764 144996 166871 183629 100431 117550 122336 104301 173203 91307 46463 117679 106527 111614 9372 108307 59310 99662 84919 61589 14957 13992 1744 108404 59423
is_linear=0
shrinkage=0.1


Tree=15
num_leaves=31
num_cat=0
split_feature=23 14 29 29 25 29 10 10 10 13 25 12 28 14 14 11 28 10 27 14 29 11 29 13 23 12 11 13 11 28
split_gain=143.309 83.3511 56.6951 45.4829 40.3678 37.8051 32.0886 31.4214 30.2267 29.7797 26.9167 24.6245 23.8507 25.5192 23.1926 22.3152 21.486 19.2551 20.6992 18.814 18.6947 18.2145 17.2339 17.1205 16.8971 22.7759 16.4457 19.6183 19.1736 16.514
threshold=1.5000000000000002 0.052132018913665458 66287.500000000015 87373.000000000015 1.0000000180025095e-35 270668.50000000006 2.6956396684599553 4.9853160250827306 4.3320474014894668 0.054085850556438796 1.0000000180025095e-35 0.16472868217054268 7.5000000000000009 0.024721916636108059 0.089441131809932975 0.055652342237708097 84.500000000000014 4.9356954613663335 56.500000000000007 0.04445937939153221 3.5000000000000004 0.061901286378980028 173.50000000000003 0.055204764560592791 4.5000000000000009 0.021054964539007095 0.087638450966125006 0.22335600907029482 0.1226279985678482 356.50000000000006
decision_type=2 2 2 2 2 2 2 2 2 2 2 2 2 2 2 2 2 2 2 2 2 2 2 2 2 2 2 2 2 2
left_child=1 2 11 6 17 7 -2 16 -6 -8 21 12 -1 -14 26 22 -3 -4 -19 -11 -13 -7 -15 -5 -21 -26 27 29 -28 -9
right_child=3 5 4 23 8 10 9 14 -10 19 -12 20 13 15 -16 -17 -18 18 -20 24 -22 -23 -24 -25 25 -27 28 -29 -30 -31
leaf_value=-0.011447041355545771 0.034518060634478466 0.012797439746963108 0.0020536693283701051 -0.037672614153212186 -0.00028040265131558102 -0.0025975764820853268 -0.01891889357145252 0.00067718893452534297 -0.027982018856059929 -0.024864311886656779 -0.013569701403090762 0.1954085489330793 0.031779725156777863 0.010812197917626255 0.041511729862787727 0.014467532215837881 0.029371228976353803 -0.01378167550383615 0.0092959551676227645 0.006045883146147144 0.021389578970448284 0.011795037593703254 -0.0047016559697071582 -0.018608586412614474 -0.028848851812656368 0.003717993305463841 0.024156005862284568 0.096007874639826241 0.0036953514143150223 0.028470450907300354
leaf_weight=1159.7910005766898 170.72504327632487 4700.88769704476 2411.0600849464536 767.26668713986874 527.35803831554949 1966.286030922085 2005.6660741921514 5353.9181997589767 1556.4216048642993 345.50485366396606 1183.7944864854217 6.242240108549594 319.13029896095395 939.66862899437547 176.73604986071587 1219.1871431283653 938.31986831314862 2412.2363307587802 463.31072581186891 1625.2717847768217 559.86912359297276 1590.6053720973432 3008.9664616715163 1220.2724916320294 397.55783386528492 467.00092446804047 843.40110282786191 22.186595804989338 1002.2665578685701 222.67468292824924
leaf_count=24750 3686 80240 51401 24996 12807 40145 50814 94868 41103 8892 26513 85 6096 15929 3113 20189 13797 56883 9038 36707 9055 24728 59684 36859 11505 11046 12473 386 15028 3185
internal_value=-0.000184865 0.00260383 -0.00301536 -0.0131673 -0.0091835 0.00715611 -0.00809087 0.00989623 -0.0209714 -0.00959353 -0.000508379 0.0032875 0.00158229 0.00433633 0.00570894 0.00264161 0.0155552 -0.00453717 -0.0100634 -0.00299694 0.0233084 0.00383865 -0.00100978 -0.025968 3.75217e-05 -0.0112575 0.00485896 0.00216035 0.0130451 0.00178698
internal_weight=39583.6 32584.3 14583.2 6999.27 7370.39 18001.1 5011.73 13260.4 2083.78 4841 4740.69 7212.85 6646.74 5486.95 7621.18 5167.82 5639.21 5286.61 2875.55 2835.34 566.111 3556.89 3948.64 1987.54 2489.83 864.559 7444.45 5598.78 1845.67 5576.59
internal_count=806001 621496 307020 184505 171232 314476 122650 223090 53910 118964 91386 135788 126648 101898 129053 95802 94037 117322 65921 68150 9140 64873 75613 61855 59258 22551 125940 98439 27501 98053
is_linear=0
shrinkage=0.1


Tree=16
num_leaves=31
num_cat=0
split_feature=21 13 29 28 12 29 10 10 23 25 10 28 12 26 10 12 14 20 10 20 24 9 29 14 27 24 22 28 10 29
split_gain=126.087 74.0171 70.1443 56.8729 43.0196 30.3287 29.3399 29.1435 28.5587 28.1572 27.561 27.3888 25.7789 23.6114 20.7149 20.4049 19.8418 19.3118 19.2578 18.5059 17.9793 17.0658 18.6748 16.4446 17.9481 16.1098 18.2679 22.3881 15.1145 14.8867
threshold=1.0000000180025095e-35 0.055418758262258727 765.50000000000011 33.500000000000007 0.041381278538812787 224885.00000000003 3.4995287186944624 2.934388501996569 2.5000000000000004 3.5000000000000004 4.3990574822249018 1.5000000000000002 0.31009615384615391 0.061553030303030311 4.7999057951650004 0.051834173477011213 0.045492173389524389 131.50000000000003 5.803626672146776 131.50000000000003 0.17028985507246377 3.5000000000000004 258291.50000000003 0.067451088962716885 31.500000000000004 0.093073593073593086 0.18333333333333338 86.500000000000014 1.0715601591715094 281.50000000000006
decision_type=2 2 2 2 2 2 2 2 2 2 2 2 2 2 2 2 2 2 2 2 2 2 2 2 2 2 2 2 2 2
left_child=1 3 13 6 5 14 -1 -5 11 -9 -4 -8 21 17 -3 -13 -12 -2 -7 -18 -21 22 -6 28 -25 -26 27 -27 -15 -17
right_child=2 4 10 7 12 18 8 9 -10 -11 16 15 -14 23 -16 29 19 -19 -20 20 -22 -23 -24 24 25 26 -28 -29 -30 -31
leaf_value=0.0087452624516872884 -0.018120208007518127 0.010951572962464186 -0.0089417710663696661 0.050430214403516471 0.016608986022561157 -0.0040086791698088096 -0.024413679206471327 0.0059025214774304936 -0.036639725066242572 -0.016371677194233745 -0.04492333887899691 -0.012599718092890504 0.025625630372301686 0.4141422820626624 0.00032184526454455436 0.019724114443038655 -0.033891504350046481 0.0055079021908855628 -0.026936918936743322 -0.018484153931025791 0.027779679843822291 0.0037960743685360333 0.0035178528462081211 0.0070405583518366932 -0.0076983119989845541 0.79421057002391038 0.167359716590741 0.19859378504692962 0.0167290506405816 -0.0033814265565524299
leaf_weight=865.65794726274908 617.40301763638854 3075.3926338665187 984.89644394628704 133.99067241325974 3568.8027680516243 2321.3586865141988 1021.3493668213487 4698.0568898972124 401.5137333534658 645.5017166826874 579.26303139328957 3036.6255363468081 1019.318316809833 0.95937140285968681 4539.3162213657051 308.969512950629 911.84564378671348 786.64187623560429 434.96448629721999 852.83065865375102 93.18015269562602 3835.1637185607105 1568.6518757604063 9.7037889286875743 3.031929410994052 1.2214062288403496 6.1838492676615715 1.3057263270020483 385.82779897376895 2860.2404520642012
leaf_count=17116 14113 57920 27672 2134 57870 51069 25435 83870 12225 16565 18849 72325 14737 16 88249 5284 26667 16758 10000 23287 2075 64878 28805 177 54 22 98 20 7367 60344
internal_value=-0.000177043 0.00202699 -0.0146346 -0.00357821 0.00587296 0.0013614 -0.00870154 0.00436685 -0.0106813 0.0032118 -0.023059 -0.00923915 0.0105557 0.00127265 0.00461493 -0.00674175 -0.0287641 -0.00488213 -0.00762689 -0.0237258 -0.0139273 0.00884369 0.0126118 0.0224409 0.107675 0.190834 0.259935 0.486466 0.0177148 -0.00112884
internal_weight=39569.2 34334.9 5234.29 13971.9 20363 10371 8494.36 5477.55 7628.7 5343.56 3422.02 7227.18 9991.94 1812.28 7614.71 6205.84 2437.12 1404.04 2756.32 1857.86 946.011 8972.62 5137.45 408.234 21.4467 11.7429 8.71098 2.52713 386.787 3169.21
internal_count=806001 668826 137175 295298 373528 207238 192729 102569 175613 100435 98550 163388 166290 38625 146169 137953 70878 30871 61069 52029 25362 151553 86675 7754 371 194 140 42 7383 65628
is_linear=0
shrinkage=0.1


Tree=17
num_leaves=31
num_cat=0
split_feature=12 25 29 14 29 14 11 13 14 14 9 10 29 10 13 28 22 12 18 10 29 21 9 10 14 20 10 28 11 17
split_gain=105.816 76.692 53.4697 38.4786 34.2869 32.5066 30.157 25.4727 21.6523 26.896 20.7992 19.5362 17.8309 17.6652 17.3813 17.1805 17.0035 22.8238 20.9761 16.3124 15.8421 16.983 15.4367 15.7911 15.4275 15.2733 16.5773 15.0662 16.0745 14.0659
threshold=0.050423728813559332 4.5000000000000009 130721.50000000001 0.040828955344514049 47.500000000000007 0.047022619759223859 0.072343673335877462 0.055418758262258727 0.051497104690683103 0.024721916636108059 3.5000000000000004 3.4341484687987527 14676.500000000002 4.3060880224639417 0.04306635408629593 64.500000000000014 0.55000000000000016 0.097800095648015326 5.5000000000000009 4.860586997855088 521412.00000000006 1.0000000180025095e-35 1.5000000000000002 5.062911388621198 0.044307587356931709 295.50000000000006 2.6956396684599553 2.5000000000000004 0.022305140961857383 4.5000000000000009
decision_type=2 2 2 2 2 2 2 2 2 2 2 2 2 2 2 2 2 2 2 2 2 2 2 2 2 2 2 2 2 2
left_child=1 2 6 20 16 19 8 15 9 -1 27 -3 -13 -7 -15 -6 -5 18 -18 -4 21 -2 23 -17 -14 -10 -27 -9 29 -29
right_child=3 11 5 4 7 13 -8 10 25 -11 -12 12 24 14 -16 22 17 -19 -20 -21 -22 -23 -24 -25 -26 26 -28 28 -30 -31
leaf_value=0.019700066553442207 0.00092309659141629754 0.0039988930475315055 -0.010685027890937377 0.02501343358286991 -0.0025882696312222158 0.0050608648487964472 0.010563454493931937 0.0011263375144141259 -0.010303528030179289 -0.0088485416494704684 0.0039701706003111127 -0.012003579715543779 -0.046375469189597701 -0.022790468392991915 -0.0054913430209134473 0.059440892066543044 0.64195776118884407 0.064397874792202991 0.17125716590129811 -0.030883518722163068 -0.019638556753117424 -0.031951844119453142 0.0040658931854808816 0.01384473740176809 -0.023123932587057913 0.037613890062786898 0.0045929750034014684 0.044106206246962987 0.019698714243263315 0.0039111275525376861
leaf_weight=360.79591995291412 2300.9206925630569 336.41628908552229 714.79342565871775 756.99676733464003 3868.5301733743399 1173.8905708305538 2861.8036870136857 826.30631938017905 680.19762694276869 3866.5501012206078 3936.5621914286166 1207.0142558477819 355.43808508478105 734.39217103645205 2777.2602693680674 113.75340194068849 1.3371242247521902 23.197212740778923 3.2428199350833893 907.41299084946513 583.83659710548818 168.65752027183771 905.01457077637315 228.58489555120468 1447.3572171870619 158.49821721017361 3726.9360872618854 93.518379045650363 3176.1910915859044 1260.708386586979
leaf_count=7874 45480 9124 18862 11254 78308 25080 48201 15122 14916 83833 65902 31897 13058 18937 60284 1841 26 349 60 27601 14205 4091 14735 3765 46352 2517 68840 1669 49188 22630
internal_value=-0.000169914 -0.0049561 -0.00236675 0.00541926 0.00747784 -0.00978302 0.00164704 0.00636922 -0.00125493 -0.00641197 0.00948878 -0.0188557 -0.0214102 -0.00555904 -0.00910911 0.000702361 0.0278331 0.104675 0.308679 -0.0219835 -0.00482432 -0.00132207 0.0109079 0.0289956 -0.0277082 0.00352 0.00593999 0.0135443 0.0158092 0.00668687
internal_weight=39556.1 21308.8 17962.5 18247.4 15193.9 6307.75 11654.8 14409.2 8792.98 4227.35 9293.29 3346.23 3009.81 4685.54 3511.65 5115.88 784.774 27.7772 4.57994 1622.21 3053.41 2469.58 1247.35 342.338 1802.8 4565.63 3885.43 5356.72 4530.42 1354.23
internal_count=806001 477376 376945 328625 264849 150764 226181 253160 177980 91707 154511 100431 91307 104301 79221 98649 11689 435 86 46463 63776 49571 20341 5606 59410 86273 71357 88609 73487 24299
is_linear=0
shrinkage=0.1


Tree=18
num_leaves=31
num_cat=0
split_feature=21 14 29 25 29 28 17 14 19 12 28 14 10 10 14 10 20 12 28 29 27 9 14 29 14 11 25 13 11 10
split_gain=96.0455 56.401 56.1323 51.7341 41.142 31.5653 27.2039 26.1817 28.5541 24.4617 25.1834 23.6538 22.3892 19.4184 18.4441 18.2479 17.0934 16.7432 15.9137 24.3822 15.614 15.3932 16.7131 16.5005 16.2661 15.0199 14.79 14.5689 14.2123 14.5839
threshold=1.0000000180025095e-35 0.047022619759223859 383.50000000000006 6.5000000000000009 14676.500000000002 18.500000000000004 34.500000000000007 0.063506891157521714 1.0000000180025095e-35 0.043961352657004842 336.50000000000006 0.05405097229498599 2.6956396684599553 5.005085945776508 0.067451088962716885 3.9129221963988363 83.500000000000014 0.38675213675213682 119.50000000000001 204222.00000000003 31.500000000000004 3.5000000000000004 0.069057226705796046 765.50000000000011 0.098855311355311365 0.067994187966448724 3.5000000000000004 0.050864041925105317 0.086576317383404003 3.2976852969449926
decision_type=2 2 2 2 2 2 2 2 2 2 2 2 2 2 2 2 2 2 2 2 2 2 2 2 2 2 2 2 2 2
left_child=1 4 14 5 6 7 28 8 -3 15 -11 -4 18 27 -2 -6 -13 21 -7 -20 -16 -14 -23 24 -24 -18 -17 -10 29 -1
right_child=2 3 11 -5 9 12 -8 -9 13 10 -12 16 17 -15 20 26 25 -19 19 -21 -22 22 23 -25 -26 -27 -28 -29 -30 -31
leaf_value=0.036426129782067988 0.00033263445438047622 -0.006606687770739199 -0.028370215349925933 -0.014236796219527423 0.00065010083700807973 0.026854078957167432 -0.0068975389017037663 0.012067604250631532 -0.033343792285950483 -0.0041416837236090262 0.10718056344554316 -0.024511435767937267 0.010262363969889143 -0.0032961514804339849 0.0097677888813002094 -0.016669180360796364 -0.011652961059991598 0.02436932769111573 0.074620047783098331 0.39314598447049309 0.099347563056824129 0.0017606427545176864 0.051047585285949992 0.015192388494441815 0.19534334064607201 0.013768979797447034 -0.040249124822456211 0.011469059932246527 0.039830489553568688 0.0062939254758121056
leaf_weight=183.0196917206049 1494.8885445296764 4481.6728466823697 1704.4267420470715 1439.6138409748673 546.8318120315671 282.81994148157537 1133.5102772042155 1858.6360735185444 74.669191738590598 3224.7179545797408 20.450149893760681 692.30893555469811 6860.75124219805 1795.7679189220071 43.302919715642929 2209.5169937685132 847.21149399876595 590.84044334292412 32.929783292114735 2.592347986996173 35.335598632693291 5034.4623592887074 43.167641274631023 232.56298335082829 9.5384441502392274 320.26178230531514 302.40714523755014 2553.1360696833581 178.55424949340522 1312.6691319532692
leaf_count=3016 31841 92478 53471 38429 12373 4065 21409 33860 1551 69750 309 19901 115314 34463 873 56697 22702 7822 396 39 621 85759 602 3792 134 7766 10616 46911 2915 26126
internal_value=-0.00016201 0.00174249 -0.0129155 0.00417263 -0.00500334 0.00528368 0.00506526 0.00127217 -0.000980975 -0.00948788 -0.00344016 -0.0198606 0.00858243 0.00471863 0.0028158 -0.0159042 -0.0120618 0.00792947 0.0347779 0.0978656 0.0500198 0.00713202 0.00309488 0.0266417 0.0771614 -0.0046792 -0.0195079 0.0101957 0.0131644 0.00998105
internal_weight=39542.6 34404.8 5137.74 25293.2 9111.68 23853.5 2807.75 10763.9 8905.25 6303.92 3245.17 3564.21 13089.7 4423.57 1573.53 3058.76 1859.78 12771.3 318.342 35.5221 78.6385 12180.5 5319.73 285.269 52.7061 1167.47 2511.92 2627.81 1674.24 1495.69
internal_count=806001 668826 137175 465615 203211 427186 53466 209263 175403 149745 70059 103840 217923 82925 33335 79686 50369 213423 4500 435 1494 205601 90287 4528 736 30468 67313 48462 32057 29142
is_linear=0
shrinkage=0.1


Tree=19
num_leaves=31
num_cat=0
split_feature=25 29 11 13 27 10 28 25 10 13 9 12 29 14 20 13 11 20 29 28 12 4 14 29 13 14 10 29 1 10
split_gain=80.275 67.5269 43.5742 31.3677 30.5401 30.2701 26.4031 23.4479 22.416 19.7725 19.645 20.2257 18.42 15.1465 14.9377 14.6041 19.9829 14.9774 14.2196 22.6935 13.8878 13.8514 14.6521 20.8269 13.6847 16.5021 13.4937 13.3289 13.2861 13.2767
threshold=1.0000000180025095e-35 130721.50000000001 0.072343673335877462 0.055204764560592791 3.5000000000000004 2.8630572899313065 46.500000000000007 5.5000000000000009 2.2828923296268995 0.03510584312019719 3.5000000000000004 0.1408730158730159 429662.50000000006 0.051897625527597378 118.50000000000001 0.1375929682217715 0.25462962962962971 376685.00000000006 15.500000000000002 19.500000000000004 0.17752100840336138 50.500000000000007 0.036127957419224907 23731.500000000004 0.055418758262258727 0.013378076062639823 5.1772784012246555 15.500000000000002 2.5000000000000004 5.6953960338490379
decision_type=2 2 2 2 2 2 2 2 2 2 2 2 2 2 2 2 2 2 2 2 2 2 2 2 2 2 2 2 2 2
left_child=4 2 5 -3 9 -2 7 -7 15 -1 11 12 24 28 -4 18 17 -17 19 -6 -11 -13 23 -23 25 -10 -5 -27 -8 -16
right_child=1 3 14 26 8 6 13 -9 10 20 -12 21 -14 -15 29 16 -18 -19 -20 -21 -22 22 -24 -25 -26 27 -28 -29 -30 -31
leaf_value=-0.016717889836700292 0.02085357198752151 -0.025525464719301894 -0.0071011348642316362 -0.004383252603598153 -0.064326020378334695 -0.0067117256059017836 -0.022713218656933064 -0.022394657509831245 0.043735300309697578 -0.0013267026333385829 0.0016753456407696994 0.024498175507573532 -0.0043638007557603867 0.0056351201215472059 0.016678020184027992 0.38542036167523708 -0.0099512522902580752 0.1211321952108495 0.020798954666213471 0.35211456826153509 0.036060490847950148 0.47676758747159553 0.063604919328134932 0.068686931017458597 0.012879691855025997 0.043405899683083331 -0.018315969352747132 0.0016580325943311896 -0.0020474068787080667 0.00032631157562025467
leaf_weight=927.66486823372543 448.07242137752473 1815.187840057537 471.59704498574138 2094.6400621645153 2.1969810165464869 3989.7430352196097 398.5905418228358 1252.6637498773634 101.68134492263198 3049.4687171857804 8366.3637734800577 377.63068214058876 1155.1675574816763 2298.8416428864002 1848.5511977113783 2.4292864985764053 12.021602783352135 18.276688244193792 385.8138835541904 3.2359804287552834 102.70086797699332 2.2252767086029044 29.605260118842125 2.8554571568965912 4272.1773211415857 78.558498963713646 1040.3708685040474 2885.3766991365701 1417.2107903696597 678.91921337321401
leaf_count=23212 8402 54843 10831 52877 28 89964 8743 36489 2071 59788 148434 5430 23305 45702 33328 36 154 260 5924 36 1742 36 430 53 67237 1177 27455 54215 31483 12316
internal_value=-0.000154833 -0.0051455 -0.00131089 -0.0150641 0.00391425 -0.0045372 -0.00575306 -0.0104591 0.00571246 -0.00388518 0.00515483 0.00842375 0.00737368 0.000242881 0.00923715 0.0284291 0.0925996 0.152139 0.0230612 0.183714 -0.00010859 0.0300531 0.0905297 0.247419 0.00922148 0.00412348 -0.0090069 0.00276455 -0.0065838 0.0122857
internal_weight=39529.8 17754.4 12804.2 4950.2 21775.5 9805.12 9357.05 5242.41 17695.6 4079.83 17271.6 8905.28 8492.96 4114.64 2999.07 423.974 32.7276 20.706 391.247 5.43296 3152.17 412.317 34.686 5.08073 7337.79 3065.62 3135.01 2963.94 1815.8 2527.47
internal_count=806001 412433 277258 135175 393568 220783 212381 126453 308826 84742 302388 153954 148005 85928 56475 6438 450 296 5988 64 61530 5949 519 89 124700 57463 80332 55392 40226 45644
is_linear=0
shrinkage=0.1


Tree=20
num_leaves=31
num_cat=0
split_feature=12 21 29 10 14 28 15 10 29 29 13 23 10 12 4 13 28 19 9 18 10 17 29 23 14 14 10 28 29 11
split_gain=72.1424 57.4357 34.1402 32.7269 34.7025 28.3155 27.76 27.6963 24.7129 21.3888 19.7549 22.2128 18.5974 19.0707 26.9041 17.9917 16.7479 16.5578 31.3853 15.9951 15.9451 18.765 15.3472 16.5612 19.2272 15.0873 14.8202 20.1934 14.7294 16.6567
threshold=0.039736842105263161 1.0000000180025095e-35 2133.5000000000005 3.7838486602436219 0.047240831774481233 169.50000000000003 0.052129262189818587 5.018602588909137 316861.50000000006 20362.500000000004 0.062380400890868604 2.5000000000000004 1.9451953526505161 0.22902097902097904 67.500000000000014 0.075245028071177097 654.50000000000011 149.50000000000003 2.5000000000000004 77.500000000000014 5.005085945776508 14.500000000000002 27.500000000000004 8.5000000000000018 0.05580813386447659 0.047022619759223859 5.2211659791848204 67.500000000000014 66.500000000000014 0.23956521739130437
decision_type=2 2 2 2 2 2 2 2 2 2 2 2 2 2 2 2 2 2 2 2 2 2 2 2 2 2 2 2 2 2
left_child=1 3 -3 28 9 7 8 12 16 -5 11 25 -2 22 -15 -16 26 -4 -19 -18 -21 -22 23 -14 -25 -9 -6 -28 29 -1
right_child=5 2 17 4 6 -7 -8 10 -10 -11 -12 -13 13 14 15 -17 19 18 -20 20 21 -23 -24 24 -26 -27 27 -29 -30 -31
leaf_value=0.034725654736681322 0.029099580942189882 -0.0039721902058487898 -0.024619626388442863 -0.0020180266681891872 0.0027472811635953975 0.017980908099038857 0.0052589704541750248 -0.0086785885410278242 -0.017505174270364708 -0.017627766112462608 0.0077493682989924128 -0.022744244634207305 0.027400526634205603 0.015860162823386124 0.12006982315906307 -0.06150710773405952 0.04011885611584521 0.72314021139037621 -0.1035864461343024 -0.034561899323045688 0.14643679320774586 0.65838760922033002 0.0037470502042864259 0.06458089415962219 0.48842364584846215 0.001773061740142391 -0.014350063171221282 0.0040886893773880387 0.0070384779927177973 0.20563941537238697
leaf_weight=109.20696169510484 377.5138499699533 1384.5459848437458 2023.9928040765226 1383.4945509452373 2683.2427049651742 1408.3737015705556 4465.7978835050017 2024.5773844942451 1266.9149438459426 2401.5169918779284 2167.4005498886108 536.03621939383447 196.00180909782648 915.21677457727492 39.075265377759933 6.3427355997264376 37.85788662917912 0.84651313163339992 1.0036292616277931 1.3872604835778464 1.5837415736168625 1.3066784124821422 6753.4519282504916 2.9397317394614211 1.6830837093293665 4345.8863276932389 1683.6468679886311 917.67732241936028 2373.9066482186317 6.0162281468510619
leaf_count=1662 6030 32076 67293 29549 52674 20252 90297 43723 29265 66092 35884 13884 2921 14442 632 91 612 25 31 25 30 23 125166 62 34 76014 35466 16354 45316 76
internal_value=-0.000147287 -0.00421204 -0.0160748 -0.00187803 -0.00365733 0.00434386 -0.000828769 0.00323791 -0.00495194 -0.0119221 -0.000579762 -0.00319361 0.00741545 0.00638117 0.0195882 0.0947122 -0.00196625 -0.0243463 0.274674 0.0608296 0.244121 0.377876 0.00455675 0.031813 0.218894 -0.00154854 -0.00246694 -0.00784537 0.00873323 0.0436497
internal_weight=39518.4 20743.9 3410.39 17333.6 14844.4 18774.5 11059.4 17366.1 6593.62 3785.01 9073.9 6906.5 8292.23 7914.71 960.635 45.418 5326.7 2025.84 1.85014 42.1356 4.27768 2.89042 6954.08 200.625 4.62282 6370.46 5284.57 2601.32 2489.13 115.223
internal_count=806001 466866 99425 367441 320387 339135 224746 318883 134449 95641 169505 133621 149378 143348 15165 723 105184 67349 56 690 78 53 128183 3017 96 119737 104494 51820 47054 1738
is_linear=0
shrinkage=0.1


Tree=21
num_leaves=31
num_cat=0
split_feature=25 28 14 14 12 20 10 28 29 20 27 20 9 11 16 29 14 17 10 23 29 14 28 4 10 14 13 11 14 15
split_gain=63.546 44.0161 32.3582 29.0284 28.965 25.6218 26.8006 25.9152 22.3031 19.9407 18.9387 18.0761 17.2343 16.9968 16.8737 15.4668 14.9472 17.7093 14.9255 14.4799 14.246 14.0366 13.9918 22.535 13.9903 13.9173 15.3062 14.6419 15.2267 13.2371
threshold=4.5000000000000009 11.500000000000002 0.068230311651364298 0.048592644269673399 0.027212143650499818 507.50000000000006 4.5854264516233991 162.50000000000003 765.50000000000011 1.0000000180025095e-35 17.500000000000004 138.50000000000003 3.5000000000000004 0.028708791208791214 0.050321923658314664 81.500000000000014 0.04757386969260078 10.500000000000002 4.0951772018816319 4.5000000000000009 190.50000000000003 0.047463539468346243 483.50000000000006 18.500000000000004 5.8204537127201137 0.016997303543913714 0.5277777777777779 0.90000000000000013 0.036804583036386208 0.053779365941619389
decision_type=2 2 2 2 2 2 2 2 2 2 2 2 2 2 2 2 2 2 2 2 2 2 2 2 2 2 2 2 2 2
left_child=1 3 5 11 18 9 12 15 22 -3 -10 -1 -7 -6 -5 -8 17 -17 -2 21 -11 -20 -4 -24 -16 -13 -27 28 -28 -14
right_child=4 2 8 14 13 6 7 -9 10 20 -12 25 29 -15 24 16 -18 -19 19 -21 -22 -23 23 -25 -26 26 27 -29 -30 -31
leaf_value=-0.029967245965233286 -0.0035057520444625786 0.00072162050701841051 0.043971774362487864 -0.0056837969559091935 -0.011721738302870132 0.016853979217656474 0.013054287733762266 0.013245236090329749 0.042572905498323432 -0.0023514331842432517 0.0069020319905700707 0.0079211517809868008 0.006365369933778689 0.0059520114329925083 0.0059160435338718549 0.0052379322110593513 0.0017660011954480134 -0.011494622977800536 -0.032489817343355903 -0.031757499851334907 -0.028103264532375834 -0.0085934626836818209 0.037189937407480896 0.43921809371344755 -0.0084172876969367885 -0.010230332774558934 0.66097691470628006 0.0021510290789253888 0.1482589536756426 -0.027262779354799507
leaf_weight=404.50052971765399 576.81605770252645 1394.8612438216805 223.961156450212 3060.6359900217503 1017.9501080773771 2425.5768276732415 919.35799834504724 1863.8205138985068 181.88766222074628 346.87512301653624 819.21697982214391 494.53436605446041 1793.8843761533499 1169.0405003670603 4370.0023226514459 904.1632665861398 8245.8712059222162 2105.3831345457584 333.60599672421813 849.06834078580141 564.28345220535994 934.00785757601261 3.4067262746393672 2.3602310977876186 806.68566562049091 3565.0294632781297 0.91413918696343843 2.7708881925791502 1.580988574773073 125.22492280602455
leaf_count=12039 16955 28628 3101 61790 25875 40455 14089 26951 3139 6931 12872 12125 30700 27897 85419 19634 142874 45070 11643 28940 15426 27757 45 27 16998 86357 22 54 38 2150
internal_value=-0.000141162 0.00136451 0.00407904 -0.00331829 -0.0108238 0.00314191 0.00438829 0.00226418 0.0198313 -0.00679409 0.013383 -0.00980714 0.0112518 -0.00227436 0.00020237 0.000583103 -0.000435561 -0.00646763 -0.0177656 -0.0216515 -0.0182996 -0.0148824 0.047932 0.201727 0.00368247 -0.00780096 -0.00997869 0.160383 0.336103 0.00417108
internal_weight=39507.3 34626.8 21920.1 12706.7 4880.49 20689.3 18383.3 14038.6 1230.83 2306.02 1001.1 4469.33 4344.69 2186.99 8237.32 12174.8 11255.4 3009.55 2693.5 2116.68 911.159 1267.61 229.728 5.76696 5176.69 4064.83 3570.3 5.26602 2.49513 1919.11
internal_count=806001 666934 392092 274842 139067 372908 321923 248618 19184 50985 16011 110635 73305 53772 164207 221667 207578 64704 85295 68340 22357 39400 3173 72 102417 98596 86471 114 60 32850
is_linear=0
shrinkage=0.1


Tree=22
num_leaves=31
num_cat=0
split_feature=11 20 29 19 10 29 10 28 27 13 11 9 17 10 11 14 28 27 19 11 23 11 11 11 29 10 19 13 10 11
split_gain=57.8121 54.9017 39.421 25.1515 20.7834 20.6451 19.3858 23.0114 19.2271 18.5118 23.8407 23.556 26.7204 21.7058 21.3139 16.7385 16.1825 15.8398 17.4074 15.618 15.3254 15.2593 25.4675 22.2992 30.643 20.4539 20.4523 21.3321 15.6607 24.4331
threshold=0.072343673335877462 198062.00000000003 115374.50000000001 5.5000000000000009 9.3389973423344141 173.50000000000003 4.5966327105928597 20.500000000000004 356.50000000000006 0.060625203392101694 0.097693531283138943 4.5000000000000009 78.500000000000014 4.9853160250827306 0.16021390374331554 0.054033686486103204 64.500000000000014 340.50000000000006 95.500000000000014 0.22361111111111112 6.5000000000000009 0.051752036603057702 0.051946130485519944 0.01739261947973382 16046.500000000002 5.005085945776508 43.500000000000007 0.080069686411149837 3.5818502620083108 0.025105042016806727
decision_type=2 2 2 2 2 2 2 2 2 2 2 2 2 2 2 2 2 2 2 2 2 2 2 2 2 2 2 2 2 2
left_child=1 2 6 -2 5 -3 7 -1 15 13 17 12 -12 -5 -14 -8 21 -11 -19 -15 -4 23 -23 25 -25 -7 27 -24 29 -26
right_child=3 4 20 9 -6 16 8 -9 -10 10 11 -13 14 19 -16 -17 -18 18 -20 -21 -22 22 26 24 28 -27 -28 -29 -30 -31
leaf_value=-0.007023277672418277 0.0021273998748550607 0.012696602256924112 -0.014281695342633511 0.015886112245973884 0.063636467439288302 0.0044394421681183674 -0.012939347009891831 0.010932933232226131 0.016286810666863799 0.0079967264167413125 0.048286417988651201 -0.015300327625774036 -0.02417799626012802 0.0036945244259389792 0.18563786617639777 -0.0026173324350805844 0.0071584128639867435 0.3009578083037423 0.022635432776199605 -0.028965954048691279 -0.046174010594697085 -0.015116404975083151 -0.0049754401120899643 -0.020456301198537034 0.24423576578236053 -0.006796584391513239 0.030324203743723188 0.058669357757696806 0.015654144793340551 0.044967203523527899
leaf_weight=1257.6353194415569 6111.2500230167061 1463.9445776864886 3755.0534542351961 2077.7973773684353 53.831505546346307 3026.2408729605377 3211.9079282600433 1650.1302242390811 347.08310168795288 391.03540092334151 218.07273173704743 48.615530727431178 5.9562498256564167 1373.9257763642818 25.870795093476772 3075.2337996382266 2714.2663419693708 3.9039745125919563 5.295092336833477 163.8768095113337 156.9736228082329 1817.7378214336932 1288.6096797510982 243.36079710349441 6.8462976366281501 3486.8669260889292 223.04234358668327 54.907352682203054 1176.1986446231604 60.780262164771557
leaf_count=29021 106542 21937 108671 34620 1171 60770 79818 34104 6304 6059 3446 769 92 22861 389 66782 42832 58 72 2906 5962 37170 21908 4454 127 76941 3588 919 24603 1105
internal_value=-0.000134339 -0.0024255 -0.00710751 0.0062543 0.00160815 0.0013936 -0.00364159 0.00316671 -0.00662565 0.0121 0.0270004 0.0483885 0.0607785 0.0092204 0.146372 -0.00789053 0.000219956 0.011048 0.140752 0.000214042 -0.0155614 -0.00143428 -0.00706324 0.000946889 0.0119954 -0.00157589 0.00228115 -0.00237438 0.0183447 0.0651405
internal_weight=39496.3 29070.7 13454 10425.6 15616.6 15562.8 9541.99 2907.77 6634.22 4314.35 698.75 298.515 249.9 3615.6 31.827 6287.14 14098.9 400.234 9.19907 1537.8 3912.03 11384.6 3384.3 8000.29 1487.19 6513.11 1566.56 1343.52 1243.83 67.6266
internal_count=806001 628187 330662 177814 297525 296354 216029 63125 152904 71272 10885 4696 3927 60387 481 146600 274417 6189 130 25767 114633 231585 63585 168000 30289 137711 26415 22827 25835 1232
is_linear=0
shrinkage=0.1


Tree=23
num_leaves=31
num_cat=0
split_feature=12 25 29 20 14 13 10 12 10 10 15 26 18 26 14 15 2 10 27 4 27 29 23 11 29 20 13 9 23 10
split_gain=50.7176 42.7461 31.537 21.146 21.0633 24.2283 19.7415 19.7094 18.6971 16.8078 16.8469 16.3618 21.7371 28.2331 57.719 15.3532 15.2892 15.7835 15.4467 14.8509 19.4926 14.5183 14.0035 13.876 13.8596 13.8497 13.5285 13.3401 13.1197 12.7904
threshold=0.039736842105263161 6.5000000000000009 224885.00000000003 9444.5000000000018 0.062574104838482775 0.035778289810547877 3.4341484687987527 0.21240601503759401 4.7999057951650004 3.7838486602436219 0.052129262189818587 0.061553030303030311 1.0000000180025095e-35 0.10762548262548265 0.055534168292098694 0.052129262189818587 1.0000000180025095e-35 6.3785874479651934 3.5000000000000004 92.500000000000014 25.500000000000004 81.500000000000014 17.500000000000004 0.094742552771749866 3255.5000000000005 295.50000000000006 0.043295334351862745 3.5000000000000004 22.500000000000004 2.082556816555154
decision_type=2 2 2 2 2 2 2 2 2 2 2 2 2 2 2 2 2 2 2 2 2 2 2 2 2 2 2 2 2 2
left_child=1 2 3 -1 5 15 -3 16 21 -4 26 -8 13 -13 -15 25 17 18 -7 -9 -21 -5 -14 -10 -6 -2 -11 -20 -29 -17
right_child=4 6 9 8 24 7 11 19 23 10 -12 12 22 14 -16 29 -18 -19 27 20 -22 -23 -24 -25 -26 -27 -28 28 -30 -31
leaf_value=-0.00681391419016037 -0.034386675869375626 0.011563957475912483 0.0037708289377216841 0.028596904457214439 0.030134526803538144 -0.003430257797973723 -0.023894347781307636 0.014029171225563087 -0.0029713302297075801 -0.029878095546537545 -0.0035231782665668455 0.021184285293121673 0.0029976406182116565 0.0088450881934543733 1.1889700257260232 0.092288341195204848 -0.011639566794099753 -0.0077279874389600727 0.010706051106205663 0.36914622478418235 0.0093579783082294431 0.0060426666870851973 0.4405907971846782 0.0087839238970934454 0.0091974736139778367 -0.0069350497844597641 -0.012713970654911318 0.0021900990472500759 0.34667242247328667 0.0026000149344896921
leaf_weight=3241.6525958571583 199.76489197835326 206.68839150294662 815.21161522902548 308.93437091261148 394.2180619686842 1674.0105428509414 1609.7701631113887 1705.5434313081205 5516.1532723624259 624.12956466898322 1438.8588373623788 2.4079037327319375 126.66016334854066 0.89288139529526211 0.77344517409801483 16.066502144560218 665.34479926340282 1035.0374901983887 4481.5237472746521 2.7269614636898032 3.3627183511853218 3747.1264585722238 0.73554574325680633 1227.6345489248633 1596.9643811751157 2297.0948893241584 1737.7991961520165 3269.803460041061 1.1059573646634806 1538.8923304770142
leaf_count=78856 4907 5827 18473 4776 5501 33438 53927 25313 112198 19508 37548 80 3993 32 22 293 11177 19094 76490 44 44 68466 25 20443 26235 47392 42692 56881 25 32301
internal_value=-0.000128943 -0.00355962 -0.00208793 0.000269344 0.00361497 0.00246818 -0.0176557 0.00459589 0.00239544 -0.00925855 -0.0120532 -0.0211241 0.0127958 0.240171 0.556614 -0.00427359 0.00305915 0.00399398 0.00528107 0.0145858 0.170471 0.00776054 0.00552418 -0.000831412 0.0133426 -0.00913136 -0.0172495 0.00716214 0.00230658 0.00352671
internal_weight=39486.9 20605.4 18657.5 14041.5 18881.5 16890.3 1947.93 12838.5 10799.8 4616 3800.79 1741.24 131.47 4.07423 1.66633 4051.82 11126.8 10461.5 9426.44 1711.63 6.08968 4056.06 127.396 6743.79 1991.18 2496.86 2361.93 7752.43 3270.91 1554.96
internal_count=806001 466866 402960 284739 339135 307399 63906 222506 205883 118221 99748 58079 4152 134 54 84893 197105 185928 166834 25401 88 73242 4018 132641 31736 52299 62200 133396 56906 32594
is_linear=0
shrinkage=0.1


Tree=24
num_leaves=31
num_cat=0
split_feature=25 29 13 28 10 20 29 21 20 27 17 15 10 12 5 9 28 7 29 14 14 28 20 10 13 10 13 13 16 13
split_gain=43.7243 32.5149 26.5246 25.916 20.1823 18.5666 17.7379 19.5985 17.5119 16.8377 17.6567 15.9862 21.3082 17.5797 18.3422 15.8436 14.5602 14.4262 14.25 14.1232 13.9948 13.9793 13.9761 13.5115 12.4476 12.2848 11.9757 11.2478 33.0043 10.9828
threshold=1.5000000000000002 14676.500000000002 0.041056558823198898 2.5000000000000004 4.9635434423932265 83.500000000000014 81.500000000000014 1.0000000180025095e-35 462.50000000000006 190.50000000000003 2.5000000000000004 0.052129262189818587 4.9356954613663335 0.63333333333333341 9.5000000000000018 3.5000000000000004 14.500000000000002 1.0000000180025095e-35 2133.5000000000005 0.04338146027531916 0.069057226705796046 849.50000000000011 67009.000000000015 6.4945096978943484 0.050582914878905073 4.5648687537220427 0.033994607087827429 0.41428571428571431 0.050884073932467459 0.023346656976744189
decision_type=2 2 2 2 2 2 2 2 2 2 2 2 2 2 2 2 2 2 2 2 2 2 2 2 2 2 2 2 2 2
left_child=3 5 -3 4 -1 24 -5 11 -9 10 -7 12 13 21 -15 -12 -16 -6 -18 -4 -14 -8 -20 -11 -2 -23 -19 -17 -29 -24
right_child=1 2 19 6 17 9 7 8 -10 23 15 -13 20 14 16 27 18 26 22 -21 -22 25 29 -25 -26 -27 -28 28 -30 -31
leaf_value=0.00090465110693128633 -0.027287315363920425 -0.021241136504264561 -0.021539735570828247 0.012629411962599278 0.34827331923718546 0.029580045089718579 0.0041553977966720685 -0.02474981019029826 0.0059359742436278853 0.027670446713102231 0.0048602781470088148 0.0063916619869128308 -0.0039133095696632916 0.025280724326496952 0.0026930423531599454 -0.011510009752966698 -0.061727481643204435 -0.02653717474947874 0.44634351492925489 -0.0044063086006022384 0.015714957587489205 0.30617582442691293 0.42058563350086164 -0.017835451131336246 -0.0029450683596373216 0.0062680928508162042 -0.008452885963484166 0.49244240547831347 -0.10566872137886552 0.12684520136983146
leaf_weight=2330.5343938544393 328.91195498779416 1609.5087263900787 543.6576026789844 1831.9509149827063 1.1046249028295267 207.37983924150467 6109.9351522382349 489.13040100969374 300.0698277708143 441.01611908711493 1828.4608637560159 8367.5599317029119 6843.1675893701613 119.71275436505675 6.3317804895341423 984.80300095677376 1.9924365878105152 497.11943132989109 2.3385345786809912 4181.8926556091756 383.61057091876864 2.8805732205510131 1.5132909826934327 76.577888410538435 581.40544562041759 2.597361583262682 1390.2854427099228 1.672264734283089 2.0579615272581577 8.0119662769138795
leaf_count=47187 8491 51354 17887 26674 28 4606 105495 12354 6712 8181 40150 149423 126776 1652 100 22226 22 13881 31 110939 6198 36 23 1462 13938 35 29962 36 43 99
internal_value=-0.000123766 -0.00555121 -0.0101538 0.00191694 -0.00532136 0.000997686 0.00316491 0.00239904 -0.0130825 0.00427146 0.00141916 0.00295822 0.00082728 0.00510038 0.0401501 -0.000653971 0.128324 -0.0130046 0.185732 -0.00637745 -0.00287141 0.00429856 0.227291 0.0209379 -0.0117403 0.163975 -0.0132161 -0.0108535 0.162465 0.173512
internal_weight=39477.2 10787.3 6335.06 28689.8 4219.04 4452.29 24470.8 22638.9 789.2 3541.97 3024.37 21849.7 13482.1 6255.31 139.901 2816.99 20.188 1888.51 13.8562 4725.55 7226.78 6115.41 11.8638 517.594 910.317 5.47793 1887.4 988.533 3.73023 9.52526
internal_count=806001 279313 180180 526688 91058 99133 435630 408956 19066 76704 67061 389890 240467 107493 1927 62455 275 43871 175 128826 132974 105566 153 9643 22429 71 43843 22305 79 122
is_linear=0
shrinkage=0.1


Tree=25
num_leaves=31
num_cat=0
split_feature=11 23 11 11 11 29 28 10 5 28 19 29 17 14 13 14 29 14 13 28 27 13 16 10 26 10 10 10 4 10
split_gain=40.9478 35.6023 25.6252 33.3209 31.9358 30.438 25.9012 22.133 20.4869 23.363 20.1076 19.1232 17.7685 17.0526 16.8338 16.8078 16.7172 19.0289 17.4863 16.7969 27.4414 16.1857 26.2392 15.6293 14.9502 13.9292 14.635 13.8741 15.152 13.4078
threshold=0.072343673335877462 2.5000000000000004 0.051752036603057702 0.016261237440507673 0.051946130485519944 2324.5000000000005 42.500000000000007 6.2133570345660152 4.5000000000000009 1.5000000000000002 5.5000000000000009 87373.000000000015 16.500000000000004 0.063506891157521714 0.081165540540540551 0.095799990957999917 31027.500000000004 0.024721916636108059 0.20204081632653065 268.50000000000006 429.50000000000006 0.10733486943164364 0.05676558370090036 2.2828923296268995 0.16397849462365593 5.0699722430862266 3.5849059018974727 3.5282686437673889 1.5000000000000002 1.7647073397314548
decision_type=2 2 2 2 2 2 2 2 2 2 2 2 2 2 2 2 2 2 2 2 2 2 2 2 2 2 2 2 2 2
left_child=1 2 3 5 6 13 12 25 -7 29 -2 27 -4 -1 -6 -14 17 19 -18 -8 -21 -12 24 -11 -23 26 -5 28 -3 -10
right_child=10 11 4 7 14 8 16 -9 9 23 21 -13 15 -15 -16 -17 18 -19 -20 20 -22 22 -24 -25 -26 -27 -28 -29 -30 -31
leaf_value=0.0058431835480827797 0.0015386370373228738 0.033225358939652255 -0.011337365456032172 0.035655378733768187 0.00061633979188323524 -0.0066931407654611565 0.049509834827696997 -0.014502407564507888 0.064150593149434595 0.039023800962248813 0.0099061049260922834 -0.024897390640552988 -0.028770382568081898 0.033403304928673667 0.037817466282234244 0.24289485359474963 -0.015870249869161451 0.0046068030420033197 0.10466160277647688 0.4369466710072753 -0.054732927209509008 0.037000640265731903 0.38509319119107505 0.003379041059319899 0.36369986432982149 0.0217942866258692 0.0041857897621802405 -0.01001292628862472 -0.015660115333169487 -0.018929517540489955
leaf_weight=2969.3576527088881 6139.9677375108004 162.48640053533018 2136.4610702395439 164.93459616042674 3058.3521490637213 6657.8328308872879 43.386334836483002 312.12360889837146 20.069541253149509 126.7368374094367 4340.0717328321189 836.69271957315505 898.69441053085029 242.86826768890023 126.67630670405924 2.2831989880651227 590.79323196038604 896.04595681838691 12.286682115867732 2.9366276934742919 1.8503544107079504 26.03000455535949 2.631803708150982 4185.4481541309506 1.4803773984313 1183.95049165003 1420.7129472065717 2196.4644369333982 103.97418524883687 604.90335209853947
leaf_count=53092 106542 3751 47551 2954 53291 144376 735 6496 439 2239 70840 31525 20884 3730 2094 37 11728 14923 226 45 27 373 38 92935 21 24397 28932 63026 2459 16295
internal_value=-0.000117744 -0.00205822 -0.00080084 0.00128187 -0.00559602 -0.000687044 -0.0109396 0.0107422 -0.00307342 0.00180782 0.00522878 -0.0118359 -0.0163042 0.00792693 0.00209592 -0.0280819 -0.000408622 0.00789841 -0.0134146 0.0691238 0.246893 0.0104133 0.0834389 0.00442665 0.0545808 0.0135872 0.00745917 -0.00739877 0.01415 -0.0162616
internal_weight=39468.5 28958.3 25658.7 17888.9 7769.77 14807.2 4584.74 3081.72 11595 4937.16 10510.2 3299.62 3037.44 3212.23 3185.03 900.978 1547.3 944.219 603.08 48.1733 4.78698 4370.21 30.1422 4312.18 27.5104 2769.6 1585.65 2462.93 266.461 624.973
internal_count=806001 628187 527426 375885 151541 313106 96156 62779 256284 111908 177814 100761 68472 56822 55385 20921 27684 15730 11954 807 72 71272 432 95174 394 56283 31886 69236 6210 16734
is_linear=0
shrinkage=0.1


Tree=26
num_leaves=31
num_cat=0
split_feature=12 25 29 14 14 11 10 28 10 27 14 10 10 15 10 29 12 11 22 16 13 10 20 9 25 15 6 13 14 11
split_gain=37.6732 30.4107 22.9772 17.1913 17.4029 17.2418 16.8066 16.7194 16.0077 13.6946 13.5466 14.5028 13.2276 14.3006 12.6722 14.5495 14.2235 12.5618 14.536 18.5254 12.2418 18.2935 29.1107 17.2812 15.2244 12.1551 15.3957 11.8171 14.7269 11.7996
threshold=0.039736842105263161 6.5000000000000009 224885.00000000003 0.051497104690683103 0.024721916636108059 0.051946130485519944 4.2485666655192338 102.50000000000001 1.9451953526505161 1576.0000000000002 0.040828955344514049 8.8201079461133975 3.7838486602436219 0.05107897261726909 6.3785874479651934 32.500000000000007 0.53571428571428581 0.051752036603057702 0.22500000000000003 0.053241711986222538 0.24404761904761907 4.2356981714022295 227238.50000000003 2.5000000000000004 1.5000000000000002 0.052129262189818587 1.0000000180025095e-35 0.050582914878905073 0.059025326335937753 0.049616083465213068
decision_type=2 2 2 2 2 2 2 2 2 2 2 2 2 2 2 2 2 2 2 2 2 2 2 2 2 2 2 2 2 2
left_child=1 2 3 4 -1 9 -3 8 -2 17 -10 14 -4 -14 15 -12 25 29 -19 -20 -7 22 23 24 -22 27 -27 28 -17 -6
right_child=7 6 12 -5 5 20 -8 -9 10 -11 11 -13 13 -15 -16 16 -18 18 19 -21 21 -23 -24 -25 -26 26 -28 -29 -30 -31
leaf_value=0.015102040509705657 0.022040002867677544 0.00098104919609051005 0.0035035204092404219 0.00316846578882167 -0.0065019301727066575 0.002452748783149405 -0.020653964802544583 0.010320955870668029 -0.005052419393292369 0.23280858847539831 0.022648531319644005 0.045184150575550058 -0.016784084058738099 -0.0044187157960056392 -0.0070636035057256843 -0.011779446669092627 0.021455863880180198 -0.019785969811179437 0.45692654084199935 -0.10472850799117191 0.26664576882617841 0.018224353333212824 -0.011554823871738826 0.14646085243660154 0.7127977652617552 0.27874111301108701 0.0064642484023039772 0.0022237813981865252 0.0084321141174898036 0.052449824804938844
leaf_weight=446.10980037599802 384.4784308001399 481.40782563015819 816.91812877729535 8044.3469622693956 3199.1801188383251 1364.7796443570405 1412.7783293649554 2742.773094939068 2706.5612640846521 2.3472011648118487 383.0199237242341 79.929504990577698 1852.7300959359854 1888.7136624902487 1262.5945509076118 1493.5552162118256 395.90246316045523 914.38946334272623 1.4247914366424077 0.99902702309191216 1.6006083227694019 32.998452020809054 5.1002797745168209 3.1554668396711349 1.4648023527115581 2.0778157953172913 3944.4197342712432 5085.5193345807493 475.20926328189671 34.316771863028407
leaf_count=10198 5905 14886 18473 148914 75681 26344 49020 40045 59398 40 5546 1561 49848 49900 23562 31631 5742 21864 36 25 24 653 67 56 29 42 70432 86515 8756 808
internal_value=-0.000113268 -0.00308411 -0.00185549 0.000145756 -0.00390156 -0.00542584 -0.0151554 0.0031003 0.00187879 -0.00866919 0.00138908 0.00271768 -0.00802481 -0.0105419 0.00245743 0.00347793 0.00283365 -0.00880576 -0.0191377 0.225429 0.0041324 0.0558556 0.165542 0.310737 0.479839 0.00216346 0.0066076 -0.000322804 -0.00690089 -0.00587628
internal_weight=39460.8 20504.8 18610.6 14052.2 6007.87 5561.76 1894.19 18956 16213.3 4152.66 15828.8 13122.2 4558.36 3741.44 13042.3 11779.7 11396.7 4150.31 916.813 2.42382 1409.1 44.3196 11.3212 6.22088 3.06541 11000.8 3946.5 7054.28 1968.76 3233.5
internal_count=806001 466866 402960 284739 135825 125627 63906 339135 299090 98454 293185 233787 118221 99748 232226 208664 203118 98414 21925 61 27173 829 176 109 53 197376 70474 126902 40387 76489
is_linear=0
shrinkage=0.1


Tree=27
num_leaves=31
num_cat=0
split_feature=12 20 13 29 25 14 12 29 27 2 29 9 11 15 16 24 20 10 9 26 10 27 29 5 16 4 6 27 29 27
split_gain=30.5631 26.0433 18.8723 15.3179 17.3491 14.2353 14.5417 14.0448 13.4631 13.595 13.1497 12.9071 15.2374 12.3685 13.6811 12.2042 11.7309 11.5806 19.5587 10.7521 10.7337 13.61 12.2236 10.6721 11.5197 15.0989 13.2604 13.5608 16.6651 15.222
threshold=0.039736842105263161 9444.5000000000018 0.043295334351862745 118.50000000000001 1.0000000180025095e-35 0.068230311651364298 0.63333333333333341 224885.00000000003 2.5000000000000004 1.0000000180025095e-35 3.5000000000000004 3.5000000000000004 0.077748992515831908 0.052129262189818587 0.050227196801581116 0.14835164835164838 131.50000000000003 7.6792509984717388 3.5000000000000004 0.054804804804804812 2.934388501996569 8.5000000000000018 14676.500000000002 6.5000000000000009 0.053646060310563473 33.500000000000007 2.5000000000000004 4.5000000000000009 10555.000000000002 104.50000000000001
decision_type=2 2 2 2 2 2 2 2 2 2 2 2 2 2 2 2 2 2 2 2 2 2 2 2 2 2 2 2 2 2
left_child=1 3 -3 16 -5 6 8 19 -2 11 -8 12 -10 14 -6 -7 -1 -17 -19 -4 21 22 -11 24 25 -12 27 -27 29 -29
right_child=5 2 7 4 13 15 10 -9 9 20 23 -13 -14 -15 -16 17 -18 18 -20 -21 -22 -23 -24 -25 -26 26 -28 28 -30 -31
leaf_value=-0.0069490283953716411 -0.0057078284377258251 -0.0063628372694818055 0.0031993654327955204 0.0025477563839847086 -0.028240064509010537 0.010104854566038005 0.22811246565206852 -0.0047071412895014885 0.0033952683642150105 0.37424651964302524 -0.009158540354328823 -0.00027129175405308197 0.013509625013551416 -0.0064417078211380201 -0.012471492193140641 0.043430158212839742 0.016962795293462684 0.46169354525092193 -0.03750715222506882 0.034353599531184977 -0.011994243284166893 0.0095322455880850043 0.08685077615452079 0.041118375116280782 0.028109302058041137 0.45022542027037221 -0.10817782969774555 0.036395347773223952 -0.0085563561092132211 0.39513652734539545
leaf_weight=456.03350004553795 2282.4324358869344 4161.3900894708931 8031.012065127492 789.38531577028334 860.3442803863436 1412.5751151405275 2.9408857412636271 2688.2140164989978 5970.6995650883764 2.0747714601457146 267.38489893637598 5843.4785521347076 1984.5481054726988 1448.4254280421883 1526.4007235914469 70.555082432925701 372.95444245636463 1.7566219847649329 1.4187442995607851 112.32933110930026 801.75681133568287 20.306542409583926 5.1617451794445515 133.41507967375219 190.18615444935858 1.257263310253619 2.6364752352237693 2.070629380643366 5.967329952865839 2.7585259154438972
leaf_count=10311 49163 99122 148921 17364 27702 21609 32 61309 110909 32 3779 104624 28962 44624 46859 1151 8079 30 22 2575 13567 298 91 2001 2659 23 41 30 83 29
internal_value=-0.000107907 -0.00279136 -0.0006389 -0.00870892 -0.0109528 0.00277902 0.00198186 0.00156019 0.00143529 0.00254985 0.0171683 0.00329721 0.00591844 -0.0137316 -0.0181556 0.0121751 0.00380869 0.0518378 0.238652 0.00362911 -0.00988559 0.0514955 0.16925 0.0161441 0.00908879 -0.00373558 0.0949707 0.139405 0.103209 0.241317
internal_weight=39451.9 20446.5 14992.9 5453.54 4624.56 19005.4 17519.1 10831.6 16910.5 14628 608.617 13798.7 7955.25 3835.17 2386.75 1486.31 828.988 73.7304 3.17537 8143.34 829.3 27.5431 7.23652 605.676 472.261 282.075 14.6902 12.0537 10.7965 4.82916
internal_count=806001 466866 311927 154939 136549 339135 316323 212805 307646 258483 8677 244495 139871 119185 74561 22812 18390 1203 52 151496 13988 421 123 8645 6644 3985 206 165 142 59
is_linear=0
shrinkage=0.1


Tree=28
num_leaves=31
num_cat=0
split_feature=25 10 28 29 1 9 12 5 28 4 18 16 13 29 20 28 29 15 1 19 18 13 14 19 20 14 15 12 14 9
split_gain=29.0437 25.1812 22.4151 17.7217 17.2306 17.6988 16.3953 18.2858 16.2795 15.8742 15.8396 15.368 15.1438 14.6408 14.2055 17.3298 13.989 16.425 14.9149 13.4397 13.2287 12.7144 12.3811 12.0022 12.2242 11.9458 11.9392 20.1338 14.3695 23.5592
threshold=6.5000000000000009 5.2433318024402835 17.500000000000004 281.50000000000006 5.5000000000000009 3.5000000000000004 0.10471491228070177 6.5000000000000009 450.50000000000006 51.500000000000007 125.50000000000001 0.053971812042743719 0.044750928899804775 690694.50000000012 331351.00000000006 150.50000000000003 2133.5000000000005 0.052129262189818587 2.5000000000000004 142.50000000000003 25.500000000000004 0.15047169811320757 0.038737729758218598 21.500000000000004 55.500000000000007 0.076983551040154821 0.052129262189818587 0.049390243902439034 0.090966555568325488 5.5000000000000009
decision_type=2 2 2 2 2 2 2 2 2 2 2 2 2 2 2 2 2 2 2 2 2 2 2 2 2 2 2 2 2 2
left_child=1 4 11 23 5 6 9 22 -6 13 21 26 -5 -1 15 -4 18 -18 -7 -15 -21 -9 -8 24 -2 -20 27 28 -3 -30
right_child=3 2 14 12 8 16 7 10 -10 -11 -12 -13 -14 19 -16 -17 17 -19 25 20 -22 -23 -24 -25 -26 -27 -28 -29 29 -31
leaf_value=0.0067948063895864261 -0.017042687399046044 -0.022460188936559752 -0.0067733387393011484 -0.025274899059412038 0.025162317407035079 -0.0073596133990196906 -0.03304333442586984 0.049719551052391078 0.32365541328313358 -0.0087029936111830321 -0.08724193208313441 0.0083647807129494777 -0.0081731326497280748 -0.0057324609380045716 0.0043608559259469565 0.0080757933613797052 -0.0061120293328382072 0.0039518569411168773 0.010646504310740944 0.026330422879484394 0.28859109633548674 -0.062057140096064695 0.013013687199513563 -0.023097912271672363 0.019333663775879209 0.05255808352499533 -0.0031709447847756292 -0.0051098047934082114 0.0047813283743212281 0.21960341714102155
leaf_weight=8003.1185874734074 117.30426186881959 1488.0709669645876 3444.9159578084946 712.99450908973813 292.73583663068712 500.14210163988173 62.624544285237789 236.61394086293876 1.8386176526546467 897.40422085486352 9.4148686639964563 585.28839649446309 1891.2410763502121 1232.7584034819156 5041.2327648103237 1018.2580484356731 4686.6301191449165 2479.7916693724692 1205.6733863372356 5.2768486924469453 3.0263811741024256 10.633747978135942 858.53751137852669 121.61538851261139 434.80326519161463 72.071037733927369 2298.0569991543889 1695.7466975767165 29.97647270001471 6.1529461815953246
leaf_count=148808 2854 40108 73778 25410 5520 8317 1200 3734 25 18144 146 13436 58310 27388 81871 17094 93674 49009 20570 108 47 154 13162 2693 9691 977 53913 35054 670 136
internal_value=-0.000102158 0.000714777 -0.00231362 -0.00911547 0.00301391 0.00266485 0.00529194 0.0164596 0.0270254 0.00399495 0.0400645 -0.00704275 -0.0128553 0.00522764 0.000723217 -0.00338556 -0.000659835 -0.00262963 0.00728014 -0.00487841 0.12192 0.0449122 0.00988253 0.00534062 0.0116049 0.0130105 -0.00867701 -0.0126067 -0.0209473 0.0413662
internal_weight=39443.9 36166 15607.7 3277.96 20558.3 20263.7 11319.4 1177.82 294.574 10141.6 256.663 6103.29 2604.24 9244.18 9504.41 4463.17 8944.31 7166.42 1777.89 1241.06 8.30323 247.248 921.162 673.723 552.108 1277.74 5518 3219.95 1524.2 36.1294
internal_count=806001 707043 316060 98958 390983 385438 212891 18396 5545 194495 4034 143317 83720 176351 172743 90872 172547 142683 29864 27543 155 3888 14362 15238 12545 21547 129881 75968 40914 806
is_linear=0
shrinkage=0.1


Tree=29
num_leaves=31
num_cat=0
split_feature=11 20 29 21 19 17 10 11 13 11 9 17 11 10 17 28 10 5 19 28 10 25 23 24 28 26 12 10 14 13
split_gain=26.7264 25.7686 22.8317 17.9434 16.0634 14.7794 14.4671 13.1777 13.1295 16.102 16.7404 15.4234 16.3829 15.2842 14.6351 12.6877 12.563 12.1704 13.0278 11.9821 12.4783 11.7267 11.6972 21.7446 11.614 11.6021 11.2832 11.2728 11.2343 11.1944
threshold=0.072343673335877462 310185.00000000006 3826.5000000000005 1.0000000180025095e-35 5.5000000000000009 6.5000000000000009 9.3389973423344141 0.07630353215163671 0.060625203392101694 0.098422752111276712 5.5000000000000009 78.500000000000014 0.16021390374331554 4.9853160250827306 46.500000000000007 33.500000000000007 6.1323122662398957 3.5000000000000004 34.500000000000007 442.50000000000006 4.8374709681539629 5.5000000000000009 15.500000000000002 0.060661764705882359 17.500000000000004 0.22474747474747478 0.63333333333333341 5.9118118728157194 0.049264363443159535 0.087787061368754318
decision_type=2 2 2 2 2 2 2 2 2 2 2 2 2 2 2 2 2 2 2 2 2 2 2 2 2 2 2 2 2 2
left_child=1 2 5 19 7 22 15 -2 13 29 11 17 -13 -6 26 27 -5 -11 -19 20 -4 -22 -1 -24 -23 -7 -15 28 -3 -10
right_child=4 6 3 16 8 25 -8 -9 9 10 -12 12 -14 14 -16 -17 -18 18 -20 -21 21 24 23 -25 -26 -27 -28 -29 -30 -31
leaf_value=0.017400972327297835 0.028264108756022688 -0.0040772237524662426 -0.00094366117893451363 -0.012563609567177192 0.011857901431644226 -0.0023418187416176755 0.052884328008126605 0.00012007484864363163 0.012262232894389265 0.049744825815856965 -0.045118473910795147 -0.023388556553720977 0.13484050636575226 0.0016005345048367835 -0.024315406460401801 0.0050931782661111993 -0.035450392116980124 0.11839630220294101 -0.014148489295785674 0.027079655122705368 -0.0068705179189857291 -0.037916801981493199 0.011291444370618143 0.5978216593103729 -0.011074267027158123 0.016658174049443499 0.068622918079911027 -0.0080214337645534463 0.003843422642261072 -0.058464002944092146
leaf_weight=448.46751955896616 171.11186771839857 3000.534651402384 3337.9721734169871 1677.0768602248281 2141.5775839462876 3341.3808169532567 54.155976017937064 5999.6940744407475 393.59672941081226 175.37484914250672 22.321558965370059 8.2358390316367132 31.847405411303043 1297.177934659645 232.32170235365629 5135.5237732734531 279.8645826112479 8.3801403790712339 64.426484620198607 113.52698208205402 4081.9262615013868 254.78259058669209 1.7341799233108752 0.99459032155573357 438.78841254115105 355.58976925723255 25.614531941711903 1877.4979268405586 4441.1897739190608 23.728162007406354
leaf_count=9059 2942 66978 76627 59029 34620 70900 1102 103600 5970 2613 363 124 403 21307 4164 81924 10713 128 952 1947 96195 9297 48 20 14142 5685 296 42097 82424 332
internal_value=-9.75057e-05 -0.00167539 -0.00468287 -0.00723019 0.00419754 0.00157094 0.00129544 0.000900488 0.00879579 0.0210717 0.0383121 0.0447725 0.102329 0.00637855 -0.00116716 0.00110216 -0.0158367 0.0354766 0.00110759 -0.00518298 -0.00563442 -0.00891316 0.0186569 0.225072 -0.0209348 -0.000514322 0.00289835 -0.00109716 0.000649785 0.0082409
internal_weight=39436.4 28841 14332.1 10183.9 10595.4 4148.17 14508.9 6170.81 4424.6 727.911 310.586 288.265 40.0832 3696.69 1555.11 14454.7 1956.94 248.181 72.8066 8227 8113.47 4775.5 451.196 2.72877 693.571 3696.97 1322.79 9319.22 7441.72 417.325
internal_count=806001 628187 353662 267950 177814 85712 274525 106542 71272 10885 4583 4220 527 60387 25767 273423 69742 3693 1080 198208 196261 119634 9127 68 23439 76585 21603 191499 149402 6302
is_linear=0
shrinkage=0.1


Tree=30
num_leaves=31
num_cat=0
split_feature=10 15 13 20 28 17 11 27 10 19 29 28 16 1 29 27 29 29 11 4 25 14 25 18 13 20 29 29 13 18
split_gain=23.4161 30.6257 25.0644 17.2278 18.0708 42.1901 15.9398 16.4048 15.7522 15.1135 12.8163 12.1262 12.2278 13.3682 12.0319 12.8319 28.6023 14.3347 12.4355 15.966 23.6913 11.9021 14.4167 22.7946 20.6328 11.1581 13.0099 11.0193 22.0478 13.824
threshold=3.7838486602436219 0.052129262189818587 0.035778289810547877 146822.50000000003 84.500000000000014 148.50000000000003 0.051752036603057702 11.500000000000002 5.2848760558430135 105.50000000000001 89.500000000000014 116.50000000000001 0.050534108040051672 3.5000000000000004 37.500000000000007 1036.0000000000002 35057.500000000007 173.50000000000003 0.033426443202979522 90.500000000000014 1.0000000180025095e-35 0.049264363443159535 3.5000000000000004 146.50000000000003 0.052445802545490063 187.50000000000003 59.500000000000007 121364.00000000001 0.051875097234271882 43.500000000000007
decision_type=2 2 2 2 2 2 2 2 2 2 2 2 2 2 2 2 2 2 2 2 2 2 2 2 2 2 2 2 2 2
left_child=11 2 6 4 8 9 14 -8 -4 -6 -5 25 -13 -14 -2 18 17 -17 -16 -20 -21 22 -3 -24 -25 -1 -27 -15 -29 -30
right_child=1 21 3 10 5 -7 7 -9 -10 -11 -12 12 13 27 15 16 -18 -19 19 20 -22 -23 23 24 -26 26 -28 28 29 -31
leaf_value=-0.0074682829974299083 0.016548626625725364 0.00064078419013481288 -0.0040123223532097648 0.01518867052810525 0.0055804176625870727 0.47772260617113266 -0.041129178630877582 -0.012877193819591055 -0.015878655581665683 -0.05495869583633918 0.00014951017000667635 -0.0033303578065718153 0.025785464452141884 0.068092806883553694 -0.0096202136973639954 0.29631433277692415 0.5273879048136787 -0.062669320365309408 0.016788199692052717 0.032301284318979877 0.68911742108416263 0.0046762681247091873 -0.016942794693642467 0.59662125984332759 -0.10420410615471326 0.030453519750417591 0.005200543568155077 0.54168545390800815 0.26814017654628358 -0.10911614847626475
leaf_weight=667.40630432963371 207.19862020947039 3768.9275168646127 2845.7018833979964 606.02602961286902 1332.1899538077414 1.8802576307207335 289.37322824075818 709.34166404232383 1843.322166102007 42.554909095168114 8720.9442762732506 114.76171140931547 203.9833058770746 35.300325490534306 3531.0168519895524 1.4843559637665737 1.4173868130892513 4.4383465703576803 132.05434617586434 1.4530871361494058 0.88279740326106537 9053.740524828434 611.24305592663586 1.1419171821326006 0.66456375457346428 213.74011152610183 4480.5901492256671 1.5377431791275729 2.1133055575191979 1.7974560875445602
leaf_count=16679 3686 84606 70996 8188 26360 32 8398 15821 47981 829 152169 1661 3064 477 87031 24 24 72 3107 32 27 171802 20127 36 20 2835 79834 24 32 27
internal_value=-9.28323e-05 -0.00109684 -0.00355083 -0.00157121 -0.0057197 0.00435388 -0.00979672 -0.0210631 -0.00867715 0.00370644 0.00112669 0.00582236 0.0236021 0.0362315 -0.0068967 -0.00821938 0.123868 0.0272997 -0.00848389 0.0213724 0.280531 0.00260564 -0.00167255 -0.0158945 0.338803 0.00463027 0.00635035 0.0885228 0.220887 0.0947464
internal_weight=39428.2 33707 20271.3 15392.6 6065.65 1376.63 4878.66 998.715 4689.02 1374.74 9326.97 5721.23 359.494 244.732 3879.95 3672.75 7.34009 5.9227 3665.41 134.39 2.33588 13435.7 4381.98 613.05 1.80648 5361.74 4694.33 40.7488 5.4485 3.91076
internal_count=806001 701368 424777 306555 146198 27221 118222 24219 118977 27189 160357 104633 5285 3624 94003 90317 120 96 90197 3166 59 276591 104789 20183 56 99348 82669 560 83 59
is_linear=0
shrinkage=0.1


Tree=31
num_leaves=31
num_cat=0
split_feature=14 13 14 12 11 13 27 27 4 10 5 27 28 10 20 4 25 29 9 19 29 29 29 7 12 12 13 16 5 29
split_gain=21.7561 23.3758 19.6672 17.9047 17.4052 18.1158 16.9181 16.9015 19.5025 21.1341 16.3662 15.7249 14.3757 14.4219 14.1603 13.4598 12.5688 13.8459 13.0255 12.4718 12.343 13.5222 12.1427 13.1025 16.4546 13.1985 17.9926 26.5813 11.7014 11.4324
threshold=0.062574104838482775 0.035778289810547877 0.013378076062639823 0.16204051012753193 0.324561403508772 0.28991596638655465 3.5000000000000004 31.500000000000004 16.500000000000004 5.298342365923058 8.5000000000000018 37.500000000000007 18.500000000000004 5.005085945776508 798056.00000000012 21.500000000000004 1.5000000000000002 92787.000000000015 3.5000000000000004 1.0000000180025095e-35 387374.00000000006 69392.500000000015 37.500000000000007 3.5000000000000004 0.24404761904761907 0.046693313953488379 0.048412298387096785 0.050227196801581116 3.5000000000000004 89715.500000000015
decision_type=2 2 2 2 2 2 2 2 2 2 2 2 2 2 2 2 2 2 2 2 2 2 2 2 2 2 2 2 2 2
left_child=1 2 28 12 5 22 -4 8 -7 -10 20 -9 13 15 -15 -3 -8 18 -18 -17 21 -5 23 -2 25 26 27 -25 29 -1
right_child=4 3 6 10 -6 7 16 11 9 -11 -12 -13 -14 14 -16 19 17 -19 -20 -21 -22 -23 -24 24 -26 -27 -28 -29 -30 -31
leaf_value=0.016209468347789743 0.023608762942166552 0.002577657574533594 -0.018321648949061107 0.0082916483385941167 -0.018116069301849624 -0.045750283197049324 -0.0021683093860462689 0.47084398846445918 0.28226035018306733 -0.10570951163351097 0.027878421118479452 0.13135195558570933 0.001959968816165628 -0.012829577931396888 -0.0021937929221214707 -0.021008070919132482 -0.00029511020790427784 -0.027812861877466545 -0.020136485172489581 0.00022351997218045556 0.027556602968437822 -0.011270376719819257 0.0068386952778510665 0.63032166326277306 0.31513791022756088 -0.013817023566476875 0.052802829331328877 0.066358097248454817 0.024301557490341158 -0.049886568514174313
leaf_weight=57.415318012237549 130.30416605994105 5051.4356283750385 1073.6729172002524 1149.3940553963184 259.0742311924696 13.102991761639716 4938.6498969607055 1.5531881731003512 4.628763820976018 2.0154172889888287 383.93048539571464 11.222516652196644 13609.492108555511 2210.0950805973262 2886.9531295541674 513.50842160731554 953.25258201174438 418.55191504769027 506.75524329580367 599.8736357036978 218.59478532895446 510.22178993187845 3515.0585960112512 1.6266891956329401 3.2389118522405616 9.277247026562689 6.1976989358663559 1.718829672783613 332.94977255910635 48.085319923236966
leaf_count=1233 1769 106351 32102 16103 3941 242 102312 25 87 43 5796 160 253349 60726 57044 11387 25320 15756 13783 12862 3911 8149 63400 28 29 113 95 29 8446 1410
internal_value=-8.98813e-05 -0.000874809 -0.00550868 0.000547679 0.00694109 0.00869562 -0.0066541 0.0830004 0.0250163 0.164575 0.00906534 0.172625 -0.000227034 -0.00286994 -0.0068055 0.000383975 -0.00481652 -0.0117786 -0.00718187 -0.00956881 0.00521971 0.00227762 0.00803668 0.0356745 0.106946 0.0711177 0.153685 0.340574 0.0151056 -0.0139159
internal_weight=39421.9 35462.8 8329.33 27133.5 3959.02 3699.95 7890.88 32.5229 19.7472 6.64418 2262.14 12.7757 24871.4 11261.9 5097.05 6164.82 6817.21 1878.56 1460.01 1113.38 1878.21 1659.62 3667.42 152.364 22.0594 18.8205 9.54322 3.34552 438.45 105.501
internal_count=806001 736040 200362 535678 69961 66020 189273 557 372 130 33959 185 501719 248370 117770 130600 157171 54859 39103 24249 28163 24252 65463 2063 294 265 152 57 11089 2643
is_linear=0
shrinkage=0.1


Tree=32
num_leaves=31
num_cat=0
split_feature=11 11 11 23 11 28 10 28 17 29 23 25 13 13 20 14 25 12 17 23 19 19 27 4 14 11 14 29 13 12
split_gain=19.603 20.4861 34.5783 22.9699 22.0439 27.5511 16.6033 20.491 16.9341 14.9466 18.6555 18.2006 16.7132 14.5472 13.7105 16.5877 13.5713 15.6974 12.3956 12.3763 12.037 12.034 11.9453 19.8556 11.8509 11.7932 17.4858 13.0546 14.553 14.6635
threshold=0.072343673335877462 0.051752036603057702 0.031331806282722523 2.5000000000000004 0.051946130485519944 42.500000000000007 3.4341484687987527 6.5000000000000009 1.0000000180025095e-35 31027.500000000004 14.500000000000002 30.500000000000004 0.20204081632653065 0.081165540540540551 1.0000000180025095e-35 0.079354222309078681 11.500000000000002 0.035401002506265669 16.500000000000004 12.500000000000002 43.500000000000007 5.5000000000000009 923.00000000000011 68.500000000000014 0.039788843639444099 0.23956521739130437 0.045938630067322607 1294701.5000000002 0.055907613274679087 0.16472868217054268
decision_type=2 2 2 2 2 2 2 2 2 2 2 2 2 2 2 2 2 2 2 2 2 2 2 2 2 2 2 2 2 2
left_child=1 2 3 6 5 18 -1 -8 16 -7 12 -12 -11 20 15 19 -9 -18 -3 -4 -6 -2 -10 -24 -23 26 -26 -28 -29 -30
right_child=21 4 14 -5 13 9 7 8 22 10 11 -13 -14 -15 -16 -17 17 -19 -20 -21 -22 24 23 -25 25 -27 27 28 29 -31
leaf_value=0.010016331828086268 0.00072050930030252399 -0.010851270685245702 0.034954640039660423 -0.011602356686103224 -0.0029589037997941612 0.0069044690421717694 -0.0079860430449423449 0.015451423127274802 -0.0001831297875319513 -0.014778828992319895 0.67571339869653479 -0.10267010448447622 0.091835117294548851 0.032227126437791222 0.0094792902384783582 0.47858537669101092 0.60291268373492757 0.0054086522239237675 -0.023890339373236882 0.38331598836479391 0.014668190877761764 -0.031798455681315715 0.039577355434652239 0.37489147085630126 0.053949124514876282 -0.0087047004686693907 0.0082248210629240533 -0.021633722620615761 0.085951277272978785 0.35959565338149457
leaf_weight=1507.1768330540508 6178.9601957723498 2414.5165484976023 161.57309865951538 1900.9304120969027 2870.1464542131871 1207.8375128973275 3254.5886850375682 693.7554070726037 10135.326829021797 658.35279480740428 0.77064688317477592 0.49229752086102962 15.039793044328688 140.90049999766052 2273.0710946395993 0.85573327355086704 0.84882633760571369 0.9122120626270771 1044.4581203805283 1.0263145063072432 447.84550522826612 75.316265752539039 36.243279714137316 1.8564075008034695 87.72920972853899 376.94667148031294 3888.2890198063105 12.896233104169367 24.84531489759684 2.1257770434021941
leaf_count=26999 106542 57845 4038 60907 52978 22114 85211 14403 204062 14395 31 20 270 2366 47060 18 28 25 27058 34 7796 1499 505 24 1648 6380 61058 229 432 26
internal_value=-8.64174e-05 -0.00144312 0.000328427 -0.00122291 -0.00546278 -0.00949025 3.93835e-05 -0.0010253 0.00105903 0.000244977 -0.0116775 0.372298 -0.0123977 0.00075672 0.0114909 0.0394645 0.0161552 0.293408 -0.0147885 0.0371535 -0.000579689 0.00357939 2.69609e-05 0.0559155 0.00753291 0.00820726 0.00979468 0.00880856 0.0657409 0.107519
internal_weight=39415.6 28768.5 19968.2 17531.6 8800.36 5341.47 15630.7 14123.5 10868.9 1882.49 674.656 1.26294 673.393 3458.89 2436.53 163.455 695.516 1.76104 3458.97 162.599 3317.99 10647.1 10173.4 38.0997 4468.15 4392.83 4015.89 3928.16 39.8673 26.9711
internal_count=806001 628187 443314 392164 184873 121733 331257 304258 219047 36830 14716 51 14665 63140 51150 4090 14456 53 84903 4072 60774 177814 204591 529 71272 69773 63393 61745 687 458
is_linear=0
shrinkage=0.1


Tree=33
num_leaves=31
num_cat=0
split_feature=10 15 29 21 20 10 27 10 14 12 10 11 4 21 26 8 18 20 17 1 14 18 14 4 29 13 9 28 29 9
split_gain=17.642 18.017 21.4281 27.0306 21.4443 20.4159 14.5273 12.3391 12.5813 11.9297 19.3655 10.6395 13.2553 17.4274 13.2443 14.0243 10.5348 10.3188 10.1679 9.99599 12.9092 16.1424 19.29 11.6357 12.736 11.8744 11.8986 13.172 11.0348 16.0275
threshold=2.082556816555154 0.052129262189818587 66.500000000000014 1.0000000180025095e-35 107.50000000000001 4.7816381673140311 1.5000000000000002 4.9356954613663335 0.069057226705796046 0.63333333333333341 2.4714779227030594 0.21525096525096529 5.5000000000000009 1.5000000000000002 0.061553030303030311 11.500000000000002 71.500000000000014 1.0000000180025095e-35 11.500000000000002 4.5000000000000009 0.037835007820162768 3.5000000000000004 1.0000000180025095e-35 86.500000000000014 2513.5000000000005 0.056193232745664561 2.5000000000000004 683.50000000000011 975.50000000000011 2.5000000000000004
decision_type=2 2 2 2 2 2 2 2 2 2 2 2 2 2 2 2 2 2 2 2 2 2 2 2 2 2 2 2 2 2
left_child=-1 2 11 6 5 17 -4 9 16 -8 -11 -2 14 -14 -13 -16 -9 -5 -17 20 21 22 -3 24 28 26 27 -26 -21 -30
right_child=1 19 3 4 -6 -7 7 8 -10 10 -12 12 13 -15 15 18 -18 -19 -20 23 -22 -23 -24 -25 25 -27 -28 -29 29 -31
leaf_value=0.013108056825346394 0.0069965945461662711 0.050850039349842446 -0.009716239505534071 0.014179881607840457 -0.0050869204135186828 -0.036589126813971848 0.0015375448248134372 -0.0024337457850024031 0.012299345270104095 0.2130800376188709 0.022599524101170256 -0.0018641209214643904 0.081732850860006839 0.40884710923223788 0.34042048169424471 0.23478738883042338 -0.011156059832367941 -0.018562702381132123 -0.10742439416010968 0.017716180784375066 0.002382550384483934 -0.015617333259414152 -0.0016818945404384325 -0.011557839125182703 0.022975993884025794 -0.0075754836777317466 0.0030269487241949421 0.33644698411796492 0.0064186635780183014 0.091411285328870814
leaf_weight=988.34350815974176 1597.5061013232917 80.842268584296107 2037.9518857710063 143.11922609619796 1451.3628784157336 568.12810685299337 7865.8207087200135 7142.2959556244314 492.31849643029273 5.5302792191505423 153.0068692676723 46.502925969660282 23.512080151587728 1.7498849406838406 2.4429899603128424 1.452253006398678 1717.7583649959415 293.91202136036009 2.1590394414961338 407.83968441933393 11022.439521646127 934.95796097815037 516.49109514802694 261.04843495599926 474.01249745115638 437.30241239443421 647.3356975261122 1.3442705627530802 37.912376156076789 53.492539739236236
leaf_count=16547 26508 1988 47018 4399 41851 19601 147338 143468 8291 62 1990 659 323 37 32 20 35595 9555 35 7092 217275 22966 13093 5540 10570 8229 14225 19 693 982
internal_value=-8.37726e-05 -0.000423115 -0.00214427 -0.00297918 -0.0128624 -0.0240894 -0.00172867 -0.000791888 -0.00326022 0.00208494 0.0292441 0.00875546 0.0448622 0.104392 0.0162488 0.155374 -0.0041248 -0.00784014 0.0301934 0.0023014 0.00118697 -0.00741334 0.0054277 0.00833139 0.0108527 0.00640378 0.0118489 0.0238625 0.0247545 0.0561586
internal_weight=39409.9 38421.5 23546.5 21871.2 2456.52 1005.16 19414.7 17376.7 9352.37 8024.36 158.537 1675.33 77.8192 25.262 52.5572 6.05428 8860.05 437.031 3.61129 14875 12554.7 1532.29 597.333 2320.29 2059.24 1559.99 1122.69 475.357 499.245 91.4049
internal_count=806001 789454 486782 459168 75406 33555 383762 336744 187354 149390 2052 27614 1106 360 746 87 179063 13954 55 302672 255322 38047 15081 47350 41810 33043 24814 10589 8767 1675
is_linear=0
shrinkage=0.1


Tree=34
num_leaves=31
num_cat=0
split_feature=12 23 28 18 14 28 29 18 11 14 13 11 8 11 20 10 10 28 10 29 28 28 4 19 29 14 17 14 10 12
split_gain=16.6913 20.7631 14.8678 12.5106 16.6724 14.2226 12.3084 14.2845 23.5245 11.2872 11.0262 14.3629 12.4746 11.985 21.4309 11.0077 10.7836 12.9144 11.0113 11.0071 9.86931 11.3311 9.84118 9.4807 9.32977 10.7868 11.4454 11.2388 16.9243 11.7257
threshold=0.031498015873015879 4.5000000000000009 7.5000000000000009 55.500000000000007 0.037056377526351422 683.50000000000011 435956.50000000006 136.50000000000003 0.18245838668373884 0.049877437832697512 0.043295334351862745 0.051332725245768727 9.5000000000000018 0.048422623276964623 175399.50000000003 4.2485666655192338 6.3785874479651934 84.500000000000014 8.8201079461133975 3.5000000000000004 64.500000000000014 63.500000000000007 68.500000000000014 9.5000000000000018 27.500000000000004 0.07374422026061371 53.500000000000007 0.080408456486042709 3.4045196530214903 0.3257575757575758
decision_type=2 2 2 2 2 2 2 2 2 2 2 2 2 2 2 2 2 2 2 2 2 2 2 2 2 2 2 2 2 2
left_child=1 2 10 -4 -5 6 23 -8 9 -9 11 12 13 -1 -15 20 17 24 -18 -20 21 -3 -7 -6 25 -2 27 28 -27 -29
right_child=16 15 3 4 5 22 7 8 -10 -11 -12 -13 -14 14 -16 -17 18 -19 19 -21 -22 -23 -24 -25 -26 26 -28 29 -30 -31
leaf_value=-0.03065466595683038 0.012576714443433097 0.0089120806129767364 0.0022952133996764867 -0.026077021524021513 -0.0051071044899717311 0.057934202585762179 -0.032291389262723395 0.28831522577079705 0.50732113474249863 -0.0006474374529640474 -0.0031815460762002808 -0.032584538363087966 -0.0022419869320297976 0.58488527585797379 -0.10396837103670875 -0.022207193818725459 -0.0061916070375005877 0.0088949578081124313 0.33433831944590553 0.019751370861712858 -0.038169986694015945 0.37958995369949783 0.33508031220286544 0.005586245682721344 0.0011806215785885471 -0.024714541740131147 0.32241571843306094 -0.011622317520910282 0.33804465416255386 0.25426967562896219
leaf_weight=228.51183508429676 382.74298626556993 222.5693525262177 9774.3133158469573 321.75550373550504 2467.4283117465675 23.449420571327213 208.83171725831926 1.5322039164602745 1.138990769162773 11.478704350069163 3687.360145942308 311.34628327284008 807.68997547682375 0.87114361114799865 0.93784942850470543 751.98957934230566 2160.0568082202226 2960.6105733476579 1.1208118870854367 145.115279186517 51.776102771982551 0.8277308139950027 1.3552873097360123 1248.7033990062773 13608.293441787362 2.1906611397862497 1.839161030948161 13.924901183694599 3.114650871604681 1.8828075118362892
leaf_count=7040 5469 7469 203502 8327 51702 369 5486 52 21 272 87999 9427 24751 27 26 28976 41271 43192 13 2870 1555 26 23 24591 251298 20 20 154 36 17
internal_value=-8.04346e-05 -0.00209499 -0.00135003 0.000320001 -0.00418486 -0.00240785 -0.00288318 -0.025703 0.0715313 0.0333817 -0.00601192 -0.0137464 -0.00809604 -0.028625 0.227758 -0.015945 0.0020222 0.00289391 -0.00439375 0.0221625 0.00116821 0.0102855 0.073077 -0.0015139 0.00162613 0.0165698 0.0831566 0.0623147 0.188255 0.0200473
internal_weight=39404.8 20123.9 19096.7 14060 4285.67 3963.92 3939.11 222.982 14.1499 13.0109 5036.72 1349.36 1038.01 230.321 1.80899 1027.16 19280.9 16974.6 2306.29 146.236 275.173 223.397 24.8047 3716.13 14014 405.695 22.9522 21.113 5.30531 15.8077
internal_count=806001 461641 423615 294345 90843 82516 82124 5831 345 324 129270 41271 31844 7093 53 38026 344360 300206 44154 2883 9050 7495 392 76293 257014 5716 247 227 56 171
is_linear=0
shrinkage=0.1


Tree=35
num_leaves=31
num_cat=0
split_feature=11 11 11 11 28 29 29 19 5 10 27 28 20 17 23 3 29 29 4 28 14 15 29 13 13 1 27 29 13 8
split_gain=15.194 16.8104 28.0119 18.0209 21.6126 16.2962 16.0957 18.9975 15.8496 17.3709 18.0604 17.0948 14.9008 14.0972 12.8964 12.1688 18.2338 14.7116 16.0475 24.1338 20.6395 18.0677 11.9156 14.028 11.3978 11.3439 12.2218 16.9383 12.4742 12.5957
threshold=0.072343673335877462 0.051752036603057702 0.019324122479462288 0.051946130485519944 42.500000000000007 22025.500000000004 1521.5000000000002 4.5000000000000009 4.5000000000000009 1.7647073397314548 144.50000000000003 1.5000000000000002 97.500000000000014 11.500000000000002 2.5000000000000004 2.5000000000000004 50436.500000000007 71033.500000000015 39.500000000000007 45.500000000000007 0.0575411591247912 0.050990900347843288 31027.500000000004 0.20204081632653065 0.081165540540540551 2.5000000000000004 351.50000000000006 28258.500000000004 0.049995248051701205 9.5000000000000018
decision_type=2 2 2 2 2 2 2 2 2 2 2 2 2 2 2 2 2 2 2 2 2 2 2 2 2 2 2 2 2 2
left_child=1 2 6 4 -3 -4 7 12 13 10 -10 -11 -1 -8 15 16 -13 18 -18 20 21 -20 25 -24 -5 -6 -27 28 29 -28
right_child=-2 3 5 24 22 -7 8 -9 9 11 -12 14 -14 -15 -16 -17 17 -19 19 -21 -22 -23 23 -25 -26 26 27 -29 -30 -31
leaf_value=-0.0099826761478240735 0.0031425572474780977 -0.01335208899261704 -0.0014217345638685439 -0.00051677926898206663 -0.014369938569085351 0.013583728042853752 -0.012813966992980522 -0.0078209525954524572 0.036319284769090597 -0.015202009927936326 0.40359237487915955 -0.0072150706155790865 0.011921705396867939 -0.0032305447568224894 -0.015231281078427531 0.001471217259118871 0.05531434492864612 0.020119628122333769 0.79693749692663263 -0.024283492646167859 0.048976577039078047 0.2745196406951716 -0.013037747652418046 0.080584225801384968 0.028139500096822312 0.0066904179955668622 0.10993594165098355 0.35297468360062328 0.066715645305762447 -0.031036287365236215
leaf_weight=359.6088751424104 10683.416430613026 3406.7734761815518 1069.5408274568617 3315.5290967226028 225.44145476073027 2238.5745454365388 2130.6966245127842 910.34947467036545 106.06873018294573 625.17509061843157 1.3560236543416966 246.66354517824948 2277.035472439602 5489.6512462859973 382.05831133387983 3593.5814846213907 47.118799921125174 478.68198408745229 1.330642921850085 2.4138930179178715 1.2879321649670599 1.317478436976671 651.82972438354045 16.407290851697326 144.86209030635655 888.67145509459078 7.8072649333626023 1.7331853061914433 60.382214209064841 33.679374095052481
leaf_count=8162 177814 84903 19904 60774 4135 49432 47701 16545 1916 18259 16 4857 40595 130034 14133 79194 950 11489 31 42 24 30 14443 273 2366 16320 131 26 938 564
internal_value=-7.70063e-05 -0.00127482 0.000327332 -0.00492871 -0.00859756 0.00873234 -0.00134218 0.00463392 -0.00295937 0.0011386 0.0409554 0.000343502 0.00893419 -0.00591013 0.00238762 0.00392715 0.0152593 0.0256766 0.0754257 0.224659 0.37733 0.537027 -9.01072e-06 -0.010739 0.000682856 0.00587923 0.0104798 0.042984 0.0377098 -0.00450708
internal_weight=39399 28715.6 19962.5 8753.12 5292.73 3308.12 16654.4 3546.99 13107.4 5487.05 107.425 5379.63 2636.64 7620.35 4754.45 4372.4 778.814 532.151 53.4687 6.34995 3.93605 2.64812 1885.95 668.237 3460.39 1217.71 992.273 103.602 101.869 41.4866
internal_count=806001 628187 443314 184873 121733 69336 373978 65302 308676 130941 1932 129009 48757 177735 110750 96617 17423 12566 1077 127 85 61 36830 14716 63140 22114 17979 1659 1633 695
is_linear=0
shrinkage=0.1


Tree=36
num_leaves=31
num_cat=0
split_feature=14 13 14 11 13 12 5 10 11 29 29 18 29 8 20 10 16 3 25 27 10 14 17 4 18 4 29 16 15 17
split_gain=15.3802 15.3767 15.8305 14.6543 12.5076 12.2048 12.745 15.6388 12.1269 17.2543 11.7534 11.4218 10.1426 13.8111 11.0727 10.7578 12.5827 10.014 12.2311 13.3176 13.6509 24.7945 9.73251 9.69898 9.64092 9.57797 18.0001 9.45545 9.795 13.9951
threshold=0.062574104838482775 0.035778289810547877 0.013378076062639823 0.324561403508772 0.28991596638655465 0.16204051012753193 8.5000000000000018 9.8291938907285132 0.051752036603057702 399074.00000000006 37.500000000000007 138.50000000000003 224885.00000000003 21.500000000000004 9444.5000000000018 6.3924193736056063 0.053820437227336426 1.5000000000000002 1.0000000180025095e-35 3.5000000000000004 4.5854264516233991 0.056420326931623015 134.50000000000003 1.0000000180025095e-35 2.5000000000000004 54.500000000000007 34034.000000000007 0.049487014736199965 0.052129262189818587 6.5000000000000009
decision_type=2 2 2 2 2 2 2 2 2 2 2 2 2 2 2 2 2 2 2 2 2 2 2 2 2 2 2 2 2 2
left_child=1 2 -1 4 22 11 7 17 10 -10 -4 12 14 -14 -3 16 -16 18 -7 20 -20 -22 -2 -21 -19 -6 -27 -13 -29 -30
right_child=3 5 8 -5 25 6 -8 -9 9 -11 -12 27 13 -15 15 -17 -18 24 19 23 21 -23 -24 -25 -26 26 -28 28 29 -31
leaf_value=0.013878469247902918 0.0058040499900788526 -0.0035712130949704136 0.01425619393177055 -0.017295770810988546 0.045694757811522081 -0.012169849354443011 0.023738192563305716 0.34884196332645862 -0.0095089127240792701 -0.041489693144361413 -0.0046589692688765311 -0.055597592836523241 -0.0050923563066259149 0.0088669878813641845 0.0019186962438657853 -0.0059271985216140625 0.0099240056809953032 -0.043843877740235251 0.48330847084778822 0.078379476691023561 -0.1060383842279868 0.47310035091088998 0.032432750424956698 -0.084828888237983513 0.0035676521991400778 0.42075775892450279 0.032985266137069751 -0.024214265652153587 0.18665041250841319 0.0055026372052417102
leaf_weight=442.55147780105472 3558.3562836889178 3762.7598422169685 347.81895022466779 256.87528343126178 30.409501325339079 23.710586462169886 394.86750187538564 1.3141248263418663 1347.8701217919588 192.83748452737927 5916.2909268736839 55.86415680218488 5694.5863612778485 809.514827539213 10448.699505265802 1360.6333317104727 2417.7671264503151 43.941963154822588 1.5262174233794201 27.870560988783836 1.9087589308619501 1.2065245248377321 142.7606374938041 4.1883652936667195 1790.6153221949935 2.0671464428305617 2.8440562784671783 200.19003816600889 4.4396758843213311 108.34696122538298
leaf_count=11089 63305 97038 6016 3941 480 327 5796 22 31931 6134 145192 1216 130590 18448 181811 25400 40701 733 28 429 38 23 2158 63 26500 27 50 4197 90 2228
internal_value=-7.50684e-05 -0.000738689 -0.00452033 0.00580803 0.00739639 0.000409896 0.00739377 0.00399033 -0.00556359 -0.0135117 -0.00360869 -0.000233681 2.93358e-05 -0.00335495 0.0012529 0.00252877 0.00342299 0.00375119 0.0438111 0.0799779 0.238293 0.118257 0.00683118 0.057057 0.00243203 0.066622 0.1962 -0.0177001 -0.0109356 0.0126332
internal_weight=39394.6 35401.3 8247.37 3993.31 3736.44 27154 2291.15 1896.28 7804.82 1540.71 6264.11 24862.8 24494 6504.1 17989.9 14227.1 12866.5 1894.97 60.411 36.7004 4.6415 3.11528 3701.12 32.0589 1834.56 35.3207 4.9112 368.841 312.977 112.787
internal_count=806001 736040 200362 69961 66020 535678 33959 28163 189273 38065 151208 501719 493988 149038 344950 247912 222512 28141 908 581 89 61 65463 492 27233 557 77 7731 6515 2318
is_linear=0
shrinkage=0.1


Tree=37
num_leaves=31
num_cat=0
split_feature=9 25 13 29 28 14 27 25 11 21 10 10 8 11 1 28 10 29 17 18 6 18 13 10 23 17 29 15 11 13
split_gain=13.8064 19.3974 19.0517 14.1255 13.7581 11.8642 11.7885 15.6633 11.7093 10.999 10.9662 10.7248 12.9149 12.7969 14.7174 9.65464 14.0298 12.3948 18.3855 15.8719 9.4979 9.38923 9.37304 15.1456 9.31731 9.13395 13.1489 15.0097 13.1158 15.7746
threshold=3.5000000000000004 1.5000000000000002 0.054085850556438796 224885.00000000003 229.50000000000003 0.074696610405914368 236.50000000000003 4.5000000000000009 0.071516754850088196 1.0000000180025095e-35 5.2935560178973224 6.4792771020676119 1.0000000180025095e-35 0.051752036603057702 3.5000000000000004 67.500000000000014 1.9451953526505161 219723.50000000003 15.500000000000002 14.500000000000002 2.5000000000000004 50.500000000000007 0.039109563253012056 8.4970925145041338 6.5000000000000009 1.0000000180025095e-35 89.500000000000014 0.052129262189818587 0.12352614787071717 0.15047169811320757
decision_type=2 2 2 2 2 2 2 2 2 2 2 2 2 2 2 2 2 2 2 2 2 2 2 2 2 2 2 2 2 2
left_child=3 5 -3 10 11 9 7 -6 24 -2 15 25 13 -13 -15 -1 21 20 -19 -20 -18 -17 23 -10 -5 26 27 -4 -28 -30
right_child=1 2 4 8 6 -7 -8 -9 22 -11 -12 12 -14 14 -16 16 17 18 19 -21 -22 -23 -24 -25 -26 -27 28 -29 29 -31
leaf_value=0.0033296985386980951 -0.00052468166971173945 -0.018081972323938766 0.066637201268832311 -0.0051311238424017851 0.51793234535190269 0.011997272971897857 0.022350858659065456 -0.015283999006223343 -0.048668986231236999 -0.014197038510297836 -5.5897040085170525e-05 -0.043036065737144844 -0.03836799602491045 0.022073699725013288 0.5996881034835253 0.058511379136781727 0.01021106727454906 -0.03256651078466604 0.054327094334947701 0.52150094122371105 -0.030298739481044886 0.2778992071922104 0.0051531864479751836 0.38623986215557271 -0.045975597561822193 -0.0047388663151240566 -0.0025644458841333727 0.3955372872927031 0.19505755238303091 -0.038700304258434605
leaf_weight=7400.9576998930424 11909.67671151273 1363.585217949003 4.6144848577678195 3959.92985878326 1.118385594338178 720.34366694837809 153.1819023322314 1.0857126023620365 44.59848640859127 618.97417909093201 6863.1528559336439 1.644746866077184 125.46594768483192 0.7927218861877916 0.99453999847173691 36.781728154048324 2398.4379502860829 2.6932577528059474 1.2436626236885788 1.7513054087758062 59.308334581553936 2.0600211247801772 1757.1584132649004 0.81537564285099406 56.64905770868063 1830.9789439504966 56.902258105576038 1.9841518960893152 7.9843714870512468 4.5217673070728779
leaf_count=144670 219891 40730 87 102277 18 11320 2947 24 1136 15373 138354 51 3448 23 28 425 39899 51 24 34 1005 26 31918 23 2548 47748 1595 33 186 109
internal_value=-7.20023e-05 -0.00224251 -0.00880166 0.00154288 -0.0030267 -0.00048262 0.0256548 0.255276 -0.00270212 -0.00120016 0.0030162 -0.00521578 -0.0331328 0.158254 0.343493 0.00514523 0.010515 0.00957476 0.157019 0.327507 0.00923352 0.0701469 0.00399392 -0.0408605 -0.00570719 -0.0033288 0.0306392 0.165535 0.0178148 0.110539
internal_weight=39389.4 16803.8 3554.86 22585.5 2191.27 13249 155.386 2.2041 5819.15 12528.7 16766.4 2035.88 128.898 3.43201 1.78726 9903.23 2502.28 2463.43 5.68823 2.99497 2457.75 38.8417 1802.57 45.4139 4016.58 1906.99 76.007 6.59864 69.4084 12.5061
internal_count=806001 343611 97027 462390 56297 246584 2989 42 137902 235264 324488 53308 3550 102 51 186134 41464 41013 109 58 40904 451 33077 1159 104825 49758 2010 120 1890 295
is_linear=0
shrinkage=0.1


Tree=38
num_leaves=31
num_cat=0
split_feature=25 28 26 15 10 14 23 27 11 13 20 4 16 29 10 13 19 25 18 4 10 11 19 20 17 15 11 13 28 10
split_gain=12.9672 13.3564 13.318 11.6956 19.1376 16.1932 14.2785 12.3109 11.9967 14.3241 12.9341 20.3083 11.7398 11.7274 10.9535 11.252 12.5365 18.4773 10.0807 9.88127 11.0795 9.99698 11.4668 17.8217 10.814 10.1073 9.82897 13.6086 13.3248 10.5327
threshold=6.5000000000000009 178.50000000000003 0.12701612903225809 0.052129262189818587 4.9853160250827306 0.069057226705796046 2.5000000000000004 2.5000000000000004 0.076696832579185539 0.14371772805507746 339.50000000000006 6.5000000000000009 0.054885478440494219 435956.50000000006 4.2485666655192338 0.055625274363066669 149.50000000000003 17.500000000000004 128.50000000000003 7.5000000000000009 3.5282686437673889 0.055652342237708097 144.50000000000003 798056.00000000012 110.50000000000001 0.050888225526544539 0.324561403508772 0.25462962962962971 148.50000000000003 6.8664121796726612
decision_type=2 2 2 2 2 2 2 2 2 2 2 2 2 2 2 2 2 2 2 2 2 2 2 2 2 2 2 2 2 2
left_child=1 3 14 4 12 7 -7 -6 -8 10 -10 -12 13 -1 15 -2 -17 -18 -14 20 -15 22 25 -24 -23 -22 27 -5 -28 -29
right_child=2 -3 -4 26 5 6 8 -9 9 -11 11 -13 18 19 -16 16 17 -19 -20 -21 21 24 23 -25 -26 -27 28 29 -30 -31
leaf_value=0.0021420180655293869 0.014405506030464267 0.0074161891868797028 0.012197392224035611 0.002571868062465578 -0.015334428567061718 0.0086828128792161129 0.055845839282382681 -0.004306219105589898 0.67879260249522466 -0.10612074004679435 -0.02727491315657873 0.60555107863267965 0.015263272258289304 0.012124874499616148 -0.012178575823741883 -0.011865807387209224 0.035017091112949449 0.58079487910680727 -0.015904248423016128 -0.017212944290157847 -0.032885764625787399 0.0074073019561917116 -0.10355857095423482 0.53791948258251132 -0.079685213233789631 -0.006012015536361809 -0.017751081825873687 0.03896002126615674 0.11154305338377307 0.18272126068119054
leaf_weight=7650.8752465620637 367.28469989821315 2570.4259923100471 350.449173822999 12420.283074544743 1150.8023080974817 587.97926786355674 12.481597991660239 8406.5008946275339 0.89379574730992306 0.8449575901031493 1.2717028334736826 0.8434586040675639 898.02526646852493 403.43337563425303 2087.6378771681339 372.0432443190366 2.1464786417782302 0.87242691591382016 117.33259781822562 598.3592515271157 232.0972802657634 402.94663990847766 0.8079421967267979 0.93350459635257721 14.779761508107184 352.50935705751181 326.52422322519124 39.01416308991611 8.1702734958380443 5.86208820529282
leaf_count=140035 11081 36770 7827 246452 30602 10039 373 173152 24 18 27 18 16145 8159 69617 10360 55 18 2094 13603 6139 7355 27 22 274 9251 5491 736 119 118
internal_value=-6.94785e-05 0.000468327 -0.00619151 -6.26588e-05 -0.00152431 -0.00463033 0.0112449 -0.00563413 0.103465 0.257688 0.35985 0.225076 0.00143314 0.000357665 -0.00846869 0.0019643 -0.0102189 0.19274 0.0116616 -0.0064483 -0.00187204 -0.00749595 -0.015918 0.240306 0.00432584 -0.0166813 0.0023164 0.00277048 -0.0145949 0.0577392
internal_weight=39384.4 36204 3180.43 33633.6 20833.7 10161.6 604.315 9557.3 16.3355 3.85391 3.00896 2.11516 10672.1 9656.74 2829.98 742.347 375.062 3.01891 1015.36 2005.87 1407.51 1004.07 586.348 1.74145 417.726 584.607 12799.9 12465.2 334.694 44.8763
internal_count=806001 707043 98958 670273 417357 214253 10499 203754 460 87 69 45 203104 184865 91131 21514 10433 73 18239 44830 31227 23068 15439 49 7629 15390 252916 247306 5610 854
is_linear=0
shrinkage=0.1


Tree=39
num_leaves=31
num_cat=0
split_feature=12 25 14 14 29 10 8 20 16 15 14 29 23 29 18 29 10 29 23 16 29 29 15 13 13 7 13 15 18 14
split_gain=11.6792 14.133 11.7739 18.1977 9.90481 9.88106 26.1627 9.30605 11.1599 8.8995 13.3422 8.71082 15.5957 9.19191 8.92747 13.9469 12.1629 11.5364 9.78402 13.7164 10.5176 12.4507 8.88282 8.87261 15.9817 9.26912 10.7584 14.9584 8.44089 11.2412
threshold=0.031498015873015879 7.5000000000000009 0.047240831774481233 0.024721916636108059 91143.000000000015 9.3389973423344141 6.5000000000000009 161281.00000000003 0.055781869950068425 0.05107897261726909 0.044307587356931709 230.50000000000003 1.5000000000000002 157.50000000000003 36.500000000000007 5561.5000000000009 2.2828923296268995 426.50000000000006 1.5000000000000002 0.053832704934823276 539.50000000000011 3826.5000000000005 0.050990900347843288 0.060421122501659423 0.055559914885942481 2.5000000000000004 0.015444245676803818 0.05107897261726909 44.500000000000007 0.044754582068014907
decision_type=2 2 2 2 2 2 2 2 2 2 2 2 2 2 2 2 2 2 2 2 2 2 2 2 2 2 2 2 2 2
left_child=1 2 3 5 28 11 -7 -3 9 10 -9 12 -1 23 -13 17 -17 -16 20 -20 -19 -22 -23 24 25 26 27 -14 29 -5
right_child=-2 7 -4 4 -6 6 -8 8 -10 -11 -12 14 13 -15 15 16 -18 18 19 -21 21 22 -24 -25 -26 -27 -28 -29 -30 -31
leaf_value=0.018723501672039396 0.0016869806413840156 -0.012201487783843718 0.00041650796576489713 0.0037312477707386669 -0.014332061152001349 0.70140151134571793 0.045688987363881182 0.54575243360927261 0.4881037234204042 -0.047316458678061717 0.066127256688729014 -0.0024663062136162828 0.47864783008009648 0.35438567642389918 -0.058196927396543655 0.089631116111954012 0.0013735149930372524 0.37652213804250928 0.085549770751269835 0.51031948659120174 0.0339625840110164 0.054166484159009799 0.40251546316654513 -0.10520714856929854 0.42257576697548455 -0.067482278430637019 -0.014362237880091678 0.064426861798765292 -0.012212835680946058 -0.017172565175021599
leaf_weight=50.06840293481946 19327.00941678416 1354.3770432919264 13975.825764072128 1414.7813281454146 1487.4278906229883 0.74453490413725276 3.3301683068275452 0.77010317146778051 0.6754593439400195 3.5281372256577015 2.3494391404092312 411.24817216489464 1.7135638259351238 1.7405437547713507 4.1617216952145126 17.92565792798996 121.11876720748842 1.2420696094632209 1.5810154601931565 1.4642911776900289 13.568285074084999 1.2478773687034839 1.7707697730511425 1.6717883944511402 1.7050723917782296 2.6600098293274641 2.203063827008009 1.7747430913150308 855.71729693934321 314.42552763409913
leaf_count=876 344360 49685 287340 32637 48428 21 93 25 19 101 64 11056 40 40 81 402 3424 23 43 39 265 24 37 38 37 61 51 43 19754 6894
internal_value=-6.71993e-05 -0.00175789 -0.00104133 -0.00536226 -0.00783067 0.0102725 0.165502 -0.0115936 0.100831 0.0614814 0.18453 0.00928246 0.0444198 0.139942 0.00540203 0.0251231 0.0127517 0.0938307 0.124141 0.289794 0.0958459 0.0748281 0.258512 0.108118 0.143581 0.0866192 0.158643 0.267905 -0.00408961 -6.9739e-05
internal_weight=39379.8 20052.8 18691.1 4715.29 4072.35 642.941 4.0747 1361.7 7.32314 6.64768 3.11954 638.866 63.5372 13.4688 575.329 164.08 139.044 25.036 20.8743 3.04531 17.829 16.5869 3.01865 11.7282 10.0565 8.35138 5.69137 3.48831 2584.92 1729.21
internal_count=806001 461641 411747 124407 107713 16694 114 49894 209 190 89 16580 1186 310 15394 4338 3826 512 431 82 349 326 61 270 232 195 134 83 59285 39531
is_linear=0
shrinkage=0.1


Tree=40
num_leaves=31
num_cat=0
split_feature=9 25 13 10 29 12 4 28 12 15 11 25 28 14 29 19 10 13 29 5 29 18 14 21 8 19 18 19 29 10
split_gain=11.567 15.1739 15.8505 12.0423 15.0169 14.7773 14.4207 10.5709 10.4603 10.2254 9.93831 9.56951 13.9701 11.7092 9.80978 15.8652 9.25667 9.17565 11.8146 9.82812 9.10008 8.9842 8.97531 9.17079 8.91618 8.77204 11.59 9.72268 13.3541 18.7502
threshold=3.5000000000000004 1.5000000000000002 0.054085850556438796 3.4341484687987527 429662.50000000006 0.1408730158730159 5.5000000000000009 229.50000000000003 0.24404761904761907 0.05107897261726909 0.072343673335877462 1.0000000180025095e-35 16.500000000000004 0.021108326371484267 63257.500000000007 1.5000000000000002 6.4792771020676119 0.011696306429548565 355759.00000000006 11.500000000000002 610279.00000000012 143.50000000000003 0.069057226705796046 1.0000000180025095e-35 1.0000000180025095e-35 28.500000000000004 48.500000000000007 1.0000000180025095e-35 942864.00000000012 4.3990574822249018
decision_type=2 2 2 2 2 2 2 2 2 2 2 2 2 2 2 2 2 2 2 2 2 2 2 2 2 2 2 2 2 2
left_child=3 21 -3 6 11 9 -1 16 -8 10 -6 13 -13 17 -15 -16 -4 18 -5 -19 -10 22 23 -2 -18 26 -7 -28 29 -29
right_child=1 2 7 4 5 25 8 -9 20 -11 -12 12 -14 14 15 -17 24 19 -20 -21 -22 -23 -24 -25 -26 -27 27 28 -30 -31
leaf_value=0.013963695160402887 -0.00037208376456693938 -0.01645367188221834 -0.0028493912810980586 0.040993137167409564 -0.018618426814507153 0.012211606373894349 -0.0058783743505377815 0.022171906814974038 0.026057461707390973 -0.0014141627650874709 -0.0012467599533676215 -0.00643572576204356 0.0021675202727094388 0.00053527418031927153 0.0022865216035076754 0.01599961428007065 0.11411135832922913 0.0017396485891355757 0.21437432021887007 0.24289794477482995 0.16127078180483057 -0.027477291412490414 0.0089607616268075722 -0.013116401220187436 -0.035836321932382093 -0.025650136235458879 0.026607901935452233 0.39505166404255548 0.039026540420784128 0.11730980878064044
leaf_weight=1515.1225443817675 11555.027863198891 1339.2031023548916 1897.9644003901631 106.33407209813595 1038.5594743788242 97.743551347404718 726.82149954512715 159.25736142508686 46.370896749198437 1470.1825201101601 482.25107987690717 2725.7301596319303 6137.0870008245111 4499.8000713922083 2194.8091199900955 1370.474208528176 4.0997893810272208 100.29798132181168 4.0810474231839171 1.7188817635178555 5.5759626738727084 122.34537704847753 978.49023972451687 593.65146724507213 121.07779127731919 31.660184971988201 24.910526979714632 3.186517275869849 12.31617205776274 10.247055452316998
leaf_count=26438 214077 40730 49758 2243 29219 1959 13184 2989 549 36213 9270 72425 133231 69803 42201 21868 102 2038 110 33 92 2281 15248 14978 3448 533 530 55 219 177
internal_value=-6.50516e-05 -0.00205488 -0.0078893 0.00141123 0.000635577 -0.00568604 0.00827926 -0.00263387 -0.00278001 -0.00736099 -0.0131098 0.00180511 -0.00047838 0.00425007 0.00363966 0.00755775 -0.00458653 0.0274245 0.0474015 0.00580292 0.0405712 -0.000504148 -0.000252758 -0.000994841 -0.0309253 0.0221361 0.0323307 0.0711483 0.114237 0.183192
internal_weight=39376.4 16771.1 3521.6 22605.3 20311.4 3171.06 2293.89 2182.4 778.768 2990.99 1520.81 17140.3 8862.82 8277.52 8065.08 3565.28 2023.14 212.432 110.415 102.017 51.9469 13249.5 13127.2 12148.7 125.178 180.064 148.404 50.6603 25.7497 13.4336
internal_count=806001 343611 97027 462390 422127 78175 40263 56297 13825 74702 38489 343952 205656 138296 133872 64069 53308 4424 2353 2071 641 246584 244303 229055 3550 3473 2940 981 451 232
is_linear=0
shrinkage=0.1


Tree=41
num_leaves=31
num_cat=0
split_feature=29 15 10 21 20 9 1 12 6 4 28 22 10 18 3 29 19 4 29 10 20 16 16 14 28 8 28 11 10 18
split_gain=10.6543 12.9417 17.4868 14.513 19.0072 13.1197 17.5345 13.3375 13.1111 11.4957 11.1035 12.2788 16.9576 19.2006 17.2279 10.6853 11.1482 12.2814 10.3294 12.5125 10.5559 13.5644 10.2601 14.7956 10.4699 10.3293 9.75866 9.6272 13.6733 12.3378
threshold=42.500000000000007 0.052129262189818587 4.9356954613663335 1.0000000180025095e-35 107.50000000000001 3.5000000000000004 5.5000000000000009 0.38675213675213682 1.5000000000000002 87.500000000000014 80.500000000000014 0.55000000000000016 5.298342365923058 54.500000000000007 2.5000000000000004 53.500000000000007 120.50000000000001 18.500000000000004 14676.500000000002 2.8630572899313065 513166.00000000006 0.057439190031720787 0.048300115083844276 0.049813446755268602 20.500000000000004 10.500000000000002 166.50000000000003 0.12124224350864511 3.7118630218900051 40.500000000000007
decision_type=2 2 2 2 2 2 2 2 2 2 2 2 2 2 2 2 2 2 2 2 2 2 2 2 2 2 2 2 2 2
left_child=-1 2 5 -4 -5 7 18 26 9 -9 -6 -12 13 -13 -14 16 -3 -18 19 -7 -20 -22 23 -10 -25 -24 -2 -23 29 -29
right_child=1 15 3 4 10 6 -8 8 22 -11 11 12 14 -15 -16 -17 17 -19 20 -21 21 27 25 24 -26 -27 -28 28 -30 -31
leaf_value=0.0069276001931028956 0.0020258991810078587 -0.028893780607473357 -0.0034242281501263316 -0.030003701947470693 -0.01161325299726077 0.029852287770873745 0.043639504852773604 0.054575012675156832 -0.032850120983877407 0.25530377107605073 0.0097946211126087243 0.10970127722566946 0.33116066872390132 0.57296716172353823 -0.034708474299122979 0.0021785430797285456 0.28917604674529368 -0.10840382498224302 -0.013460085712985509 4.818567877452144e-05 -0.0036942133508972501 0.026038889251025033 0.049539759589604299 0.37188536450869636 0.09250006828840765 -0.0086838737272469258 0.020564075243365631 0.43440633872832707 0.039146008623058733 0.073018859199534838
leaf_weight=2066.0585127212107 5960.1608901387081 146.04215507954359 10324.040644214489 497.28769589588046 577.92075059562922 160.66715829819441 79.009818082675338 67.865771543234587 3.9737932719290239 2.9783033058047286 168.54406381677836 2.2943934909999366 1.5883934162557114 1.4664685204625127 6.7829273846000424 14249.474230607972 2.2680782806128259 1.1818011924624441 1389.8973752455786 1142.6880889255553 1984.5409966353327 59.349607830867171 40.716212991625071 2.4903164654970169 2.9072289131581783 121.08069314807653 298.16488431207836 2.2058147676289068 6.1057865396142006 1.6523649655282495
leaf_count=32960 121167 2472 212157 17890 18460 2346 1474 870 63 31 4055 37 23 22 104 291923 38 19 34912 20947 36022 1024 541 33 29 1589 4652 28 90 23
internal_value=-6.25582e-05 -0.00044969 -0.00192641 -0.00465897 -0.0148092 0.000867311 -0.00308258 0.00379987 0.0268344 0.0630137 -0.00484867 0.0167889 0.113955 0.290342 0.0347124 0.00189952 -0.0246966 0.15298 -0.00386021 0.0037222 -0.00672992 -0.00217544 0.0118603 0.11359 0.221403 0.00596811 0.00290911 0.0413092 0.132266 0.279633
internal_weight=39371.4 37305.3 22906.4 11579.9 1255.88 11326.5 4826.12 6500.34 242.012 70.8441 758.597 180.676 12.1322 3.76086 8.37132 14399 149.492 3.44988 4747.11 1303.36 3443.75 2053.85 171.168 9.37134 5.39755 161.797 6258.33 69.3136 9.96397 3.85818
internal_count=806001 773041 478589 252748 40591 225841 96866 128975 3156 901 22701 4241 186 59 127 294452 2529 57 95392 23293 72099 37187 2255 125 62 2130 125819 1165 141 51
is_linear=0
shrinkage=0.1


Tree=42
num_leaves=31
num_cat=0
split_feature=14 19 29 28 23 23 27 10 20 5 13 18 4 25 10 5 25 10 12 13 16 20 29 29 17 8 1 10 16 10
split_gain=10.0451 20.4429 15.4204 11.3317 9.72204 13.3604 11.3495 16.6929 11.727 12.7909 11.9233 10.4563 13.0533 10.3218 15.6359 10.4309 8.96712 9.70199 16.5447 18.4434 22.0679 11.2166 12.8402 10.2272 8.39612 11.7343 10.4949 10.3784 9.22812 10.9709
threshold=0.040828955344514049 4.5000000000000009 22025.500000000004 109.50000000000001 1.5000000000000002 21.500000000000004 330.50000000000006 6.7816248409714861 471303.50000000006 9.5000000000000018 0.021818470326880359 146.50000000000003 43.500000000000007 15.500000000000002 5.3906673546035337 2.5000000000000004 25.500000000000004 5.5947299666169537 0.050423728813559332 0.055559914885942481 0.049696442601886638 152.50000000000003 3255.5000000000005 98.500000000000014 19.500000000000004 3.5000000000000004 1.5000000000000002 5.131582267921055 0.053646060310563473 8.8201079461133975
decision_type=2 2 2 2 2 2 2 2 2 2 2 2 2 2 2 2 2 2 2 2 2 2 2 2 2 2 2 2 2 2
left_child=1 2 24 -3 6 11 13 8 9 -8 -10 -6 -13 15 -15 -4 -2 -18 -19 20 -20 -22 -23 -21 -1 26 27 -26 -27 -30
right_child=16 3 4 -5 5 -7 7 -9 10 -11 -12 12 -14 14 -16 -17 17 18 19 23 21 22 -24 -25 25 28 -28 -29 29 -31
leaf_value=0.0096685325153528685 0.00072473657360406151 -0.0164064815760506 -0.022922905058796003 -0.06061727244008254 -0.023759077173373205 0.49263804346705631 -0.02073513517295214 -0.088034405029869367 0.065108288509864637 0.3058542626741248 0.31187152236309357 0.044241712397027948 0.62026737028012946 0.49788658233866223 -0.10273747985927079 -0.0029077321047309662 -0.040168897791365982 -0.020797675769660229 0.67548104662250408 0.24024227173009291 -0.045444490909530705 0.057297193206373692 0.50774597404775301 -0.10508165427050094 0.39581156563474462 -0.013178327573888156 0.029093874364000773 0.065063246480088238 0.012316637095677216 0.21112220512339022
leaf_weight=1335.3309886744246 33204.984436810948 554.58666734024882 288.26445266976953 64.74272607639432 349.56022775545716 0.50422707851976056 6.9829069115221554 5.2019302211701861 3.4651369974017134 1.4478641171008346 4.5023214854300022 1.3631543526425947 0.55299700889736403 0.99825682118534931 0.7660284386947751 2691.4665666725487 103.94150518905371 26.743260870687664 1.0255358461290578 1.1530034802854059 1.6459047328680751 1.2258344553411009 1.3081323280930517 3.3479128982871771 1.5934722907841199 532.1818191036582 48.093708841130137 2.3446563612669706 125.18933155015111 2.8387295529246321
leaf_count=26989 651700 13925 7265 1233 15100 24 138 90 54 25 58 64 24 36 33 69381 3435 1012 28 21 38 25 39 81 31 11386 1008 53 2644 61
internal_value=-6.07213e-05 -0.00381958 -0.00184689 -0.0210281 -0.00602051 -0.0217441 -0.00417761 0.0680481 0.117561 0.0353519 0.204551 -0.0224821 0.210481 -0.00470086 0.237104 -0.00484404 0.000618107 -0.0246016 0.0197908 0.131622 0.259801 0.157813 0.289836 -0.0166197 0.00499184 -0.00377616 0.0419454 0.198893 -0.00737953 0.0167247
internal_weight=39367.4 6021.98 5402.65 619.329 3355.08 351.981 3003.1 21.6002 16.3982 8.43077 7.96746 351.476 1.91615 2981.5 1.76429 2979.73 33345.4 140.391 36.4496 9.70632 5.20541 4.17987 2.53397 4.50092 2047.57 712.242 52.0318 3.93813 660.21 128.028
internal_count=806001 149622 134464 15158 92292 15212 77080 365 275 163 112 15188 88 76715 69 76646 656379 4679 1244 232 130 102 64 102 42172 15183 1092 84 14091 2705
is_linear=0
shrinkage=0.1


Tree=43
num_leaves=31
num_cat=0
split_feature=11 11 11 28 17 17 16 20 29 27 8 15 29 1 28 10 13 9 8 20 10 10 10 14 29 28 10 1 11 10
split_gain=9.2456 27.7516 22.661 16.0859 12.1037 11.198 12.5964 11.0697 10.8943 11.4168 10.5648 10.4448 10.1945 10.1085 10.5323 12.4113 12.9461 20.7001 10.1408 10.59 15.7236 10.0967 14.2178 16.2586 18.5447 23.6847 15.092 19.5853 11.8018 12.7919
threshold=0.051946130485519944 0.051752036603057702 0.031331806282722523 42.500000000000007 1.0000000180025095e-35 11.500000000000002 0.046771875521572727 1.0000000180025095e-35 173.50000000000003 1036.0000000000002 11.500000000000002 0.052129262189818587 1424487.0000000002 4.5000000000000009 23.500000000000004 9.3389973423344141 0.049995248051701205 2.5000000000000004 15.500000000000002 129989.50000000001 6.9758809989518511 5.0699722430862266 6.1685636116899003 0.062574104838482775 235481.00000000003 57.500000000000007 6.9082550291486795 3.5000000000000004 0.042644117112202222 5.0952815955720361
decision_type=2 2 2 2 2 2 2 2 2 2 2 2 2 2 2 2 2 2 2 2 2 2 2 2 2 2 2 2 2 2
left_child=1 2 4 -3 -1 -6 -7 -4 9 -8 -11 -10 -2 14 15 18 17 -17 19 -13 -21 -9 28 -24 25 26 -25 -28 29 -23
right_child=12 3 7 -5 5 6 8 21 11 10 -12 13 -14 -15 -16 16 -18 -19 -20 20 -22 22 23 24 -26 -27 27 -29 -30 -31
leaf_value=0.0073945988412339528 0.0018093981370394916 -0.011844275861662919 0.03411778820430552 -0.0003050974438649056 -0.0056383445069932356 -0.01952984773221109 0.0087497759124018186 0.0012057161744513816 -0.0031760556295601268 -0.015825168363823049 0.27427614599329647 -0.012077322658861106 0.04393385092021828 0.015370932228204758 0.0072605222001980892 0.035391646089104466 -0.049092237967585273 0.58643634357135876 -0.013933360349245758 0.014955445345326543 -0.052725108848466699 0.11093282163292223 -0.012409209801681855 0.68105759753660755 -0.1056021737483865 -0.055914610250079169 -0.029698390263706166 0.52291654311409574 0.0094368576580321356 0.028622753868395259
leaf_weight=1641.6224111625925 14145.740307903849 3352.0492795063183 169.40033604949713 1888.8096269909292 4831.5561129897833 316.20326867606491 1281.7046731300652 1186.7478335164487 5641.1121586589143 2.106716562062501 3.1063130460679531 327.78183723986149 57.685277357697487 614.13194050267339 1527.0906030992046 1.4311148300766938 1.7729735784232614 1.3018318247050045 691.32521050889045 525.70647112466395 36.723997846245766 19.832383204251528 226.09378545638174 1.1420081891119473 2.2995893470942974 1.8952465318143366 1.2946759313344958 1.2708840072154997 472.53836717735976 393.66613469272852
leaf_count=36867 239855 84903 4090 36830 105133 7659 22918 23828 133921 28 39 10025 1099 13768 31645 39 41 32 17458 11650 941 414 4910 20 48 28 22 24 9631 8135
internal_value=-5.93084e-05 -0.00121074 0.000492678 -0.00768555 -0.000778028 -0.001627 0.000139487 0.0094448 0.000723188 0.00935046 0.157039 -0.000461925 0.00198048 0.00364583 0.00133281 -0.00437457 0.161355 0.29788 -0.00484675 0.00220978 0.0105362 0.00763291 0.0144429 -0.00748119 0.133513 0.231655 0.378655 0.244047 0.020233 0.0325705
internal_weight=39365.1 25161.7 19920.9 5240.86 17444.7 15803.1 10971.5 2476.18 10655.3 1286.92 5.21303 9368.38 14203.4 3727.27 3113.13 1586.04 4.50592 2.73295 1581.54 890.212 562.43 2306.78 1120.03 233.996 7.9024 5.60281 3.70757 2.56556 886.037 413.499
internal_count=806001 565047 443314 121733 392164 355297 250164 51150 242505 22985 67 219520 240954 85599 71831 40186 112 71 40074 22616 12591 47060 23232 5052 142 94 66 46 18180 8549
is_linear=0
shrinkage=0.1


Tree=44
num_leaves=31
num_cat=0
split_feature=10 14 25 11 8 29 16 29 13 27 28 16 19 11 10 10 10 13 13 15 27 28 28 13 14 18 10 25 26 5
split_gain=9.04834 9.35323 12.0514 10.7447 10.6108 10.3278 8.94176 13.8068 13.1674 8.94892 8.35732 9.83563 8.96053 7.94119 14.0373 11.9794 10.5036 13.7094 10.0559 14.731 12.1505 19.1469 18.5619 11.7314 10.565 16.6026 9.34541 9.26511 9.91525 11.8937
threshold=2.082556816555154 0.052660465653706169 3.5000000000000004 0.21132376395534294 1.0000000180025095e-35 157.50000000000003 0.057997293413503202 130721.50000000001 0.053787550026520088 1.5000000000000002 4.5000000000000009 0.052801656725906136 145.50000000000003 0.084665026089265114 7.0896599954018038 6.9072550288153467 4.6945486247551651 0.018265221017514599 0.28991596638655465 0.052129262189818587 28.500000000000004 37.500000000000007 60.500000000000007 0.34166666666666673 0.061430921052631586 21.500000000000004 4.5966327105928597 7.5000000000000009 0.16397849462365593 3.5000000000000004
decision_type=2 2 2 2 2 2 2 2 2 2 2 2 2 2 2 2 2 2 2 2 2 2 2 2 2 2 2 2 2 2
left_child=-1 2 -2 4 6 -4 -3 -8 -9 -10 -5 -12 -13 18 15 16 17 -15 -6 -20 24 -22 -23 -24 25 -21 -19 -18 -29 -30
right_child=1 3 5 10 13 -7 7 8 9 -11 11 12 -14 14 -16 -17 27 26 19 20 21 22 23 -25 -26 -27 -28 28 29 -31
leaf_value=0.0092502198093192631 -0.00099342793554946305 0.012846005498790595 0.0048027129364024077 -0.02668488104777322 -6.7526670767416238e-05 -0.011984693135856109 0.004828582955984673 -0.10625592376528877 0.057329151596095675 0.37343032684006561 0.0091952285334801244 -0.014101654209249779 0.16073729850222546 0.35197787628335148 -0.029785859207543411 0.063021815519589852 0.0096688352063621884 0.00031259759687746473 0.0032955143589673678 0.5275448754687555 0.43470112423438761 -0.10863217062593687 0.36234290295486782 0.079585442877919257 -0.043164381285077345 -0.026504010207201043 -0.027378558097110286 -0.021229065094909648 0.17975448743728467 -0.023449666202976401
leaf_weight=1017.2514286078513 14575.91048083175 593.66587421484292 454.8459424842149 209.39077555947006 15117.229905526154 1886.1933317091316 7.0603329092264158 1.0379965193569658 1.2251196578145025 3.3298689387738705 326.42883815802634 501.74085658974946 2.9485068190842858 1.0916991569101799 114.29172817245126 36.1678685862571 2974.2415515128523 1183.3845418058336 33.108660224825144 0.94759499654174062 2.3658861089497796 2.6152536179870349 2.7497469410300255 3.146139757707715 6.2506619803607464 1.2600452248007057 135.86837833374739 154.96914732828736 5.5809692218899709 5.9526038244366646
leaf_count=16547 316450 10899 10560 3753 296307 66302 111 22 26 60 5045 7841 40 21 1728 550 44157 18202 549 21 30 40 35 39 116 27 2102 4223 98 100
internal_value=-5.83875e-05 -0.000305335 -0.00206308 0.00108237 0.00158825 -0.00872303 0.0146189 0.097801 0.215165 0.288411 -0.00882974 -0.00433134 -0.0130802 0.00118884 0.00482281 0.00570234 0.00523763 -0.00224616 8.41206e-05 0.0437972 0.11315 0.183055 0.113103 0.211459 0.0232549 0.211313 -0.00253928 0.00838375 -0.0145717 0.0748786
internal_weight=39362.3 38345 16916.9 21428.1 20387.5 2341.04 606.319 12.6533 5.59299 4.55499 1040.51 831.118 504.689 19781.2 4611.55 4497.26 4461.09 1320.34 15169.7 52.444 19.3353 10.877 8.51114 5.89589 8.4583 2.20764 1319.25 3140.74 166.503 11.5336
internal_count=806001 789454 393312 396142 379463 76862 11118 219 108 86 16679 12926 7881 368345 71181 69453 68903 20325 297164 857 308 144 114 74 164 48 20304 48578 4421 198
is_linear=0
shrinkage=0.1


Tree=45
num_leaves=31
num_cat=0
split_feature=14 14 19 27 28 4 18 13 17 14 29 20 29 16 13 15 10 14 13 17 18 7 4 13 2 29 4 23 14 27
split_gain=8.45061 16.2389 13.7339 13.7146 10.0635 9.83689 14.3017 9.71873 13.0838 7.72386 9.39377 13.7154 12.9689 11.8915 8.97325 7.84666 11.236 10.263 10.8404 12.2899 10.2374 11.8656 11.3883 13.2369 13.1184 9.96332 14.4717 10.4441 10.735 14.1592
threshold=0.016997303543913714 0.040828955344514049 4.5000000000000009 9.5000000000000018 71.500000000000014 92.500000000000014 36.500000000000007 0.5277777777777779 9.5000000000000018 0.041951720310064201 143.50000000000003 316.50000000000006 118.50000000000001 0.053241711986222538 0.15430402930402934 0.052129262189818587 3.7838486602436219 0.069057226705796046 0.020067114093959736 1.5000000000000002 1.0000000180025095e-35 2.5000000000000004 5.5000000000000009 0.25462962962962971 1.0000000180025095e-35 59.500000000000007 41.500000000000007 2.5000000000000004 0.051158953104612791 11.500000000000002
decision_type=2 2 2 2 2 2 2 2 2 2 2 2 2 2 2 2 2 2 2 2 2 2 2 2 2 2 2 2 2 2
left_child=-1 2 3 7 5 -4 -7 -2 -9 10 12 -12 -3 -14 -13 16 20 18 19 -18 -11 22 23 -22 -25 26 -23 28 -28 -30
right_child=1 9 4 -5 -6 6 -8 8 -10 15 11 14 13 -15 -16 -17 17 -19 -20 -21 21 25 -24 24 -26 -27 27 -29 29 -31
leaf_value=0.0090163907216922155 -0.011757541699112618 0.03351897529015007 -0.015078123338253327 0.0003792981599460142 -0.048498777757309208 0.0021560551003028342 0.46267753364403419 0.43803628369381714 0.032571789325675851 -0.013970433862840574 -0.039088204516102017 0.015256853125032867 0.077708913457070497 0.38580045142405917 -0.061667913285881185 0.0022534497879232846 0.014793199722082387 0.0073054281097361985 -0.0016054351594914794 -0.011678166579616206 0.013116967971159353 0.010114695331960639 -0.0040120834338135038 0.072156495276288243 0.38885067232118375 -0.0051989683226540788 -0.0040486129004716357 -0.064710418799565836 0.44229344644464685 0.14707666303717135
leaf_weight=1000.500767913647 1524.0022342223674 68.190905071794987 482.76170695293695 2867.717827161774 102.17609907593578 1.860524759627878 1.0577321127057073 1.1004079245030873 2.8754491666331887 281.10310127586126 57.383747717365623 455.16225959081203 3.264279017224907 2.0330410320311785 15.686746174469588 12601.977254995145 192.84935967810452 1108.9490180239081 13525.886564807035 1936.8427420509979 1623.9552962314337 47.330158419907093 438.26565955393016 19.257862232625488 1.4032883755862702 981.06155439838767 2.804855301976203 2.36899185553193 2.1681853383779508 6.4806792251765728
leaf_count=24010 44423 1208 12502 66409 2126 43 30 20 59 4891 2013 10923 68 42 319 242143 4829 19494 268721 47152 28270 639 7709 277 20 17490 35 42 27 67
internal_value=-5.64675e-05 -0.000293117 -0.00561774 -0.00369796 -0.0199728 -0.0139716 0.169074 -0.0113502 0.144793 0.000501968 0.0117291 0.00706875 0.0452277 0.19595 0.012694 0.000295833 -0.000927219 -0.00199108 -0.00264959 -0.00928111 0.00430886 0.00595308 0.0103118 0.0141289 0.0936661 -0.00275788 0.036404 0.126421 0.165953 0.221085
internal_weight=39358.5 38358 4983.55 4395.7 587.856 485.68 2.91826 1527.98 3.97586 33374.4 601.721 528.233 73.4882 5.29732 470.849 32772.7 20170.7 16764.5 15655.6 2129.69 3406.2 3125.1 2082.88 1644.62 20.6612 1042.21 61.1529 13.8227 11.4537 8.64886
internal_count=806001 781991 125612 110911 14701 12575 73 44502 79 656379 14573 13255 1318 110 11242 641806 399663 340196 320702 51981 59467 54576 36276 28567 297 18300 810 171 129 94
is_linear=0
shrinkage=0.1


Tree=46
num_leaves=31
num_cat=0
split_feature=9 22 15 25 13 3 13 29 10 12 7 16 27 18 22 14 29 10 13 14 29 10 10 19 16 27 7 10 18 1
split_gain=8.28846 14.0533 12.6022 12.4669 12.259 10.8227 17.289 9.02142 11.8267 16.7378 10.8524 12.8561 9.21306 10.734 9.20889 8.83116 21.8523 14.8783 21.8656 8.76833 16.048 13.6907 8.67736 8.47199 8.34279 15.6508 12.5221 8.52296 8.32059 8.27544
threshold=3.5000000000000004 0.55000000000000016 0.05084131709447804 1.5000000000000002 0.054085850556438796 2.5000000000000004 0.058727725617934476 628239.00000000012 2.2828923296268995 0.13245614035087722 2.5000000000000004 0.053758312355950716 21.500000000000004 30.500000000000004 0.45000000000000007 0.024721916636108059 118.50000000000001 3.2976852969449926 0.056510278329186127 1.0000000180025095e-35 610279.00000000012 4.1765364902757449 7.6004848689587243 142.50000000000003 0.048300115083844276 2.5000000000000004 2.5000000000000004 1.2598552859913463 143.50000000000003 2.5000000000000004
decision_type=2 2 2 2 2 2 2 2 2 2 2 2 2 2 2 2 2 2 2 2 2 2 2 2 2 2 2 2 2 2
left_child=7 3 5 28 29 -3 -7 19 9 24 11 -11 13 -10 -14 16 17 -6 -19 20 -1 -22 -4 -15 25 26 27 -9 -2 -5
right_child=1 2 22 4 15 6 -8 8 12 10 -12 -13 14 23 -16 -17 -18 18 -20 -21 21 -23 -24 -25 -26 -27 -28 -29 -30 -31
leaf_value=0.015405111566888174 -0.00031369668968229925 0.33572169182749123 0.019211565255819824 -0.031566722996986492 0.022037618728436466 0.015387892609884081 0.37783550388437104 0.29860521546749702 -0.010066935837738137 -0.017831345679434212 0.34920690824447387 0.35412505397478578 -0.025296436232347293 0.0033120114782876527 0.2200102346871935 -0.0034894368889253646 0.018611055545082977 0.6792613241902985 0.079950528289838285 0.0016186497857184616 0.53660470030736851 0.053659541109520176 0.24868415976700403 0.13517790107359606 0.0092953857047922642 -0.072036163708097734 0.44806781130813822 -0.012821319695381334 -0.026862711960632377 -0.011139658393084777
leaf_weight=372.82404349278659 13075.92510464415 2.2545352345332494 72.760882901959121 244.48440512921661 1.5307303480803955 6.5424668136984092 1.6474792622029779 1.4838936217129215 1213.0417743036523 3.3011044561862937 2.401033740490675 1.2932882271707056 254.00779627077281 985.53697963710874 1.5396183589473356 2108.0852923765779 30.179299871437252 1.3996988758444788 1.0773555673658846 19689.716067630798 1.0916501358151429 1.2697449028491972 1.686067834496497 4.8963566925376645 99.381446950137615 2.9012210741639137 1.6247225143015382 2.1549848616123199 119.12313332315534 1050.4524004263803
leaf_count=8290 243522 41 1385 7690 22 128 27 33 30762 50 36 19 5523 24343 39 54758 960 26 23 391047 28 38 34 65 1980 55 35 47 2278 32717
internal_value=-5.47855e-05 -0.00174358 0.0388402 -0.00195072 -0.00731494 0.141706 0.0882974 0.00119229 -0.00438169 0.027028 0.176913 0.0868717 -0.00584476 -0.00376025 -0.0238185 -0.0026718 0.0477461 0.267138 0.418601 0.00190721 0.0170511 0.27692 0.0244086 0.00396391 0.0172786 0.11445 0.217238 0.114175 -0.000553378 -0.0149963
internal_weight=39355.6 16717.1 84.8914 16632.3 3437.21 10.4445 8.18995 22638.5 2573.56 114.542 6.99543 4.59439 2459.02 2203.48 255.547 2142.27 34.1871 4.00778 2.47705 20064.9 375.185 2.3614 74.447 990.433 107.546 8.16482 5.2636 3.63888 13195 1294.94
internal_count=806001 343611 1615 341996 96196 196 155 462390 62987 2255 105 69 60732 55170 5562 55789 1031 71 49 399403 8356 66 1419 24408 2150 170 115 80 245800 40407
is_linear=0
shrinkage=0.1


Tree=47
num_leaves=31
num_cat=0
split_feature=7 4 17 28 13 14 17 27 29 18 9 28 10 13 9 10 18 8 25 13 16 9 13 13 27 16 14 15 8 18
split_gain=7.90815 7.7455 13.1154 9.73912 9.11702 10.8009 14.5165 9.056 10.7588 10.8468 17.2928 18.9017 14.0574 12.5764 9.57632 8.99763 21.0535 15.0498 26.7605 10.9785 19.4925 20.6063 16.7149 15.4323 18.8194 11.1778 16.7091 21.2477 9.94684 10.656
threshold=2.5000000000000004 61.500000000000007 129.50000000000003 17.500000000000004 0.19722222222222227 0.055713066788495268 9.5000000000000018 29.500000000000004 246452.00000000003 1.0000000180025095e-35 3.5000000000000004 26.500000000000004 1.9451953526505161 0.060927766919302004 5.5000000000000009 9.1174568591709342 21.500000000000004 6.5000000000000009 3.5000000000000004 0.053787550026520088 0.050207089874366659 2.5000000000000004 0.066320488844107531 0.051875097234271882 22.500000000000004 0.053635223982057077 0.052547805586533804 0.053339504532637243 16.500000000000004 43.500000000000007
decision_type=2 2 2 2 2 2 2 2 2 2 2 2 2 2 2 2 2 2 2 2 2 2 2 2 2 2 2 2 2 2
left_child=1 15 3 -3 7 -6 -7 8 9 10 11 -5 -11 14 -12 -1 17 18 -17 23 21 22 -21 25 -25 28 27 -27 29 -18
right_child=-2 2 -4 4 5 6 -8 -9 -10 12 13 -13 -14 -15 -16 16 19 -19 -20 20 -22 -23 -24 24 -26 26 -28 -29 -30 -31
leaf_value=0.0012159837108025951 -0.002129141133089063 -0.012348848993567842 -0.050444522191785718 -0.0350054690479778 -0.003397264911331228 0.072084600809181054 0.3410529995892384 -0.0037234030229446116 -0.02840608243070929 0.28826331520184328 0.2531338749779467 0.39522426608546329 0.021280092105259996 0.50884781787583744 -0.10718805948451554 0.05996711642942424 0.28318545646015209 -0.018087180617763602 0.62050903249820255 0.68130030298810562 -0.03873732223824411 0.016924052252228563 0.16879104362174083 0.10239404311861147 0.72835657570570678 0.10607627577628309 0.027736515902236327 0.63554300359089477 -0.059336783794369387 0.033476874636508856
leaf_weight=25149.369412088767 12518.909399103373 728.34549081511796 63.392804188653827 6.9776701051741821 10.650833779945971 8.1159383654594404 2.6656498480588189 603.75029058940709 32.540762714110315 2.0071928817778817 3.0623628236353388 1.1962451152503488 112.91171632148325 1.4601570405066011 0.9716152250766753 7.2247286774218065 2.8262828513979965 62.729218686930835 0.96550176385790099 1.1433217115700274 11.738720733672379 3.2290290351957083 1.4351185392588375 0.96490104310214408 0.95631963387131691 1.4248166568577283 2.236640764400363 1.6193737555295227 4.3681093780323863 4.3226911760866642
leaf_count=511680 257702 17484 1488 136 210 107 40 11462 793 29 65 24 2344 24 19 149 65 1436 28 27 226 61 23 26 16 40 43 37 110 107
internal_value=-5.37018e-05 0.000914535 -0.00588226 -0.0040172 0.00370027 0.0680268 0.138585 0.00189779 0.0229606 0.0359596 0.120176 0.0279583 0.0259433 0.257373 0.166348 0.0013392 0.0302509 -0.00144172 0.126046 0.0922282 0.0353981 0.185249 0.396046 0.145497 0.413977 0.11479 0.235258 0.387729 0.0595535 0.132197
internal_weight=39353.5 26834.6 1578.05 1514.66 786.31 21.4324 10.7816 764.878 161.128 128.587 13.6681 8.17392 114.919 5.49414 4.03398 25256.6 107.185 70.9194 8.19023 36.2653 17.5462 5.80747 2.57844 18.7191 1.92122 16.7979 5.28083 3.04419 11.5171 7.14897
internal_count=806001 548299 34225 32737 15253 357 147 14896 3434 2641 268 160 2373 108 84 514074 2394 1613 177 781 337 111 50 444 42 402 120 77 282 172
is_linear=0
shrinkage=0.1


Tree=48
num_leaves=31
num_cat=0
split_feature=10 19 11 19 16 12 19 11 28 11 29 17 10 15 29 29 15 10 13 14 11 13 15 11 17 14 29 22 13 8
split_gain=8.04372 11.6121 10.3514 11.1308 14.9021 10.3415 10.149 10.0752 9.37491 8.87607 10.6914 8.81756 8.66074 22.0823 14.1107 8.46522 9.08552 13.6824 11.6153 18.6388 14.7003 8.90808 8.61662 11.9054 9.40357 12.5751 8.55191 8.36504 8.33048 9.02917
threshold=6.3785874479651934 6.5000000000000009 0.062262200462318201 85.500000000000014 0.053662452221234412 0.051834173477011213 92.500000000000014 0.1226279985678482 178.50000000000003 0.065254743762139564 333211.50000000006 146.50000000000003 6.7232311178383295 0.052129262189818587 9057.5000000000018 37.500000000000007 0.052129262189818587 4.9356954613663335 0.045473343860440642 0.068230311651364298 0.051752036603057702 0.048412298387096785 0.053339504532637243 0.20191082802547775 117.50000000000001 0.064736560266350038 53.500000000000007 0.55000000000000016 0.1252118644067797 1.5000000000000002
decision_type=2 2 2 2 2 2 2 2 2 2 2 2 2 2 2 2 2 2 2 2 2 2 2 2 2 2 2 2 2 2
left_child=8 -2 11 9 5 6 -5 12 15 10 -4 -3 14 -14 -8 27 17 28 20 21 -19 -20 23 -18 26 -26 -24 -1 -17 -30
right_child=1 2 3 4 -6 -7 7 -9 -10 -11 -12 -13 13 -15 -16 16 22 18 19 -21 -22 -23 24 -25 25 -27 -28 -29 29 -31
leaf_value=0.0065830246239293611 -0.0022495306051292688 -0.028473409051760414 0.1826896779618204 0.36183555952929369 -0.064785176660858396 0.019906312151230829 0.33488079921796188 0.017977439219779515 0.006404700605989716 -0.02267038144496324 -0.10628438257017583 0.25296473880236703 0.56373357680792158 0.029011497746919669 -0.0034608135625107898 0.0012734303238570509 0.0088906429473842082 -0.006207174026035097 0.017743403660281591 0.023699938919110534 -0.024298765953160648 -0.0041757867738989136 -0.025185974412444991 -0.026025607949866233 -0.022456879285002368 0.037434445891548131 0.0015151177339908072 0.063904496388387466 0.056363350511202628 -0.015349227536974715
leaf_weight=1359.8824097383767 4054.4368379106745 352.58962899073958 4.4926453884690991 1.7119295112788702 9.3913993481546623 16.231583004817367 1.8078833967447261 7.2023064382374278 2467.3514750506729 88.374526042491198 1.7906121276319025 1.1167492140084494 1.6404759269207718 1.4593217708170412 3.8740232735872269 10422.276926500723 2209.1438969224691 2012.5704065365717 191.93188897147775 265.09493311494589 578.15068957675248 5457.2045644279569 121.61141383647919 102.1701892260462 307.46689473278821 39.569343307986856 8787.274240556173 25.944236040115356 18.285784831270576 440.69486704282463
leaf_count=21764 90821 7957 81 38 164 224 29 132 37804 1506 35 29 30 23 76 211435 45479 52710 4233 4374 15021 112907 2109 1806 6870 575 179466 367 318 7618
internal_value=-5.35731e-05 -0.00400953 -0.0185225 0.00470885 0.0466944 0.0775528 0.130429 0.105645 0.000463117 -0.0145053 0.100337 -0.0275848 0.177545 0.311997 0.104194 9.79931e-06 -0.000332538 -0.00165593 -0.00466088 -0.00221497 -0.0102445 -0.00343107 0.00188541 0.00734719 0.000521543 -0.015628 0.00115063 0.00765615 0.000692784 -0.0124922
internal_weight=39352.7 4546.12 491.683 137.977 43.3189 33.9275 17.6959 15.984 34806.6 94.6578 6.28326 353.706 8.7817 3.0998 5.68191 32339.3 30953.4 19386.2 8504.95 5914.23 2590.72 5649.14 11567.2 2311.31 9255.92 347.036 8908.89 1385.83 10881.3 458.981
internal_count=806001 101145 10324 2338 716 552 328 290 704856 1622 116 7986 158 53 105 667052 644921 408616 189245 121514 67731 117140 236305 47285 189020 7445 181575 22131 219371 7936
is_linear=0
shrinkage=0.1


Tree=49
num_leaves=31
num_cat=0
split_feature=1 11 10 5 14 11 11 11 20 27 7 8 16 16 18 4 14 28 20 23 18 14 27 28 10 13 11 10 26 19
split_gain=7.67129 11.413 11.1183 11.278 12.6635 10.9405 15.3685 11.8402 11.5289 10.9636 12.4303 11.0453 11.7154 11.3213 14.7792 18.8845 22.8258 9.9174 12.1015 10.0193 9.82686 14.7068 13.6921 12.8838 10.3296 10.3289 9.65092 9.79953 9.35496 9.21227
threshold=4.5000000000000009 0.072343673335877462 1.7647073397314548 3.5000000000000004 0.072595520421607398 0.051752036603057702 0.030344885317261011 0.051946130485519944 1.0000000180025095e-35 9.5000000000000018 2.5000000000000004 6.5000000000000009 0.0535606866851846 0.053635223982057077 21.500000000000004 7.5000000000000009 0.055213192634116705 11.500000000000002 177.50000000000003 2.5000000000000004 2.5000000000000004 0.075793479821915852 172.50000000000003 32.500000000000007 3.361762350583263 0.41428571428571431 0.074657831176069875 1.9451953526505161 0.87500000000000011 83.500000000000014
decision_type=2 2 2 2 2 2 2 2 2 2 2 2 2 2 2 2 2 2 2 2 2 2 2 2 2 2 2 2 2 2
left_child=1 5 -2 4 -4 6 17 20 9 10 -8 12 -12 14 15 -13 -17 18 -1 -19 24 23 -23 -22 25 -7 27 -3 -11 -5
right_child=2 26 3 29 -6 7 8 -9 -10 28 11 13 -14 -15 -16 16 -18 19 -20 -21 21 22 -24 -25 -26 -27 -28 -29 -30 -31
leaf_value=-0.01921132376110676 0.028200634727838909 0.30570913537580235 -0.10572115818960007 0.0028461958735638438 0.23689186718333477 -0.021016845671626538 0.036361129009260883 -0.00046997558734389777 0.0053154829820881285 0.012272908951087864 0.13579211129885344 0.060110157957834844 0.67734328015333667 -0.014428023217059702 0.09763741014138011 0.22435229251982527 0.94262235605878952 0.0013767311636756448 -0.0035899024480645792 -0.0089875114239546215 -0.018987392659943224 0.0069202312943520295 0.1068456772656276 -0.0059632214942619407 0.010411452748388721 0.25335460192387316 0.0017200602749645772 0.019816660985955144 0.22551633730648413 -0.014933175951635017
leaf_weight=564.84042011108249 168.51623054780066 1.2044368796050537 1.4725719094276417 7126.3962170314044 4.0344727206975222 164.46977668255568 29.131402293220162 2935.6391594884917 2031.7806191174313 105.15089684352279 0.83349064551293739 1.2150166891515239 0.76712382212281227 4.4347104262560597 6.9294966906309128 0.91412820294499375 0.85742821358144283 8101.3033578088507 4063.3992208093405 1054.1113591380417 1625.9378901068121 216.92233403027058 14.637849489226936 1425.3642643475905 456.48449819535017 1.3836181480437506 8672.791504798457 263.04511491581798 2.0983192697167388 303.85573596227914
leaf_count=19497 2637 16 35 147140 56 3174 790 53463 41294 2343 23 33 19 117 187 28 18 156723 102540 33268 44075 4119 184 29402 11013 25 143396 4272 32 6082
internal_value=-5.20458e-05 -0.000735405 0.00280078 0.00222514 0.145278 -0.00192228 -0.000488764 -0.00526837 0.00730484 0.0338386 0.0752168 0.146177 0.39534 0.118387 0.177785 0.363746 0.571993 -0.00172371 -0.00549637 0.000183441 -0.00887544 -0.0110595 0.0132369 -0.0129034 0.00264579 -0.0187279 0.00229367 0.0211197 0.016445 0.00211912
internal_weight=39349.9 31745.6 7604.28 7435.76 5.50704 22808.6 15967.8 6840.84 2184.11 152.332 45.0828 15.9514 1.60061 14.3508 9.91607 2.98657 1.77156 13783.7 4628.24 9155.41 3905.2 3282.86 231.56 3051.3 622.338 165.853 8937.04 264.25 107.249 7430.25
internal_count=806001 650051 155950 153313 91 502367 356912 145455 44884 3590 1215 425 42 383 266 79 46 312028 122037 189991 91992 77780 4303 73477 14212 3199 147684 4288 2375 153222
is_linear=0
shrinkage=0.1


Tree=50
num_leaves=31
num_cat=0
split_feature=12 1 27 11 11 13 5 29 14 10 16 26 13 10 1 8 10 15 29 20 27 29 17 13 8 23 9 13 29 11
split_gain=7.02036 9.55245 12.3743 12.3525 13.5341 11.7487 10.1086 15.5262 9.2741 12.5062 8.7837 21.6157 13.3086 17.3238 15.4451 14.0685 11.8457 14.112 25.6902 28.1932 10.8638 23.373 11.6684 11.5873 25.5091 11.7628 20.9193 21.1749 10.8036 9.44376
threshold=0.031498015873015879 4.5000000000000009 1576.0000000000002 0.051946130485519944 0.051752036603057702 0.03234524847428074 4.5000000000000009 168128.50000000003 0.026030491247882554 9.3389973423344141 0.052936358442222532 0.10762548262548265 0.056120041867803977 1.7647073397314548 1.5000000000000002 21.500000000000004 6.2526259049520059 0.053533145467823263 600191.50000000012 310185.00000000006 3.5000000000000004 285208.50000000006 32.500000000000007 0.071586132401458114 14.500000000000002 1.5000000000000002 3.5000000000000004 0.056120041867803977 1294701.5000000002 0.084665026089265114
decision_type=2 2 2 2 2 2 2 2 2 2 2 2 2 2 2 2 2 2 2 2 2 2 2 2 2 2 2 2 2 2
left_child=1 3 6 4 -1 -5 7 -3 9 -6 11 -7 13 14 -12 -16 -15 -18 29 -20 21 -13 23 25 -25 -22 27 -27 -14 -19
right_child=-2 2 -4 5 8 10 -8 -9 -10 -11 12 20 28 16 15 -17 17 18 19 -21 22 -23 -24 24 -26 26 -28 -29 -30 -31
leaf_value=-0.0026691502581156312 0.0013047617133331256 0.24678931609054225 0.26085383231383319 -0.032465432226571937 0.0066693050155233573 -0.0042910276804916546 0.0028364068174117334 -0.10589660581101115 -0.013827043335948808 0.34212956672408801 0.4217150915299982 0.49378128979194891 -0.00075075082680079765 0.0087755552210719047 0.046743800451672438 0.35099044306942745 0.022542004850266275 0.012203854231564566 0.15255276201335799 0.9313706782691844 -0.027437023813936891 -0.10406463853420139 -0.040979509220399647 0.021888613577484808 0.61112002778690788 0.65249627323183157 -0.10569561072483596 0.012250999316127761 0.080079644664347721 0.14570925318234459
leaf_weight=8214.4540572455153 19377.891988654621 3.9473838284611693 1.8626040630042542 101.62894905731082 205.37397282756865 2096.4589580856264 3762.3032684382051 1.8254398200660942 1905.113449559547 1.1173734851181496 1.5065238289535035 1.8302771914750366 2171.8839522302151 1363.0037617869675 12.19603252969682 1.7361910361796606 63.634109744802117 10.156706340610986 1.1702303392812599 0.77107214182615269 5.031053466722371 1.0174667052924631 6.1858585346490136 1.5548657774925225 1.3929229136556385 1.3201612755656249 1.2971438225358722 0.84863151609897602 16.662429114803672 11.076896261423824
leaf_count=205707 344360 74 28 2444 5614 41092 87249 43 50875 31 21 37 39845 25891 178 24 1275 211 36 15 92 30 140 31 30 32 30 19 347 200
internal_value=-5.11951e-05 -0.00136706 0.00316667 -0.00242221 -0.00450469 0.00123965 0.00303929 0.135266 -0.0116452 0.00848456 0.00183324 -0.00329233 0.00480288 0.0121788 0.117548 0.0846581 0.0110567 0.0468739 0.113685 0.461894 0.098949 0.280178 0.0696765 0.129486 0.300319 0.0702198 0.211976 0.401973 -0.000135351 0.0818494
internal_weight=39346.3 19968.4 3769.94 16198.4 10326.1 5872.36 3768.08 5.77282 2111.6 206.491 5770.74 2116.94 3653.8 1465.25 15.4387 13.9322 1449.81 86.809 23.1749 1.9413 20.4784 2.84774 17.6306 11.4448 2.94779 8.49699 3.46594 2.16879 2188.55 21.2336
internal_count=806001 461641 87394 374247 262227 112020 87366 117 56520 5645 109576 41533 68043 27851 223 202 27628 1737 462 51 441 67 374 234 61 173 81 51 40192 411
is_linear=0
shrinkage=0.1


Tree=51
num_leaves=31
num_cat=0
split_feature=10 19 29 5 11 19 16 29 25 28 27 29 14 27 11 29 29 4 4 12 9 14 27 28 29 28 20 8 8 18
split_gain=6.67726 9.95241 8.02517 8.58177 7.92648 8.18857 11.0285 7.70503 7.54861 7.66612 7.6475 9.93118 16.3089 13.3112 7.49265 9.03294 11.2679 21.8991 7.42347 12.2574 14.5414 11.0536 11.253 23.4261 28.8767 13.0737 12.8594 9.42275 9.92527 8.36784
threshold=6.3785874479651934 6.5000000000000009 7.5000000000000009 11.500000000000002 0.062262200462318201 85.500000000000014 0.053662452221234412 32.500000000000007 25.500000000000004 160.50000000000003 159.50000000000003 684.50000000000011 0.062501599038018732 162.50000000000003 0.071301474326385381 301227.00000000006 26452.500000000004 11.500000000000002 56.500000000000007 0.13245614035087722 4.5000000000000009 0.048247205251630586 69.500000000000014 109.50000000000001 4474.5000000000009 39.500000000000007 105599.50000000001 4.5000000000000009 1.0000000180025095e-35 87.500000000000014
decision_type=2 2 2 2 2 2 2 2 2 2 2 2 2 2 2 2 2 2 2 2 2 2 2 2 2 2 2 2 2 2
left_child=2 -2 3 -1 7 14 -7 -3 9 10 18 12 -12 -14 15 16 -6 -18 -4 -20 21 22 25 24 -24 27 -26 28 -21 -22
right_child=1 4 8 -5 5 6 -8 -9 -10 -11 11 -13 13 -15 -16 -17 17 -19 19 20 29 -23 23 -25 26 -27 -28 -29 -30 -31
leaf_value=0.013899695691915898 -0.0020407520295294855 -0.094030525811020393 0.00048298847630258852 0.19607635122209485 -0.035698290371317248 0.061636050635448691 -0.062185893297215779 -0.02210348164909573 -0.023270409122889888 0.0053631515357608619 -0.00019120872766271863 -0.032660609623979264 0.36592569995849722 0.038531087174078445 -0.026411008687416228 -0.080648079052742169 0.064638802545804258 0.45740267418759073 -0.0073959128510030642 0.059901243793627629 -0.040893122718113073 0.013744848030962329 0.027576635312693477 -0.075291628088525603 0.59904596125364118 -0.068856951230699417 0.23665942797821221 0.060617226015120755 0.4650459270980899 0.075649926473318974
leaf_weight=360.55145679228008 4046.2357034534216 15.59958275221288 28863.611915516667 2.6044560633599749 4.1509337835013849 36.91950655169785 8.9337703660130483 328.92716932296753 135.7686654003337 2807.1603668723255 49.187011010944843 149.80007347557694 2.3032597675919524 2.6948659271001816 78.950661497190595 3.9216693788766852 5.2276303358376026 1.9487940426915882 2236.9221832482144 1.1957079526036971 47.588798072189093 93.808586413040757 2.9082679711282236 2.8115041367709637 2.2589334677904849 7.7517808880656949 1.7284859232604501 34.496010718867183 1.2233069371432064 7.0770436227321616
leaf_count=5448 90821 287 594674 33 65 552 164 7699 4743 43206 804 2659 28 37 1355 80 88 34 50076 22 767 1326 39 37 36 128 23 633 22 115
internal_value=-5.15497e-05 -0.00366269 0.000418423 0.0152062 -0.0172058 0.00285382 0.0375113 -0.0253602 0.000262539 0.000355649 -9.04962e-05 -0.0193902 0.0172972 0.189403 -0.0140163 0.0501563 0.0954424 0.171296 3.52681e-05 -0.00526147 0.0182762 0.0345383 0.0704122 0.167998 0.267191 0.0492045 0.441957 0.0739962 0.264785 -0.0258055
internal_weight=39344.3 4530.82 34813.5 363.156 484.58 140.053 45.8533 344.527 34450.3 34314.5 31507.4 203.985 54.1851 4.99813 94.1997 15.249 11.3274 7.17642 31303.4 2439.77 202.848 148.183 54.374 9.70719 6.89569 44.6668 3.98742 36.915 2.41901 54.6658
internal_count=806001 101145 704856 5481 10324 2338 716 7986 699375 694632 651426 3528 869 65 1622 267 187 122 647898 53224 3148 2266 940 135 98 805 59 677 44 882
is_linear=0
shrinkage=0.1


Tree=52
num_leaves=31
num_cat=0
split_feature=9 22 25 15 8 13 23 8 22 28 24 12 1 4 5 15 1 10 11 28 10 29 13 15 8 14 12 26 14 14
split_gain=6.40202 10.04 9.8789 9.38088 14.7139 11.8348 11.4938 9.4353 9.18003 9.0001 8.70899 27.7781 8.87998 8.8278 8.76096 8.59186 7.90205 11.664 11.4362 7.91935 8.81686 7.96494 8.72535 8.37684 9.30049 9.50562 7.8283 15.5208 10.5843 25.9889
threshold=3.5000000000000004 0.55000000000000016 6.5000000000000009 0.050888225526544539 22.500000000000004 0.047677836566725466 8.5000000000000018 11.500000000000002 0.2678571428571429 68.500000000000014 0.63333333333333341 0.29520697167755999 3.5000000000000004 29.500000000000004 10.500000000000002 0.050990900347843288 5.5000000000000009 1.9451953526505161 0.11774608833432364 362.50000000000006 5.298342365923058 143.50000000000003 0.023831796516548622 0.052129262189818587 8.5000000000000018 0.057403786145204916 0.27922077922077926 0.43650793650793657 0.053261782041778567 0.049925252659350633
decision_type=2 2 2 2 2 2 2 2 2 2 2 2 2 2 2 2 2 2 2 2 2 2 2 2 2 2 2 2 2 2
left_child=-1 2 8 4 10 -5 7 9 16 -7 11 12 -3 -14 -12 -4 -2 18 -18 20 21 22 -19 24 -24 -26 27 -9 29 -29
right_child=1 3 15 5 -6 6 -8 26 -10 -11 14 -13 13 -15 -16 -17 17 19 -20 -21 -22 -23 23 -25 25 -27 -28 28 -30 -31
leaf_value=0.0010441404212449298 -0.0013020590482948305 -0.045060401102429891 -0.025554349536245875 -0.056868411538559899 0.37185017752733146 -0.095942197497034823 0.3213400009632521 -0.00098439354003829974 -0.040733124930874415 0.071042653005066222 0.0012745140634867922 0.56942575577882748 0.40029212654392227 -0.0057278444829179237 0.27255758280139764 -0.0046037327581853948 0.073804029867933607 -0.044017759494647327 0.36392567043874308 0.13258223263043187 -0.010332885951450389 0.019130403112868767 0.0020773705769650277 -0.020476416657521888 0.34868027948209857 0.065810608669610124 -0.0043855597548907339 0.14983271616631164 0.10640515723888506 0.73017544666663803
leaf_weight=22660.882287248038 15418.032782355323 3.2730503194034144 308.3406788520515 17.972433499991894 1.6649977080523957 9.2281942367553693 1.3955547381192435 8.5394669175148064 58.377388357184827 4.9638958927243939 14.594396045431493 1.3252214118838308 1.1807134412229063 0.9799349196255206 1.2961629554629333 536.05259231105447 7.1242551170289499 3.0995230115950099 1.6788814216852186 5.3457976523786774 119.08554807957262 125.4745929017663 1.8007177524268607 2.2459232322871685 3.9292283020913601 1.7028085365891454 11.494157668203114 2.7366683073341833 7.0069954469799995 1.0746689978986976
leaf_count=462390 307423 69 10459 370 28 177 28 179 1274 68 245 19 23 20 19 17597 107 47 18 71 2506 2361 26 32 53 22 174 59 118 19
internal_value=-5.03294e-05 -0.00153715 -0.00171655 0.0320121 0.0849353 0.0120345 0.0387003 0.0299436 -0.00115153 -0.0375367 0.0638437 0.158923 0.0588057 0.216147 0.0234026 -0.0122541 -0.00100426 0.0159081 0.129134 0.0121137 0.00961111 0.0267901 0.102004 0.148766 0.199905 0.263157 0.060985 0.0998003 0.179355 0.31347
internal_weight=39341.9 16681 16592.3 88.7265 24.3145 64.412 46.4396 45.044 15747.9 14.1921 22.6495 6.75892 5.4337 2.16065 15.8906 844.393 15689.5 271.487 8.80314 262.684 257.338 138.253 12.7782 9.67868 7.43275 5.63204 30.852 19.3578 10.8183 3.81134
internal_count=806001 343611 341996 1615 423 1192 822 794 313940 245 395 131 112 43 264 28056 312666 5243 125 5118 5047 2541 180 133 101 75 549 375 196 78
is_linear=0
shrinkage=0.1


Tree=53
num_leaves=31
num_cat=0
split_feature=27 16 17 29 28 3 6 29 12 23 8 10 26 20 6 13 17 14 13 13 15 25 16 25 25 11 27 11 11 15
split_gain=6.25542 14.1776 13.1386 16.2839 27.1192 12.588 11.4695 11.2271 11.2113 10.6319 10.1309 9.92495 9.87926 21.8773 9.71712 9.13116 9.01312 12.8305 11.6697 12.3364 8.76874 8.56361 8.12828 14.2181 7.98842 11.9739 7.90685 8.61801 12.5741 10.3091
threshold=3.5000000000000004 0.053241711986222538 4.5000000000000009 40539.500000000007 2.5000000000000004 2.5000000000000004 2.5000000000000004 1424487.0000000002 0.3257575757575758 1.5000000000000002 21.500000000000004 3.9899091162083553 0.10762548262548265 63332.500000000007 1.0000000180025095e-35 0.056193232745664561 11.500000000000002 0.046683526372423949 0.12459150326797387 0.032855282546862694 0.053654993943599939 1.0000000180025095e-35 0.0535606866851846 8.5000000000000018 6.5000000000000009 0.051752036603057702 340.50000000000006 0.092971804898127203 0.05253956569746044 0.053339504532637243
decision_type=2 2 2 2 2 2 2 2 2 2 2 2 2 2 2 2 2 2 2 2 2 2 2 2 2 2 2 2 2 2
left_child=1 10 3 4 -2 9 11 16 -9 24 -1 -3 15 -14 -12 -8 18 26 19 22 -16 -13 23 -4 -5 -26 -18 28 -28 -30
right_child=2 6 7 5 -6 -7 12 8 -10 -11 14 21 13 -15 20 -17 17 -19 -20 -21 -22 -23 -24 -25 25 -27 27 -29 29 -31
leaf_value=-0.0097977770689329502 0.37728709061872967 0.010309540251447221 4.5540944109909738e-05 0.022756944627885276 0.014883615790194444 -0.0045079955677416106 0.063705329076036238 0.043159786950763591 0.30895269318239321 -0.048466069048099455 0.28075784465901554 0.0021959464334792519 0.030206121636519853 0.69227870322416751 0.012323001061964121 -0.029519605270711975 -0.0037041901997243339 0.0025505259925037035 -0.019696934375208943 -0.00024957407216032065 -0.033549036884138475 -0.010824330263817808 -0.016694498550366112 -0.052456086595556221 -0.0017948510834479834 0.52290714621369916 0.024115212163992761 -0.051341491651624521 0.25170950138497894 -0.045795415462620156
leaf_weight=2760.5900829033926 2.0682563763111821 835.82456018961966 869.71856882609427 266.81916164234281 1259.0150798279792 1195.6178640155122 38.594469801522791 34.980273771099746 1.6623940337449301 21.795697547495365 1.297343861311673 1401.0871590860188 1.4836864732205861 0.75208819285035122 334.90583055838943 14.436708944849668 5277.5374881485477 14935.68231420964 385.02071762271225 7861.2641215240583 47.593694053590298 789.95355953089893 831.4649380017072 54.833909042179585 0.9561746660619963 0.79780910816043615 94.646089488640428 13.766450822353361 4.4224643893539897 1.5811871234327552
leaf_count=69902 42 17003 19610 5445 22371 26735 1018 821 22 798 35 29553 39 17 8488 317 124546 284162 6663 141069 1206 23837 18375 1965 27 25 1633 193 61 23
internal_value=-4.90755e-05 -0.00295705 0.000497725 0.00712042 0.015478 2.77667e-05 0.00186265 -0.000101387 0.0552182 0.0187041 -0.00768133 0.00103836 0.0470078 0.25292 0.00754191 0.0383267 -0.000168221 0.00104101 -0.00262573 -0.0019423 0.00661523 -0.00249836 -0.00952021 -0.00306826 0.0241553 0.236869 -0.00314035 0.0228673 0.0330172 0.173355
internal_weight=39340.2 6226.52 33113.7 2747.07 1261.08 1485.99 3082.13 30366.6 36.6427 290.369 3144.39 3026.87 55.267 2.23577 383.797 53.0312 30329.9 20327.6 10002.3 9617.28 382.5 2191.04 1756.02 924.552 268.573 1.75398 5391.95 114.416 100.65 6.00365
internal_count=806001 151415 654586 55443 22413 33030 71784 599143 843 6295 79631 70393 1391 56 9729 1335 598300 410618 187682 181019 9694 53390 39950 21575 5497 52 126456 1910 1717 84
is_linear=0
shrinkage=0.1


Tree=54
num_leaves=31
num_cat=0
split_feature=7 29 14 9 15 13 22 14 10 5 20 15 15 10 10 8 25 25 10 4 10 14 11 10 11 7 18 1 24 14
split_gain=6.23304 6.55778 12.5872 14.1041 16.4981 10.2997 10.031 10.8505 13.6045 8.29141 9.18847 13.2986 9.07643 7.06483 6.48991 8.54624 10.1809 13.008 17.4499 7.38245 7.03825 6.9228 7.78891 7.06169 11.4811 9.98115 9.91966 11.6937 10.375 20.7929
threshold=2.5000000000000004 27.500000000000004 0.071764321186977592 1.0000000180025095e-35 0.05107897261726909 0.065661646647562161 0.55000000000000016 0.056668135548879471 4.9853160250827306 3.5000000000000004 672.50000000000011 0.05107897261726909 0.05084131709447804 4.9853160250827306 8.6816898034738248 6.5000000000000009 3.5000000000000004 10.500000000000002 9.3389973423344141 34.500000000000007 8.2938933734978217 0.068230311651364298 0.47727272727272735 3.9328050649669928 0.10231746599856838 1.5000000000000002 71.500000000000014 3.5000000000000004 0.32051282051282054 0.056199968077465114
decision_type=2 2 2 2 2 2 2 2 2 2 2 2 2 2 2 2 2 2 2 2 2 2 2 2 2 2 2 2 2 2
left_child=14 2 6 4 -4 9 -2 13 -9 -5 -11 12 -12 -8 20 16 -16 18 -18 -17 21 23 -23 24 25 -1 27 -26 -28 -30
right_child=1 -3 3 5 -6 -7 7 8 -10 10 11 -13 -14 -15 15 19 17 -19 -20 -21 -22 22 -24 -25 26 -27 28 -29 29 -31
leaf_value=-0.015309780809779266 0.0034731896772189652 -0.0023454706166342555 0.46251877509992217 -0.022127031962065766 0.044835022208278619 -0.043099703909330385 -0.10965292559460396 0.40741051067197004 0.04180499663511196 -0.034781344706126552 0.25800713977016376 0.3479406524312042 -0.0025711092478113888 0.14485169977275278 0.045948647562907972 0.019943062557073322 0.10043535857584036 -0.10549446126904377 0.60794279713041177 -0.02561660764147778 -0.020415571431200166 0.0078688984682682202 -0.023764761368542553 -0.00040612467863111886 0.019632174563920964 0.0035731487412492416 0.03341748905545882 -0.012921928343859763 0.050915917320789074 0.49197337873142549
leaf_weight=309.5574050238356 430.22735031507909 12021.489569601603 1.8979633003473311 4.4064883589744595 1.884762220084667 8.3471426814794523 2.4308116026222688 2.1079323589801788 1.9680206663906572 2.388475213199853 2.128053452819584 3.2371481321752071 3.5946700908243656 1.9784466475248335 23.603030590340499 170.1653966801241 1.4688001489266751 0.89151572994887818 1.2575639151036737 44.964423473924398 157.49001197703183 1855.9403502959758 81.24271060526371 20609.457275681198 352.40530574508011 2924.2827861141413 150.87786794267595 160.63955191709101 3.7565232478082171 1.4939599782228468
leaf_count=6064 6856 250438 21 49 22 90 33 21 24 27 20 32 38 31 493 3966 49 25 24 1046 3737 30965 1216 434135 5271 56412 2372 2445 58 21
internal_value=-4.82852e-05 -0.00189401 0.00973756 0.0748854 0.254406 0.0467103 0.00559675 0.113268 0.230883 0.0942929 0.139498 0.185956 0.0943276 0.00454402 0.000810187 0.0171005 0.069892 0.226098 0.334528 0.0104206 0.000661807 0.000787309 0.00654223 0.000332507 0.00423277 0.00176559 0.0161556 0.00943915 0.0382263 0.176413
internal_weight=39337.6 12488.1 466.597 27.8847 3.78273 24.102 438.713 8.48521 4.07595 15.7548 11.3483 8.95987 5.72272 4.40926 26849.5 242.351 27.2209 3.61788 2.72636 215.13 26607.1 26449.7 1937.18 24512.5 3903.01 3233.84 669.173 513.045 156.128 5.25048
internal_count=806001 257702 7264 299 43 256 6965 109 45 166 117 90 58 64 548299 5603 591 98 73 5012 542696 538959 32181 506778 72643 62476 10167 7716 2451 79
is_linear=0
shrinkage=0.1


Tree=55
num_leaves=31
num_cat=0
split_feature=20 20 20 12 13 18 18 10 17 17 13 18 23 14 16 16 1 14 25 29 19 10 23 20 13 21 12 18 20 20
split_gain=6.0755 17.7675 14.6292 11.6784 11.588 14.5951 10.9646 10.1254 15.158 9.0784 9.06582 14.6433 12.0752 11.5488 17.9643 14.1157 10.6656 10.5829 12.1554 8.02492 14.6642 9.51783 12.4608 17.0902 30.4818 13.9362 9.46853 9.17259 12.2424 12.3972
threshold=131.50000000000003 1.0000000180025095e-35 36.500000000000007 0.29520697167755999 0.24404761904761907 3.5000000000000004 2.5000000000000004 5.7012789954730954 6.5000000000000009 1.0000000180025095e-35 0.050261443756042169 140.50000000000003 14.500000000000002 0.023310149967398396 0.053971812042743719 0.049487014736199965 3.5000000000000004 0.049962896443198283 1.5000000000000002 765.50000000000011 4.5000000000000009 6.1323122662398957 6.5000000000000009 9444.5000000000018 0.0561620616977958 1.5000000000000002 0.69047619047619058 26.500000000000004 95041.000000000015 64531.000000000007
decision_type=2 2 2 2 2 2 2 2 2 2 2 2 2 2 2 2 2 2 2 2 2 2 2 2 2 2 2 2 2 2
left_child=1 3 4 7 -3 -6 -4 -1 -9 -5 11 13 -12 14 15 -10 -14 -13 -19 20 27 26 -23 24 25 -24 -22 28 29 -2
right_child=19 2 6 9 5 -7 -8 8 10 -11 12 17 16 -15 -16 -17 -18 18 -20 -21 21 22 23 -25 -26 -27 -28 -29 -30 -31
leaf_value=-0.0042696911514611083 0.016351860121523867 -0.036628763712494537 -0.049906664572486256 0.097982931277003013 0.46160631845551292 -0.031477957536298923 -0.0058395731765423994 -0.033533927147017167 0.49419799145996973 0.018783228889655931 0.024352359366980408 0.037669534468219246 0.58453589360554736 -0.0062153446761370346 0.52852789286907409 0.0071287757061997224 0.038178999294629187 0.58567967915225461 0.12479446935819011 -0.00028499608856449827 -0.0024951776398476531 -0.031869058588122827 0.27646510091516213 -0.10510237159114083 -0.10599340613205731 0.818393873275716 0.058772829389039875 0.0020208472244705698 0.006059752756228361 0.051773199098754864
leaf_weight=1956.8766684886068 629.60880725085735 248.545046874322 59.353289503604174 15.895260209217666 1.0591981969773763 1.3855381114408372 1159.4126571007073 71.825505723245442 0.66845473460853 161.76635834015906 347.81669085752219 2.8279225425794712 0.72583152912557014 245.35646577365696 0.94857193715870369 5.4151085549965501 0.70371506363153458 1.0139864459633829 1.3135706996545193 29269.246287071146 1553.2699827253819 158.11560298874974 1.049411186948418 1.9872987661510704 1.2990534994751213 0.86621183902025212 25.640458844602108 1892.1476080007851 1401.9186798650771 117.20164522714913
leaf_count=48960 12627 8865 2036 238 33 46 37674 2047 21 2265 8486 96 21 7124 29 182 22 25 44 593965 24386 2622 27 46 29 20 270 31296 20493 2006
internal_value=-4.68484e-05 -0.00360225 -0.0125131 0.00105329 -0.0344977 0.182154 -0.00798562 -0.000619582 0.00990598 0.0258692 0.0150479 0.000814027 0.0255444 -0.00259392 0.12376 0.0606474 0.315584 0.167652 0.325576 0.000387573 0.00379155 -0.00387736 -0.0268589 0.125427 0.267939 0.521516 -0.00150023 0.00709801 0.0115689 0.0219108
internal_weight=39335.3 4282.91 1469.76 2813.15 250.99 2.44474 1218.77 2635.49 678.616 177.662 606.79 257.544 349.246 252.389 7.03214 6.08356 1.42955 5.15548 2.32756 35052.4 5783.1 1742.23 163.318 5.20198 3.21468 1.91562 1578.91 4040.88 2148.73 746.81
internal_count=806001 118214 48654 69560 8944 79 39710 67057 18097 2503 16050 7521 8529 7356 232 203 43 165 69 687787 93822 27400 2744 122 76 47 24656 66422 35126 14633
is_linear=0
shrinkage=0.1


Tree=56
num_leaves=31
num_cat=0
split_feature=20 29 11 13 29 11 25 11 17 19 20 14 8 14 16 13 13 20 19 27 11 18 10 14 14 5 29 14 12 18
split_gain=6.02347 14.3976 11.9964 12.2611 10.985 10.1793 10.2537 9.90947 10.2205 12.8619 27.4717 9.82723 12.6613 11.1289 10.0367 9.68643 9.68607 9.5126 10.1648 8.92051 8.82295 8.49353 12.1513 9.75731 11.8643 14.2904 20.425 10.7108 8.367 9.12153
threshold=513166.00000000006 130721.50000000001 0.28869047619047622 0.41428571428571431 140371.00000000003 0.051752036603057702 1.5000000000000002 0.014185110663983905 6.5000000000000009 23.500000000000004 339.50000000000006 0.045065994605305408 20.500000000000004 1.0000000180025095e-35 0.049696442601886638 0.0784827019813161 0.085620300751879722 1.0000000180025095e-35 138.50000000000003 27.500000000000004 0.20191082802547775 109.50000000000001 5.6953960338490379 0.0619323134215179 0.089441131809932975 9.5000000000000018 429662.50000000006 0.06239972913403969 0.19722222222222227 93.500000000000014
decision_type=2 2 2 2 2 2 2 2 2 2 2 2 2 2 2 2 2 2 2 2 2 2 2 2 2 2 2 2 2 2
left_child=1 -1 3 4 7 -5 -7 -3 9 16 -11 13 -13 -6 -15 17 -9 18 21 -12 -16 23 -23 -14 25 27 -27 -25 29 -22
right_child=-2 2 -4 5 11 6 -8 8 -10 10 19 12 15 14 20 -17 -18 -19 -20 -21 28 22 -24 24 -26 26 -28 -29 -30 -31
leaf_value=0.00042942329378795123 0.0012130615569074178 -0.054557651092868899 -0.032682766850673943 0.3549835376715576 0.015443375790162375 -0.071253589676298926 0.19250609504662758 -0.03400149243776298 -0.020348548689290716 0.66521386926486736 -0.055274762707318729 -0.0045916216565497162 0.0036229234078383361 -0.031972975205340787 -0.011037680060640197 0.041232413305431724 0.21911614090742565 0.00066977554765957823 0.28875388619307135 0.3192329589547715 0.019824307928324549 0.077357438167052095 0.42698397827631518 0.15644936585038843 -0.10467766608555112 0.61101244083484396 0.047247449319821826 0.0059076582382742758 0.33824140898185145 0.36081909207985885
leaf_weight=14321.418425377458 19312.119745276868 82.407454105094075 158.00523449666798 1.5149943307042111 125.268972735852 2.8658789526671171 3.034453789703548 8.4349181558936817 99.613137009553611 1.0386097412556403 1.9643217381089928 3422.5946623804048 82.206836816854775 285.02971472218633 658.13641136232764 84.513800657354295 1.8419761173427094 633.68954644352198 1.517202716320752 0.94055151753127564 8.8520565256476367 8.2432025400921685 1.1303799794986833 8.4028424080461352 3.2040293253958216 1.2569913472980254 1.3148551676422355 10.801294104196129 1.1239334493875492 0.86074076220393259
leaf_count=306479 338131 2424 3755 34 4299 62 93 220 2368 27 40 90380 2270 10903 24591 1998 37 16654 33 19 264 228 37 198 83 31 34 262 21 26
internal_value=-4.69459e-05 -0.00126233 -0.00551304 -0.00473839 -0.00491057 0.123763 0.0643941 -0.0281468 -0.00902722 0.0702782 0.223806 -0.00405635 -0.00189643 -0.0125795 -0.0162592 0.009134 0.011366 0.00552549 0.0315848 0.0659848 -0.00956403 0.0282373 0.11952 0.0202546 0.074988 0.101423 0.322788 0.0717778 0.0799336 0.050043
internal_weight=39333.3 20021.2 5699.81 5541.8 5534.39 7.41533 5.90033 196.241 113.834 14.2204 3.94348 5338.15 4258.88 1079.27 954.003 836.281 10.2769 751.767 118.078 2.90487 668.973 116.56 9.37358 107.187 24.98 21.776 2.57185 19.2041 10.8367 9.7128
internal_count=806001 467870 161391 157636 157447 189 155 5135 2711 343 86 152312 112208 40104 35805 21828 257 19830 3176 59 24902 3143 265 2878 608 525 65 460 311 290
is_linear=0
shrinkage=0.1


Tree=57
num_leaves=31
num_cat=0
split_feature=10 19 11 10 4 14 11 18 15 4 17 13 4 29 17 22 8 9 11 15 4 18 7 29 23 27 29 16 25 27
split_gain=5.38407 8.11164 6.57755 7.73939 7.4033 15.9264 12.8848 14.9103 16.8451 10.494 9.04221 8.41724 9.07393 6.96188 6.99731 6.70873 6.56868 8.88602 6.90588 10.075 6.94372 6.29119 8.9277 13.1793 10.7214 16.3079 11.5432 8.57263 7.54308 8.72963
threshold=6.3785874479651934 6.5000000000000009 0.062262200462318201 7.1872785205096408 10.500000000000002 0.057283363467869462 0.090767045454545461 48.500000000000007 0.052129262189818587 18.500000000000004 8.5000000000000018 0.055559914885942481 19.500000000000004 32.500000000000007 146.50000000000003 0.83333333333333337 11.500000000000002 1.5000000000000002 0.1226279985678482 0.053533145467823263 33.500000000000007 2.5000000000000004 3.5000000000000004 1180963.0000000002 3.5000000000000004 42.500000000000007 426.50000000000006 0.049946766498627553 1.5000000000000002 22.500000000000004
decision_type=2 2 2 2 2 2 2 2 2 2 2 2 2 2 2 2 2 2 2 2 2 2 2 2 2 2 2 2 2 2
left_child=-1 21 13 4 10 11 7 -7 -9 -8 -4 12 -6 -3 15 -15 -11 -18 20 -20 -19 22 27 24 26 -26 -24 -2 29 -28
right_child=1 2 3 -5 5 6 9 8 -10 16 -12 -13 -14 14 -16 -17 17 18 19 -21 -22 -23 23 -25 25 -27 28 -29 -30 -31
leaf_value=0.00037478602611769324 0.017438963594582257 -0.091959216774767663 0.18532253093084608 -0.074256081913883207 0.27638089648314451 0.022061227084106117 0.28621559639669208 0.12024760662389987 0.54617031515819858 -0.056767901992255877 -0.011890015729944352 -0.080132499917992192 -0.016272756890874828 -0.022040853502873884 0.21728654633805694 0.20795545073028904 -0.053693425884587948 0.39665055873697747 -0.068657803290483113 0.27247048804022567 0.10978153348277651 -0.0031451629477290545 -0.081491857257287123 0.41367182184408025 0.062873823671650231 0.69195806408310923 0.10531229969080463 -0.014646780881029935 -0.045613825005352326 0.0065061735013168358
leaf_weight=34817.124510047026 199.75385858025402 14.117687825113533 2.3898372277617446 11.996871147304772 1.5591168859973574 2.2852206956595209 1.7656463105231548 1.7483347263187172 1.980352224782109 5.7341486793011454 85.570210220292211 11.147038986906407 3.3059817124158144 319.54040247760713 1.2357630059123028 1.2732845405116666 3.5611054524779302 1.5784282851964238 2.53969618678093 1.3135958015918729 1.812864853069186 3639.6562590105459 7.59725273028016 0.96467221528291602 1.1998599348589767 0.6276353746652602 24.251769689843059 142.79724379442632 6.7677260944619766 14.164419937878845
leaf_count=704856 4609 287 40 206 24 35 23 28 26 84 1454 203 61 7643 27 29 47 21 42 20 24 81618 127 25 48 17 594 3312 199 272
internal_value=-4.65043e-05 -0.00329581 -0.015636 0.0025521 0.00973463 0.0452106 0.0962006 0.223192 0.34646 0.0544799 -0.00653183 -0.0322335 0.0775139 -0.0232262 -0.0202132 -0.021128 0.0297419 0.0756492 0.139228 0.0476336 0.243301 -0.00183967 0.0100951 0.0472735 0.040801 0.278927 0.0325561 0.00406357 0.0517322 0.0688815
internal_weight=39331.4 4514.24 476.456 140.288 128.292 40.3315 24.3194 6.01391 3.72869 18.3055 87.96 16.0121 4.8651 336.167 322.049 320.814 16.5398 10.8057 7.24459 3.85329 3.39129 4037.78 398.124 55.5733 54.6087 1.8275 52.7812 342.551 45.1839 38.4162
internal_count=806001 101145 10324 2338 2132 638 350 89 54 261 1494 288 85 7986 7699 7672 238 154 107 62 45 90821 9203 1282 1257 65 1192 7921 1065 866
is_linear=0
shrinkage=0.1


Tree=58
num_leaves=31
num_cat=0
split_feature=9 22 13 25 18 22 15 25 14 6 21 10 29 9 19 6 19 3 13 29 12 27 28 13 11 10 10 29 20 10
split_gain=5.33958 6.84594 8.14509 7.83466 7.44478 7.5115 7.26087 6.98024 8.40256 7.3286 8.39775 7.18377 10.2718 9.48445 11.865 7.43575 10.3083 6.94237 13.4885 6.61508 9.15745 7.70574 8.1321 15.4515 13.5608 11.5965 7.00969 10.6628 8.48925 7.1521
threshold=3.5000000000000004 0.83333333333333337 0.22335600907029482 6.5000000000000009 143.50000000000003 0.2678571428571429 0.050990900347843288 12.500000000000002 0.065243210861509651 1.5000000000000002 5.5000000000000009 2.6956396684599553 253.50000000000003 4.5000000000000009 1.0000000180025095e-35 1.5000000000000002 104.50000000000001 2.5000000000000004 0.057205789804908751 628239.00000000012 0.086581709145427302 21.500000000000004 17.500000000000004 0.066106891751396515 0.21525096525096529 7.7556939304174408 2.2828923296268995 1037323.5000000001 363293.00000000006 3.0368723748608555
decision_type=2 2 2 2 2 2 2 2 2 2 2 2 2 2 2 2 2 2 2 2 2 2 2 2 2 2 2 2 2 2
left_child=19 3 -3 4 5 -2 7 8 11 10 -9 12 -5 -14 -15 16 -13 18 -7 -1 21 22 -21 24 25 -24 27 28 -22 -28
right_child=1 2 -4 6 -6 17 -8 9 -10 -11 -12 15 13 14 -16 -17 -18 -19 -20 20 26 -23 23 -25 -26 -27 29 -29 -30 -31
leaf_value=0.0015627184717211297 -0.00071251541216213595 0.021938829113493773 0.24279097677578629 0.33807325516010978 -0.023920673754552688 -0.020100113230002367 -0.0039931436915188042 -0.0066071188902411251 -0.089489550144396912 -0.059752195531867273 0.35812114250901783 -0.057565569072665052 -0.076084372549208662 0.006766631858665848 0.41789073193789944 -6.5141579410462729e-05 0.24789360158922033 -0.05022085418916851 0.29774567371555349 -0.0044387027409636707 -0.0067504079762488725 -0.022413038647584656 0.049915535506257575 -0.073619040260691729 0.4096366573193379 0.39657478554520359 -0.073514206071161645 0.34238731965686275 0.23036978083818879 0.017848151848101564
leaf_weight=20114.571703748778 15534.738108832389 88.158868079073727 1.702150061726569 1.3463248535990704 141.09560944978148 5.8514684410765758 532.76510781235993 23.753981518559161 13.235593447461723 77.518362604081631 0.64851800166070361 39.123682202771306 3.5304634049534798 1.8035660926252606 1.1492972932755945 137.23249407764524 1.1368952272459854 50.350495154969394 1.7298663780093191 2092.6244497196749 5.8318089433014375 241.96369327418506 28.980744087137289 9.1090752901509386 1.1619804110378016 0.9982283366844048 9.0357879623770696 1.5397834554314611 2.0372982956469059 165.64263624325395
leaf_count=399403 309706 1551 25 22 2970 138 17600 841 385 2780 18 1365 97 54 32 4832 36 1126 33 52945 88 5392 691 185 21 27 174 20 21 3423
internal_value=-4.51933e-05 -0.00140461 0.0261222 -0.00155392 -0.00105347 -0.000846548 -0.0110036 -0.0234336 -0.0125137 -0.0447071 0.00308586 -0.00701619 0.0867252 0.0345304 0.166782 -0.0111514 -0.0489399 -0.0367881 0.0524242 0.000953488 -0.0038354 -0.00550093 -0.00358234 0.0409403 0.0744502 0.0614585 0.017651 0.10173 0.0546396 0.0131221
internal_weight=39330.4 16656.9 89.861 16567 15733.8 15592.7 833.244 300.479 198.558 101.921 24.4025 185.323 7.82965 6.48333 2.95286 177.493 40.2606 57.9318 7.58133 22673.5 2558.93 2374.84 2132.87 40.25 31.141 29.979 184.087 9.40889 7.86911 174.678
internal_count=806001 343611 1576 342035 313973 311003 28062 10462 6823 3639 859 6438 205 183 86 6233 1401 1297 171 462390 62987 59261 53869 924 739 718 3726 129 109 3597
is_linear=0
shrinkage=0.1


Tree=59
num_leaves=31
num_cat=0
split_feature=14 14 19 27 28 23 18 20 10 26 14 14 16 16 20 8 20 8 14 10 16 1 20 29 3 14 28 29 20 14
split_gain=5.25936 9.31292 10.4314 9.84317 9.70309 9.17972 7.66956 10.4476 9.84181 9.57055 12.0263 14.2112 8.76428 10.0146 9.20752 20.8378 24.3762 14.6911 9.00159 8.71346 14.2851 9.58467 13.8926 17.3061 9.10979 9.23272 16.0556 8.90793 7.65802 10.4508
threshold=0.016997303543913714 0.040828955344514049 4.5000000000000009 9.5000000000000018 109.50000000000001 20.500000000000004 3.5000000000000004 24248.500000000004 9.1174568591709342 0.080540540540540564 0.038737729758218598 0.039788843639444099 0.053758312355950716 0.053662452221234412 1565.5000000000002 12.500000000000002 138.50000000000003 16.500000000000004 0.035863544945328056 3.9328050649669928 0.050083864896969414 4.5000000000000009 13122.000000000002 88450.500000000015 2.5000000000000004 0.037443945213578793 29.500000000000004 157005.00000000003 193570.50000000003 0.021108326371484267
decision_type=2 2 2 2 2 2 2 2 2 2 2 2 2 2 2 2 2 2 2 2 2 2 2 2 2 2 2 2 2 2
left_child=-1 2 3 5 -4 -2 12 -8 9 -9 -11 -12 13 19 15 -15 17 -17 -18 20 21 27 -23 -24 25 26 -22 28 29 -5
right_child=1 -3 4 6 -6 -7 7 8 -10 10 11 -13 -14 14 -16 16 18 -19 -20 -21 24 22 23 -25 -26 -27 -28 -29 -30 -31
leaf_value=0.0070557051131650925 -0.0093658300032718311 0.00036621855549978964 -0.012644049535234334 0.32031511450079736 -0.05593341118477551 0.37209423570341538 -0.019894066571544244 -0.0022430599124790736 0.1046182858101469 0.031402439423498595 0.47792863898171484 0.053216474173537726 -0.012283497319420477 -0.065887557981706354 0.036114016316127012 0.43632128206467818 0.89549180777820225 -0.011502739260939497 0.37396785115609232 0.0043155037258891171 0.04051049468107204 0.45732474700799131 -0.039142278579497224 0.4221767553022191 -0.017789693083759123 -0.0435254342178144 0.39916977381144852 -0.016822150771893109 0.03405823042870651 0.088492501477573871
leaf_weight=1016.5023955367506 1493.6291853534058 33393.752535380423 511.42699929978698 2.1077600941062 57.610965929925442 0.63112413976341386 329.18318252358586 1101.6206735093147 8.9750948809087259 36.223444510251284 1.3652216810733073 1.8628877475857732 216.47642352245748 2.6163501301780334 38.089859413914382 1.109938473440707 0.70009420718997695 2.1545324362814426 0.62768022157251835 967.18457430880517 3.3862510435283166 1.4105984866619099 2.8553267419338231 1.1370224542915819 58.291500681079924 3.1253377832472324 1.9767417162656782 15.881192193366585 31.56173162907362 25.12631549499929
leaf_count=24010 44479 656379 13485 44 1216 23 9966 23377 174 721 23 33 5020 81 856 34 21 67 20 23241 63 28 41 25 1114 56 36 390 466 512
internal_value=-4.37628e-05 -0.000232127 -0.00429467 -0.00262888 -0.0170268 -0.00920471 0.00081275 -0.00418577 0.000310489 -0.000509943 0.0478845 0.232834 0.00618697 0.00963584 0.0557273 0.159363 0.287695 0.14076 0.648951 0.00776171 0.0304576 0.0589384 0.187557 0.0922415 -0.00369551 0.0930928 0.172708 0.0496327 0.0675826 0.106434
internal_weight=39328.6 38312.1 4918.35 4349.31 569.038 1494.26 2855.05 1479.23 1150.05 1141.07 39.4516 3.22811 1375.82 1159.34 45.2985 7.2086 4.59225 3.26447 1.32777 1114.04 146.86 80.0799 5.40295 3.99235 66.7798 8.48833 5.36299 74.677 58.7958 27.2341
internal_count=806001 781991 125612 110911 14701 44502 66409 34294 24328 24154 777 56 32115 27095 1079 223 142 101 41 26016 2775 1506 94 66 1269 155 99 1412 1022 556
is_linear=0
shrinkage=0.1


Tree=60
num_leaves=31
num_cat=0
split_feature=7 13 29 4 9 27 28 7 14 14 29 18 9 8 10 20 27 8 15 27 16 15 1 10 27 11 27 8 29 14
split_gain=5.19965 5.91833 7.52513 10.4124 15.3577 11.988 11.9885 12.4031 12.8249 11.4159 11.2375 10.2776 18.1346 8.81612 8.39124 8.0844 7.68321 7.45444 10.5065 7.38482 7.86178 8.70826 7.31986 7.62317 9.75381 12.4759 7.00656 9.41997 9.78188 10.3288
threshold=2.5000000000000004 0.056732371243030412 765.50000000000011 49.500000000000007 2.5000000000000004 60.500000000000007 86.500000000000014 3.5000000000000004 0.051897625527597378 0.042576160982035267 606.50000000000011 51.500000000000007 1.0000000180025095e-35 3.5000000000000004 2.082556816555154 141122.50000000003 72.500000000000014 21.500000000000004 0.053533145467823263 14.500000000000002 0.048599399166806632 0.05107897261726909 5.5000000000000009 5.4810554164939385 124.50000000000001 0.090767045454545461 345.50000000000006 18.500000000000004 3255.5000000000005 0.0619323134215179
decision_type=2 2 2 2 2 2 2 2 2 2 2 2 2 2 2 2 2 2 2 2 2 2 2 2 2 2 2 2 2 2
left_child=-1 22 3 9 -5 13 16 15 -9 10 11 14 -13 -6 -3 -8 -7 -16 -19 -15 21 -21 -2 24 -24 26 27 28 -26 -30
right_child=1 2 -4 4 5 6 7 8 -10 -11 -12 12 -14 19 17 -17 -18 18 -20 20 -22 -23 23 -25 25 -27 -28 -29 29 -31
leaf_value=0.0007397359311474076 -0.00077268075951928046 0.22575359543970608 -0.0075498774388890067 -0.011249870994954669 0.26919235426336341 0.18494564021377322 -0.10856712982794081 0.015695856882310302 0.3726030700045751 -0.0051292729641749584 0.27194695351159381 0.46601651917245634 0.070072609445368556 0.095830165599906217 -0.013061958963379632 0.12066117791455977 0.49719641184467867 0.026157505950005384 0.37166112259511808 -0.056090876129766244 -0.074560893341415926 0.24047076363425363 0.029254873844236331 -0.0084274370393777748 0.016634448482593236 0.42239398555780361 -0.069338517931913299 -0.0518698710949686 0.17212546876901172 0.54996431146822899
leaf_weight=26860.471510522068 9100.6811583861709 1.782890062779187 2705.5234340708703 29.630908338353038 1.5887226518243576 1.6939018480479711 2.7852790318429452 1.6095927339047191 2.6883831657469273 419.24484629184008 2.1101903133094302 1.3947306089103202 6.7794152088463306 8.8067688550800103 31.828295195475221 3.4372170567512512 1.4735032394528387 2.9778675846755496 1.2494254559278486 1.949698951095342 8.9926832355558854 2.0118810832500458 69.79376617167145 47.142253570258617 1.5661284700036029 1.31665889173746 2.0514835212379694 1.7808208335191009 1.7894600238651039 1.2145608831197021
leaf_count=548299 195824 22 50974 463 26 24 46 24 37 6485 37 23 125 148 552 37 19 49 20 33 149 35 1362 1037 22 20 27 30 33 19
internal_value=-4.3625e-05 -0.00173141 -0.0054086 0.00543952 0.0424103 0.0853395 0.159646 0.108295 0.238941 0.000165753 0.0462959 0.0359473 0.137631 0.0417804 0.0139808 0.0180553 0.330207 0.00350893 0.128275 0.0251776 -0.0228546 0.0945174 -0.000440413 0.0234343 0.0423248 0.136181 0.0913317 0.143231 0.219255 0.32489
internal_weight=39327.4 12466.9 3239.56 534.036 66.6685 37.0376 13.6879 10.5205 4.29798 467.368 48.1228 46.0126 8.17415 23.3498 37.8385 6.2225 3.16741 36.0556 4.22729 21.761 12.9543 3.96158 9227.34 126.655 79.5129 9.71911 8.40245 6.35097 4.57015 3.00402
internal_count=806001 257702 59328 8354 1041 578 187 144 61 7313 828 791 148 391 643 83 43 621 69 365 217 68 198374 2550 1513 151 131 104 74 52
is_linear=0
shrinkage=0.1


Tree=61
num_leaves=31
num_cat=0
split_feature=27 27 14 8 13 8 12 5 28 13 13 29 18 8 29 10 20 15 28 20 4 25 8 20 13 9 29 18 20 17
split_gain=5.1191 6.98009 8.93802 11.4017 18.4368 17.2174 8.79154 7.65832 11.8271 7.06696 10.0404 10.3167 7.69184 10.2327 6.35748 5.63351 8.29946 12.3106 13.6422 8.18566 10.939 11.9083 20.1173 8.1735 10.7227 13.6902 11.9416 10.6992 9.28532 8.52951
threshold=361.50000000000006 325.50000000000006 0.042293245834614766 10.500000000000002 0.055418758262258727 7.5000000000000009 0.024540800963565194 9.5000000000000018 336.50000000000006 0.074133811230585434 0.11020285599893236 19.500000000000004 140.50000000000003 16.500000000000004 103847.50000000001 5.2935560178973224 798056.00000000012 0.052129262189818587 158.50000000000003 12041.000000000002 48.500000000000007 24.500000000000004 15.500000000000002 19737.500000000004 0.090194749168001978 1.0000000180025095e-35 11088.500000000002 3.5000000000000004 25869.500000000004 22.500000000000004
decision_type=2 2 2 2 2 2 2 2 2 2 2 2 2 2 2 2 2 2 2 2 2 2 2 2 2 2 2 2 2 2
left_child=1 15 3 4 5 6 -3 -5 -9 12 11 -11 -4 -14 -13 -1 17 18 -17 20 -19 -22 -23 27 -25 26 -26 29 -27 -20
right_child=-2 2 9 7 -6 -7 -8 8 -10 10 -12 14 13 -15 -16 16 -18 19 23 -21 21 22 -24 24 25 28 -28 -29 -30 -31
leaf_value=0.00083774566225101486 0.0071609782865356521 -0.10599021267548621 -0.036955757515009652 -0.032998341644034618 -0.10730781144924367 0.48479000418936069 0.29933283991630866 -0.039270376763099496 0.38381003087586191 0.36766011322803765 -0.053269578814994258 0.023232191364153183 0.27059154496078763 -0.1076918556528467 0.20306955932883916 -0.0098570626606491723 0.00067432198401131804 0.0096974491602737928 0.028616358167150208 -0.0035518945470511321 -0.025317122981528786 0.68050358973240366 -0.10373680433372821 -0.011049451968510843 0.027155081630563217 0.29579933745769127 0.40573573401642871 0.037313011765924733 0.014432980108393429 -0.072611459444201748
leaf_weight=23484.508286642842 962.36087044887245 1.1745427642017632 155.69328182376921 13.296083491295574 1.8041441570967434 2.0226076878607273 0.98299776017665852 1.4561025360599154 1.2096461057662962 1.0440462343394781 12.327250419184564 16.49232856370509 1.8491370994597667 1.1659850757569072 2.2317381706088772 3522.328309298493 7471.1707502491772 1154.5484681250528 15.588693385943769 1992.7731324182823 118.80457306466997 0.63718602247536071 0.67212042678147554 200.50357430428267 1.4581930562853842 1.2370783798396612 1.9439493156969545 144.81172358244658 22.599770853295922 17.861099183559418
leaf_count=468910 14200 25 2379 223 34 36 17 28 15 13 170 217 30 20 30 94067 139126 31826 344 43465 3550 21 24 3334 20 22 29 3099 319 408
internal_value=-4.2594e-05 -0.000223295 -0.0182862 0.0421504 0.159868 0.27518 0.0786792 -0.00198324 0.152712 -0.0252376 0.0175582 0.0617259 -0.0338922 0.124305 0.0446672 -0.000122568 -0.00166021 -0.00408409 -0.00785634 0.000451164 0.00670944 -0.0220117 0.277921 0.00950117 -0.00305177 0.0558184 0.243472 0.0255385 0.0290353 -0.025436
internal_weight=39326.6 38364.2 212.75 21.9461 5.98429 4.18015 2.15754 15.9618 2.66575 190.804 32.0954 19.7681 158.708 3.01512 18.7241 38151.4 14666.9 7195.77 3928.33 3267.44 1274.66 120.114 1.30931 406.004 227.743 27.239 3.40214 178.262 23.8368 33.4498
internal_count=806001 791801 3237 378 112 78 42 266 43 2859 430 260 2429 50 247 788564 319654 180528 101642 78886 35421 3595 45 7575 3724 390 49 3851 341 752
is_linear=0
shrinkage=0.1


Tree=62
num_leaves=31
num_cat=0
split_feature=1 10 11 13 8 20 27 27 25 27 29 11 11 11 29 17 25 11 29 26 18 14 29 15 29 16 17 28 13 29
split_gain=5.05465 7.56972 8.25987 9.32881 8.62606 21.3097 14.0802 12.9589 8.66526 21.6441 8.21331 7.12119 8.99042 12.6402 13.9673 10.1878 22.6658 8.18027 8.57983 11.6121 13.5838 11.0264 12.3825 27.2232 10.9126 10.5807 10.5015 9.31373 9.13136 10.7008
threshold=4.5000000000000009 1.7647073397314548 0.024490203918432631 0.14174107142857145 7.5000000000000009 76897.000000000015 15.500000000000002 6.5000000000000009 8.5000000000000018 12.500000000000002 12181.500000000002 0.072343673335877462 0.051752036603057702 0.016261237440507673 22025.500000000004 147.50000000000003 1.5000000000000002 0.051946130485519944 445019.00000000006 0.12060606060606062 16.500000000000004 0.058029903790720115 784703.50000000012 0.052129262189818587 532737.00000000012 0.053606725823399461 4.5000000000000009 42.500000000000007 0.17883795309168446 942864.00000000012
decision_type=2 2 2 2 2 2 2 2 2 2 2 2 2 2 2 2 2 2 2 2 2 2 2 2 2 2 2 2 2 2
left_child=11 2 3 4 5 -2 7 -7 10 -10 -6 12 13 -1 -15 -16 -17 18 26 28 21 22 23 -21 -22 -24 -14 -28 -20 -30
right_child=1 -3 -4 -5 8 6 -8 -9 9 -11 -12 -13 17 14 15 16 -18 -19 19 20 24 -23 25 -25 -26 -27 27 -29 29 -31
leaf_value=-0.0015823545138933884 -0.10772052561487953 0.0017859432648201033 0.0053575021901998698 0.25259478320177237 0.087163434040243404 0.26379215812885981 0.46218207354240026 -0.10820268710492345 -0.10407125303272853 0.4817058575394832 -0.0014340728768695004 0.0017870160200099874 0.0064826631159087093 -0.0044088056317481451 0.010065397001720296 0.05097656577043063 0.64637243624149943 -0.00061166483287872523 -0.025386248253578839 0.087882076101249151 0.26982041105255367 0.0030182109052303476 -0.0037049817462647019 0.82415488056889663 -0.07435515729699714 0.43980019085994393 -0.013502455509509421 -0.0018803578198251063 -0.028042433668457101 0.14020672848718177
leaf_weight=12983.110083539039 2.516668822616337 7460.5688966438174 106.08233562298119 2.1975141316652289 14.014851018786429 2.6940626725554466 1.9212012030184267 1.4354318119585512 1.1763091869652265 1.3601062446832655 41.291977591812611 8971.3930411301553 574.88739058189094 936.14805070590228 2001.9106936855242 3.2056718282401553 0.79867734201252449 2938.3244698969647 454.60826029255986 1.0429027443751677 1.0681251287460325 2.7705820165574551 1.9999638739973309 0.96857745200395573 6.6986801791936159 0.73583385720849026 1557.7471146453172 1237.1565464437008 7.7928353920578939 7.3413302153348923
leaf_count=295794 46 153313 1590 27 158 44 24 22 34 28 664 147684 12539 17310 43711 75 22 53463 14143 34 29 67 67 26 192 23 39810 24668 202 192
internal_value=-4.19626e-05 0.00226775 0.0228446 0.0498833 0.0431756 0.136822 0.238535 0.134485 0.0293054 0.210041 0.0210167 -0.000598461 -0.00154048 -0.000241222 0.0056771 0.0103841 0.16973 -0.00458633 -0.00761601 -0.0200513 0.0657262 0.161546 0.254066 0.442416 -0.0270226 0.115582 -0.00582615 -0.00835797 -0.0228424 0.0535724
internal_weight=39325 7635.26 174.69 68.6081 66.4106 8.56736 6.0507 4.12949 57.8432 2.53642 55.3068 31689.7 22718.3 15925.2 2942.06 2005.92 4.00435 6793.14 3854.82 485.027 15.2847 7.51786 4.74728 2.01148 7.76681 2.7358 3369.79 2794.9 469.742 15.1342
internal_count=806001 155950 2637 1047 1020 136 90 66 884 62 822 650051 502367 356912 61118 43808 97 145455 91992 14975 438 217 150 60 221 90 77017 64478 14537 394
is_linear=0
shrinkage=0.1


Tree=63
num_leaves=31
num_cat=0
split_feature=9 14 14 13 4 16 14 18 12 8 29 29 29 8 1 28 15 29 26 6 16 13 8 4 16 1 25 29 28 22
split_gain=4.73925 6.89349 12.5237 9.03882 10.4344 8.36615 6.50287 6.57534 10.9087 14.2933 18.8632 25.3205 14.6472 9.74926 7.64325 7.74915 15.1313 10.8556 10.6483 7.94856 12.5611 7.97351 7.11515 6.99853 6.81621 8.34363 8.19084 8.13461 6.45699 6.44929
threshold=4.5000000000000009 0.12801233853865435 0.074696610405914368 0.013378076062639823 92.500000000000014 0.048498834804558917 1.0000000180025095e-35 50.500000000000007 0.11237373737373739 16.500000000000004 230053.00000000003 471957.50000000006 942864.00000000012 10.500000000000002 3.5000000000000004 43.500000000000007 0.053779365941619389 11088.500000000002 0.064866760168302964 1.5000000000000002 0.053971812042743719 0.056120041867803977 1.5000000000000002 4.5000000000000009 0.049812324011221799 4.5000000000000009 19.500000000000004 347.50000000000006 626.50000000000011 0.55000000000000016
decision_type=2 2 2 2 2 2 2 2 2 2 2 2 2 2 2 2 2 2 2 2 2 2 2 2 2 2 2 2 2 2
left_child=6 2 29 4 5 -4 7 14 9 10 -9 -12 -13 -14 22 24 18 -18 19 20 21 -17 23 -1 25 26 -16 -27 -5 -2
right_child=1 -3 3 28 -6 -7 -8 8 -10 -11 11 12 13 -15 15 16 17 -19 -20 -21 -22 -23 -24 -25 -26 27 -28 -29 -30 -31
leaf_value=0.14673608478810071 -0.002486437188643973 -0.030323651249715661 -0.040380752884429445 0.0051661669947335506 0.30241414577234338 0.042585352078069016 0.00043692652444556209 0.028894767648770366 0.38416039439099697 -0.05580525166022568 0.68911952654105624 -0.10386962050280164 0.035216776286485223 0.50438571782224861 0.048547172515687707 0.0015563874771273593 0.45265669657944879 0.083064363605961533 0.25566851147327974 0.004385608996532518 0.38655410974100335 0.25152251688193983 -0.0092426634905558632 -0.017934204597554008 0.0016183697248815501 0.20681443609276076 0.35766386654179372 -0.026643165876674625 0.16808354476783238 0.029630977324576709
leaf_weight=5.9316719789057952 10674.899039220065 83.893903274089098 13.636333134025334 409.06931565981358 1.4604467470198859 111.81895403750241 27389.60151379928 8.8658510670065933 1.0180324874818314 8.074719666503368 1.1345868771895755 1.3992597479373219 0.71988584473729123 1.1511486303061245 69.519236696884036 5.4552827486768347 1.5922613330185407 1.5865937713533638 2.1947329379618159 29.320062269456685 1.4116850681602953 1.665765333920717 212.12172682583332 4.5689085675403476 187.75700730830431 1.5853761285543466 0.86790415178984304 25.483081211335957 2.4472916834056369 62.890059082768857
leaf_count=146 220363 1408 268 6386 24 1988 561097 177 18 191 33 42 23 36 1641 93 20 34 39 492 23 28 5083 113 4441 27 34 634 23 1076
internal_value=-4.21521e-05 -0.00176454 -0.00155207 0.0133304 0.036661 0.0335674 0.000657577 0.011197 0.0643528 0.0491002 0.112931 0.282074 0.140854 0.323872 0.00903975 0.0187358 0.0581915 0.26819 0.0415224 0.0291061 0.11405 0.0600288 -0.00526506 0.0750864 0.012756 0.0342136 0.0523587 -0.0129698 0.00613504 -0.00229833
internal_weight=39323.1 11360.1 11276.2 538.432 126.916 125.455 27963 573.425 22.3635 21.3455 13.2707 4.40488 3.27029 1.87103 551.061 328.439 43.2264 3.17886 40.0475 37.8528 8.53273 7.12105 222.622 10.5006 285.213 97.4556 70.3871 27.0685 411.517 10737.8
internal_count=806001 231536 230128 8689 2280 2256 574465 13368 520 502 311 134 101 59 12848 7506 729 54 675 636 144 121 5342 259 6777 2336 1675 661 6409 221439
is_linear=0
shrinkage=0.1


Tree=64
num_leaves=31
num_cat=0
split_feature=20 20 20 18 12 10 17 13 11 29 1 14 27 29 28 10 18 29 3 28 29 29 16 1 9 29 29 9 29 10
split_gain=4.68851 14.0463 12.6261 9.72158 8.70564 8.271 12.2038 7.88592 10.0795 7.7142 7.6433 7.87157 7.69545 7.28468 11.2704 20.4422 13.4738 10.2496 8.4758 8.53433 6.95888 8.22219 12.4092 8.76907 15.9453 9.12686 7.83425 10.383 9.82995 8.48991
threshold=131.50000000000003 1.0000000180025095e-35 36.500000000000007 2.5000000000000004 0.29520697167755999 5.7012789954730954 6.5000000000000009 0.24404761904761907 0.27386363636363642 19.500000000000004 4.5000000000000009 0.08154101140918904 14.500000000000002 3542.5000000000005 192.50000000000003 5.704115696927782 32.500000000000007 4147.5000000000009 2.5000000000000004 743.50000000000011 81.500000000000014 143.50000000000003 0.050227196801581116 1.5000000000000002 2.5000000000000004 387374.00000000006 690694.50000000012 1.5000000000000002 532737.00000000012 5.8847132099692177
decision_type=2 2 2 2 2 2 2 2 2 2 2 2 2 2 2 2 2 2 2 2 2 2 2 2 2 2 2 2 2 2
left_child=1 4 7 -4 5 -1 9 -3 -9 -7 11 20 -12 18 -15 16 -16 -17 -8 -20 -6 22 -22 24 -23 -25 27 28 -27 -28
right_child=-2 2 3 -5 10 6 13 8 -10 -11 12 -13 -14 14 15 17 -18 -19 19 -21 21 23 -24 25 -26 26 29 -29 -30 -31
leaf_value=-0.0038382753098073503 0.0003392393622877151 -0.034002004467574808 -0.047366569370262984 -0.0049918209142261324 -0.037685899086171371 0.17499160848979489 -0.054105676572405483 0.27502355474204898 -0.10404697026684545 -0.036241692287280657 -0.089417195977909231 0.13396767405261539 0.011224704649074976 0.014756622025349428 0.10987086600615842 0.28464588530093865 0.55321732131977741 0.04096130705096046 0.01071383460652431 -0.095601795276747753 0.35822272647150499 0.26708791158101514 -0.0027499090082722128 0.0072357477585670189 0.011463305628163389 0.12613562076066928 -0.0084060693767519182 0.073656834548573663 0.4758044842384716 0.20515378572955717
leaf_weight=1948.5112681398168 35058.950901369564 239.52469545602798 56.816313774324954 1149.5888224793598 14.871005889028309 1.7743107937276352 27.084398809820414 1.8331222720444196 1.1362481694668529 67.529842916876078 10.88345171138644 7.2317159473896018 25.164921389892697 357.74345558974892 1.3796090576797717 1.7903262898325909 1.3624747060239313 48.063825477845967 169.02733161859214 7.9035457093268624 1.9217690378427499 4.2358882352709752 1.8879113048315046 87.310154244303703 5.7563120350241661 1.6859782077372094 10.969567527994512 6.5551669988781214 1.5367891080677507 2.241956138983368
leaf_count=48960 687787 8865 2036 37674 173 33 592 45 34 2014 184 77 313 10619 25 36 24 978 3648 128 25 56 27 1209 79 23 172 100 22 43
internal_value=-4.15396e-05 -0.00317283 -0.0111727 -0.00698748 0.0009456 -0.000517875 0.00894567 -0.0319941 0.12997 -0.0308337 0.0220817 0.0322505 -0.0191603 0.0134331 0.0211112 0.0643333 0.330159 0.0497123 -0.00201006 0.00596469 0.0269574 0.0347036 0.17934 0.0301229 0.119828 0.0219964 0.0780549 0.145911 0.292877 0.0278344
internal_weight=39322.3 4263.32 1448.9 1206.41 2814.42 2632.17 683.659 242.494 2.96937 69.3042 182.253 146.204 36.0484 614.355 410.34 52.5962 2.74208 49.8542 204.015 176.931 138.972 124.101 3.80968 120.292 9.9922 110.3 22.9895 9.77793 3.22277 13.2115
internal_count=806001 118214 48654 39710 69560 67057 18097 8944 79 2047 2503 2006 497 16050 11682 1063 49 1014 4368 3776 1929 1756 52 1704 135 1569 360 145 45 215
is_linear=0
shrinkage=0.1


Tree=65
num_leaves=31
num_cat=0
split_feature=15 10 29 13 14 18 13 11 8 19 17 17 10 13 10 9 10 10 13 29 11 27 11 21 15 11 11 18 7 11
split_gain=4.45691 8.25772 9.07912 8.26619 12.8468 13.0027 8.12413 11.0207 10.1166 12.2723 13.0325 11.4771 9.38909 7.95171 7.64924 7.95359 9.31503 18.7318 7.45219 10.6774 10.4263 8.99495 7.41721 7.04933 6.88278 6.64751 6.58232 7.71796 7.71171 15.4088
threshold=0.052129262189818587 3.7838486602436219 445019.00000000006 0.5277777777777779 0.051897625527597378 21.500000000000004 0.04306635408629593 0.035830999066293188 1.0000000180025095e-35 15.500000000000002 8.5000000000000018 134.50000000000003 8.2222849295801428 0.0561620616977958 6.3960956266657982 3.5000000000000004 5.2848760558430135 5.5622177305340132 0.047962501729625025 1424487.0000000002 0.47727272727272735 1.5000000000000002 0.33712121212121215 4.5000000000000009 0.05107897261726909 0.5277777777777779 0.075058685446009396 2.5000000000000004 3.5000000000000004 0.068252399774138925
decision_type=2 2 2 2 2 2 2 2 2 2 2 2 2 2 2 2 2 2 2 2 2 2 2 2 2 2 2 2 2 2
left_child=1 3 23 -1 5 -5 7 -4 9 12 13 14 -8 -11 15 16 -12 -18 19 20 26 -21 -20 -3 -17 -2 28 -28 -10 -30
right_child=25 2 6 4 -6 -7 8 -9 18 10 11 -13 -14 -15 -16 24 17 -19 22 21 -22 -23 -24 -25 -26 -27 27 -29 29 -31
leaf_value=0.0029337001375485737 0.0014542834571296375 -0.00072201979975197814 -0.0088746949506015461 0.46373219941746924 0.016733426308980094 0.064882472169990088 -0.0034123980702620649 -0.036986033263328527 0.012924223218320187 0.46186750503810781 0.043358567635261053 0.39684443517000434 0.31377146598035227 0.12050585521249418 0.33142332155275883 -0.077232149931207278 0.53421625810115769 -0.021086120901041963 -0.0053518994880171859 0.011810286116763494 0.36674806208515265 0.44316936059185585 -0.046891090284998126 -0.043666964760856422 0.15697737506963463 -0.026351272781138704 0.25524133979036784 -0.056947017074132071 0.069581403841342204 0.52543286133446265
leaf_weight=4163.0800734097138 15165.379903223366 16762.900010304525 573.17985667660832 1.570486912503837 7.1005802974104881 1.7044423539191482 45.124380168505013 184.30093016382307 68.20374446362257 1.4100099764764338 8.6727858502417892 0.99385453760623832 0.95296598039567371 1.3223521225154398 0.91616432182490726 7.1310141738504154 1.2521287966519588 1.179877024143934 2121.516588379629 0.8655209755524983 0.84531930275261302 1.0950031941756604 43.874728690832853 38.310270191170275 1.5226653534919021 86.469957426190376 0.83190768025815742 16.465679105371237 11.492120187729594 0.79266277514398176
leaf_count=74150 305373 343910 18709 25 97 23 1083 6064 1874 32 181 25 20 26 23 168 32 26 49547 28 17 29 908 1327 33 1556 19 364 314 18
internal_value=-4.07926e-05 -0.0008883 -0.00173666 0.00315588 0.092303 0.25615 -0.00671474 -0.0157144 -0.00379706 0.0335141 0.0908567 0.064905 0.00314756 0.296662 0.0489482 0.0358504 0.0918584 0.264814 -0.00495753 0.0216497 0.0170564 0.252735 -0.00619356 -0.000819943 -0.0360216 0.00129664 0.0140334 -0.0419327 0.026061 0.0989947
internal_weight=39320.5 24068.6 19895.2 4173.46 10.3755 3.27493 3093.94 757.481 2336.46 70.4782 24.4009 21.6685 46.0773 2.73236 20.6746 19.7585 11.1048 2.43201 2265.98 100.592 98.6314 1.96052 2165.39 16801.2 8.65368 15251.8 97.7861 17.2976 80.4885 12.2848
internal_count=806001 499072 424777 74295 145 48 79540 24773 54767 1649 546 488 1103 58 463 440 239 58 53118 2663 2606 57 50455 345237 201 306929 2589 383 2206 332
is_linear=0
shrinkage=0.1


Tree=66
num_leaves=31
num_cat=0
split_feature=20 29 11 13 10 29 19 29 15 15 21 20 23 6 4 8 14 14 20 12 4 18 19 8 20 29 5 23 18 20
split_gain=4.40902 10.638 10.3355 9.32493 13.4022 14.0643 10.0616 12.1859 11.7286 23.2928 12.8815 12.7999 18.0433 18.4385 12.3868 17.5019 24.3352 14.3227 23.161 13.1879 14.0939 13.9107 13.7474 11.8701 11.0318 10.3985 8.75735 12.9406 17.8385 8.34485
threshold=393398.50000000006 130721.50000000001 0.28869047619047622 0.25462962962962971 6.9082550291486795 261352.50000000003 1.0000000180025095e-35 140371.00000000003 0.053654993943599939 0.053533145467823263 2.5000000000000004 87.500000000000014 6.5000000000000009 1.5000000000000002 34.500000000000007 20.500000000000004 0.056173931742800186 1.0000000180025095e-35 41299.000000000007 0.12347560975609757 82.500000000000014 123.50000000000001 35.500000000000007 8.5000000000000018 74530.500000000015 709494.50000000012 1.5000000000000002 1.5000000000000002 40.500000000000007 81032.500000000015
decision_type=2 2 2 2 2 2 2 2 2 2 2 2 2 2 2 2 2 2 2 2 2 2 2 2 2 2 2 2 2 2
left_child=1 -1 3 6 -5 -6 7 -3 9 -8 -10 12 13 -12 17 19 29 18 -11 20 21 23 -22 25 -18 -16 27 -4 -29 -17
right_child=-2 2 26 4 5 -7 8 -9 10 14 11 -13 -14 -15 15 16 24 -19 -20 -21 22 -23 -24 -25 -26 -27 -28 28 -30 -31
leaf_value=0.00035136497294083874 0.0010124221967398983 -0.041321821213622344 0.00022410693178812397 0.035037629406129922 0.56468521278737105 0.06120269166494241 9.2635928809723045e-05 -0.0070209013823613487 -0.01964582039906838 0.0010440095158891977 0.57030870256450938 -0.039144949357718201 0.65927033272190205 0.0077106467762368923 0.36756363558759947 -0.10366075163145926 0.83949022985657662 0.025864481437496412 0.76289547790888879 0.34621900664698974 0.085728394524595117 0.41033587259265031 0.67240217020761162 -0.073219727421083181 0.33706328091743815 -0.10441253485711599 -0.035910860410529197 0.67760172456910173 0.013346206551190259 0.33840169509568985
leaf_weight=14060.324231673032 19776.595526585355 107.49363936297596 4.6844799630343905 17.757921258918945 1.0361961303278797 1.1942699681967495 1854.8271627323702 2839.3565069483593 331.46254048962146 0.94293535128235706 0.74223807454109225 3.1366153517737985 0.78742531873285759 2.7075714496895662 1.2709733359515678 1.1595142660662525 0.84728958830237366 151.76797228958458 0.6918046809732914 1.5402583181858052 1.0533404368907202 0.77713517658412534 0.64338637888431538 9.5492745274677855 0.90253327041864395 0.73776281997561444 142.73052671924233 0.76811219938099362 0.85352838225662708 0.6759655438363551
leaf_count=302301 345992 3133 93 443 19 29 48667 89061 8119 27 26 124 33 102 35 37 22 3718 19 28 31 23 17 257 18 20 3542 24 26 15
internal_value=-4.02258e-05 -0.00110549 -0.00484198 -0.00411612 0.0640578 0.295103 -0.0043726 -0.00827211 0.000483772 0.00336198 -0.0167377 0.113987 0.227344 0.128756 0.0385038 0.114319 0.313517 0.0290357 0.323451 0.068456 0.0379663 0.000796347 0.308191 -0.0267402 0.580346 0.194218 -0.0308156 0.0845076 0.32798 0.0591408
internal_weight=39319 19542.4 5482.1 5333.06 19.9884 2.23047 5313.07 2946.85 2366.22 2027.39 338.836 7.37385 4.23723 3.44981 172.56 19.1574 3.5853 153.403 1.63474 15.5721 14.0319 12.3351 1.69673 11.558 1.74982 2.00874 149.037 6.30612 1.62164 1.83548
internal_count=806001 460009 157708 154023 491 48 153532 92194 61338 52934 8404 285 161 128 4267 503 92 3764 46 411 383 335 48 312 40 55 3685 143 50 52
is_linear=0
shrinkage=0.1


Tree=67
num_leaves=31
num_cat=0
split_feature=25 10 16 12 16 14 8 14 25 23 27 18 8 24 11 9 10 25 19 11 17 13 16 13 18 14 10 8 16 7
split_gain=4.23116 7.67519 23.284 8.24585 6.36601 7.61934 7.32884 6.78647 19.9954 6.91758 12.2226 7.17966 8.53497 20.0656 4.51163 7.06015 4.49729 7.03015 6.57843 6.09271 9.31505 16.1723 13.6675 9.31473 13.8057 17.4146 22.8046 16.0827 15.9152 15.7665
threshold=25.500000000000004 7.3727461691239187 0.053832704934823276 0.12158167036215818 0.049602462791504716 0.066725248974809623 1.0000000180025095e-35 0.034182097116245501 29.500000000000004 22.500000000000004 150.50000000000003 69.500000000000014 19.500000000000004 0.046536796536796543 0.012121657361151927 2.5000000000000004 6.3785874479651934 19.500000000000004 6.5000000000000009 0.097693531283138943 135.50000000000003 0.040722564365751439 0.049487014736199965 0.080069686411149837 4.5000000000000009 0.039788843639444099 6.3924193736056063 13.500000000000002 0.056115231530255889 2.5000000000000004
decision_type=2 2 2 2 2 2 2 2 2 2 2 2 2 2 2 2 2 2 2 2 2 2 2 2 2 2 2 2 2 2
left_child=16 4 3 -3 5 6 -2 8 -8 11 -11 -9 14 -14 15 -13 -1 18 19 23 -21 -22 -23 -18 -25 -26 27 -27 -28 -30
right_child=1 2 -4 -5 -6 -7 7 9 -10 10 -12 12 13 -15 -16 -17 17 -19 -20 20 21 22 -24 24 25 26 28 -29 29 -31
leaf_value=0.00040817166265593504 0.33515756221414306 -0.025237895994289813 0.64961701716392994 0.28815261838191292 -0.030482185840218418 0.25353427297958736 0.59464667020989015 -0.078030765578781233 -0.10327722836260317 -0.018614315200568964 0.52679053828154865 -0.10344886656413695 0.68662327506965148 -0.10453785028942614 -0.10358350178222009 0.28094981472777464 -0.0014049645835528053 -0.057193921423060318 -0.013924289725266501 -0.011992384928849978 0.43776533319845873 0.27189454170478428 -0.0060043446434634882 -0.0053142737306230044 -0.040234386437068261 0.023610996328798428 0.035606163669957364 0.43155365132625817 0.12550712999831265 0.5639036145417996
leaf_weight=34688.089175675064 0.68060521129519358 5.1070961905643335 0.66440149955451477 1.0047618672251699 123.16870642732829 1.3928726250305761 0.71612896956503636 11.926743446849292 0.9618618693202734 1.1830893913283933 0.62952515296638001 0.88446058332919975 0.63306198269128777 0.6494265403598547 2.2871980434283614 1.0392066817730663 2999.2535468228161 23.774098128080368 465.13662155065686 636.63659237325191 1.1027534715831269 2.1113761421293011 10.93818782456219 159.18325969483703 26.146755003370345 1.5394162945449341 143.6557539794594 2.5962933655828238 3.8378098644316188 1.0433842875063417
leaf_count=700075 17 193 27 15 4405 38 27 451 36 46 13 32 24 19 77 36 71039 876 10144 11107 24 39 214 3404 669 31 2783 47 73 20
internal_value=-4.16217e-05 -0.0166428 0.0873991 0.0262821 -0.0214666 0.0268466 0.0122228 0.00171184 0.194581 -0.0151154 0.170806 -0.0344611 0.0601341 0.285995 -0.00865559 0.104212 2.32015e-05 -0.0029596 -0.00267006 -0.00135745 -0.0102086 0.0700339 0.0389588 0.000368587 0.0161061 0.0351744 0.0480889 0.279707 0.0416399 0.219217
internal_weight=39318 152.929 6.77626 6.11186 146.153 22.9842 21.5913 20.9107 1.67799 19.2327 1.81261 17.4201 5.49335 1.28249 4.21087 1.92367 39165 4476.96 4453.18 3988.05 650.789 14.1523 13.0496 3337.26 338.003 178.819 152.673 4.13571 148.537 4.88119
internal_count=806001 5456 235 208 5221 816 778 761 63 698 59 639 188 43 145 68 800545 100470 99594 89450 11384 277 253 78066 7027 3623 2954 78 2876 93
is_linear=0
shrinkage=0.1


Tree=68
num_leaves=31
num_cat=0
split_feature=7 4 17 5 27 10 29 13 24 20 10 29 8 17 4 13 17 10 11 13 13 16 14 28 4 29 8 27 9 1
split_gain=4.23593 5.40465 10.9698 7.71476 11.0807 11.8576 24.828 17.8413 10.4141 22.6251 9.50715 10.5529 10.4895 13.6329 9.93411 9.39284 8.76323 14.0811 28.0936 16.7316 23.3638 21.0707 11.699 28.5128 11.5638 10.7632 10.2016 9.46951 13.0082 18.2263
threshold=2.5000000000000004 61.500000000000007 129.50000000000003 4.5000000000000009 3.5000000000000004 9.3389973423344141 133761.50000000003 0.051875097234271882 0.70833333333333337 70852.500000000015 6.7816248409714861 1000099.5000000001 18.500000000000004 29.500000000000004 42.500000000000007 0.41428571428571431 11.500000000000002 3.7838486602436219 0.16405676535356009 0.066106891751396515 0.058727725617934476 0.053630850178917132 0.047713916102683371 12.500000000000002 4.5000000000000009 19.500000000000004 21.500000000000004 1.0000000180025095e-35 2.5000000000000004 3.5000000000000004
decision_type=2 2 2 2 2 2 2 2 2 2 2 2 2 2 2 2 2 2 2 2 2 2 2 2 2 2 2 2 2 2
left_child=1 3 -3 16 5 8 7 -7 10 -10 14 -12 -13 -14 -5 -6 17 18 24 20 22 -22 23 -20 26 -24 27 28 29 -1
right_child=-2 2 -4 4 15 6 -8 -9 9 -11 11 12 13 -15 -16 -17 -18 -19 19 -21 21 -23 25 -25 -26 -27 -28 -29 -30 -31
leaf_value=0.1075291372437671 -0.0015668434598061398 -0.0033696824317885586 -0.047015268404778453 -0.0065149874822972844 0.0048485971946476275 0.090375688879467397 0.0016157658733217499 0.56514991136582859 0.037576920391064111 0.46920476098600361 -0.040326753329041148 -0.0041581698951595374 0.10418930710258603 0.59115886728669054 0.018542260629477666 0.053429120200633173 0.0013711922491889974 -0.0053294525285746035 0.54033105104971779 -0.0054746280257001925 0.12639496290361998 0.64397130213558407 0.34582332735726296 0.078176393375703035 -0.021540646006235467 0.053514436235453593 -0.026297214315584152 0.013491128345542875 0.013467349693324452 0.48070606816916694
leaf_weight=8.8990887999534625 12445.405005672015 1503.4454920766875 59.879493921995163 1210.1083790352568 7030.9740163963288 1.5330528058111652 7.4919708650559187 1.6363144442439077 9.7083967197686416 1.3880592957139004 119.0591625161469 8.0190131608396751 2.8832198325544591 0.71806690469384182 182.01916358433664 40.025596171617508 11183.014758548699 4872.7313105566427 1.8507560491561879 20.294682651758194 1.7037487756460898 1.4610876180231569 1.3034684546291817 4.789921909570694 142.07292077410966 37.487772749736905 61.439645752310753 341.10117173194885 13.387105057016013 1.5344577375799406
leaf_count=193 257702 32737 1488 30237 140710 37 186 30 199 25 3493 249 90 19 4586 639 230233 92342 33 303 28 21 13 67 2554 543 1075 5857 279 33
internal_value=-4.16423e-05 0.000664735 -0.00504142 0.00101721 0.00344747 -0.00422579 0.100871 0.335497 -0.00495626 0.0915694 -0.00565962 -0.0314489 0.0595121 0.201287 -0.00323878 0.00512359 -0.000237091 -0.0035012 0.0104768 0.0707856 0.102633 0.365341 0.0843325 0.206979 0.0031677 0.0633366 0.0114011 0.0177481 0.0787058 0.162412
internal_weight=39317.4 26872 1563.32 25308.6 8615.56 1544.56 10.6613 3.16937 1533.9 11.0965 1522.81 130.679 11.6203 3.60129 1392.13 7071 16693.1 5510.06 637.326 68.8914 48.5968 3.16484 45.4319 6.64068 568.434 38.7912 426.361 364.922 23.8207 10.4335
internal_count=806001 548299 34225 514074 180500 39151 253 67 38898 224 38674 3851 358 109 34823 141349 333574 103341 10999 1008 705 49 656 100 9991 556 7437 6362 505 226
is_linear=0
shrinkage=0.1


Tree=69
num_leaves=31
num_cat=0
split_feature=18 29 11 10 14 14 9 8 11 3 12 9 20 10 13 13 29 11 10 26 27 29 20 10 13 11 11 8 28 15
split_gain=4.16967 11.3881 7.40712 12.4195 7.92676 9.83713 9.5094 10.325 8.96063 10.6105 8.31804 7.98593 7.76276 5.94652 5.9771 5.89076 11.604 7.15903 15.433 10.6116 9.42764 11.3898 11.1813 10.7075 5.75459 5.33797 8.95084 7.44972 9.29103 17.4854
threshold=141.50000000000003 37134.000000000007 0.10231746599856838 2.3892212945400391 0.069057226705796046 0.070478952683563648 1.5000000000000002 15.500000000000002 0.11926525092657518 2.5000000000000004 0.051834173477011213 3.5000000000000004 101669.50000000001 7.4513865910842307 0.12459150326797387 0.091047250621718714 14073.500000000002 0.096930786094581903 6.2156070997535293 0.14039408866995076 19.500000000000004 18181.500000000004 97.500000000000014 4.9155874454622523 0.039994246260069054 0.032292825361512796 0.028708791208791214 12.500000000000002 12.500000000000002 0.050990900347843288
decision_type=2 2 2 2 2 2 2 2 2 2 2 2 2 2 2 2 2 2 2 2 2 2 2 2 2 2 2 2 2 2
left_child=-1 13 3 -3 8 6 -6 10 9 -4 -8 12 -11 14 15 17 -17 25 19 20 21 23 -22 -19 -10 26 27 -2 29 -29
right_child=1 2 4 -5 5 -7 7 -9 24 11 -12 -13 -14 -15 -16 16 -18 18 -20 -21 22 -23 -24 -25 -26 -27 -28 28 -30 -31
leaf_value=7.0912871020887796e-05 -0.026706662279025462 0.34215946811701514 0.29482816553520469 -0.031827455430174401 0.29047299341959532 -0.024066076102767484 0.33209317517481934 -0.076101548436649749 0.19847712701453205 -0.054003167487288929 0.04969760405655687 -0.1067287703207111 0.20644517793961123 0.23362278650694873 -0.072853254487464256 0.020610069223396386 0.31419507213910142 -0.056945907726290448 0.37525207527835519 0.26839490509533603 0.2218505165622586 0.35020414476813366 -0.066124904366717627 0.20671699480033784 -0.046324383614204614 -0.022797547541958896 0.27649159897530562 -0.055780229313067919 0.012594315236098684 0.19921399493023995
leaf_weight=38845.917603502981 31.445328729227185 0.89149728044867416 1.7408928070217369 223.42699090950191 2.7306299004703778 6.8723538424819699 1.8111848868429659 2.8581182658672333 0.99067204352468152 1.9111868534237126 2.4594119936227798 2.9818868320435286 2.8522904291749001 1.1782875861972559 8.6621476188302022 4.6739952471107236 1.8909721784293649 3.9251253195107081 1.4488719757646311 1.8514701426029194 1.5236005429178465 1.5268972143530843 11.717657573521135 2.535006633028388 31.274041024968028 59.509684995748103 1.2996953558176745 4.080736041069029 42.845139198005199 7.8857422228902578
leaf_count=796167 652 17 30 5219 31 84 25 34 27 41 25 55 39 25 152 79 30 64 25 25 31 25 174 39 572 1144 24 102 861 183
internal_value=-4.24598e-05 -0.00939686 -0.0220776 -0.0303411 0.00961829 0.0677747 0.131791 0.0710088 -0.0136879 0.0717504 0.169463 0.0216101 0.101949 0.00967828 0.00826586 0.0122099 0.105174 0.0086532 0.0586676 0.0387934 0.0187682 0.104574 -0.0329891 0.0465175 -0.0388079 0.0003115 0.016018 0.0120933 0.0343528 0.112257
internal_weight=39316.7 470.802 282.801 224.318 58.4827 16.7317 9.85935 7.12872 41.751 9.48626 4.2706 7.74536 4.76348 188 186.822 178.16 6.56497 171.595 24.5286 23.0798 21.2283 7.98703 13.2413 6.46013 32.2647 147.066 87.5566 86.2569 54.8116 11.9665
internal_count=806001 9834 6199 5236 963 199 115 84 764 165 50 135 80 3635 3610 3458 109 3349 383 358 333 128 205 103 599 2966 1822 1798 1146 285
is_linear=0
shrinkage=0.1


Tree=70
num_leaves=31
num_cat=0
split_feature=27 27 14 8 11 14 10 5 8 13 13 29 15 4 28 17 15 18 8 28 18 11 11 12 15 29 10 15 19 11
split_gain=3.92795 6.11657 6.6711 7.80028 9.62065 10.8923 7.12307 11.7892 6.10871 5.82573 7.87378 11.7363 6.13806 8.67276 10.877 7.75542 7.5125 5.65712 5.38075 6.00547 5.04043 4.90116 8.8662 11.5377 14.951 17.9882 8.84689 8.72952 14.172 10.3402
threshold=361.50000000000006 325.50000000000006 0.042293245834614766 9.5000000000000018 0.051752036603057702 0.036127957419224907 5.7012789954730954 9.5000000000000018 15.500000000000002 0.074133811230585434 0.12459150326797387 11.500000000000002 0.053339504532637243 1.5000000000000002 330.50000000000006 11.500000000000002 0.050888225526544539 140.50000000000003 19.500000000000004 326.50000000000006 141.50000000000003 0.11774608833432364 0.10717967599410899 0.079682539682539702 0.050888225526544539 1380.5000000000002 5.9920891568081993 0.05084131709447804 1.5000000000000002 0.19803921568627456
decision_type=2 2 2 2 2 2 2 2 2 2 2 2 2 2 2 2 2 2 2 2 2 2 2 2 2 2 2 2 2 2
left_child=1 -1 3 4 5 -3 18 8 -8 17 11 -11 13 14 15 -13 -16 -4 -5 -20 -19 22 -2 24 25 -24 27 28 -23 -30
right_child=21 2 9 6 -6 -7 7 -9 -10 10 -12 12 -14 -15 16 -17 -18 20 19 -21 -22 26 23 -25 -26 -27 -28 -29 29 -31
leaf_value=-0.00010649714826183585 0.0072000425984099104 0.041618489929222895 -0.034454475673113008 -0.10914304358741045 -0.018014963979942022 0.42620454601149849 0.14818689955774192 0.34890323687726504 -0.056708747341149807 0.37696883560936345 -0.064901202431781213 -0.076906788606221646 -0.043802621980630584 -0.027467428320818523 0.068187260355234036 0.19383046732493264 0.33312183788344157 0.23814085294394163 -0.10845568253698626 0.14122752757227708 -0.0079945034328994784 -0.0022063840983970926 0.46210936627001509 -0.058417841953035003 0.052891515139465273 0.078299514709490203 -0.053287501574818853 -0.005754264253842109 0.096174856297754407 0.43724624276858237
leaf_weight=38136.67486306373 820.07981312926859 1.3083932064473658 151.06066261604428 6.3262823233380931 2.1821848247200251 1.6846388801932333 2.3049993868917218 1.3087435290217397 3.9461334571242332 1.0197492167353654 8.9700576197355968 2.9858708865940589 7.5046790298074475 5.9438826218247405 1.6889659911394117 1.6387583278119562 2.9219650980085135 1.4382175076752894 1.6290297862142327 2.3572698719799519 1.9738328121602533 5.5787543617188913 2.267469394952065 5.5737361386418334 14.120554748922585 2.646149318665266 36.981056218966842 78.166370747610927 1.9364168569445612 1.6430947687476871
leaf_count=788564 12251 19 2379 102 37 29 42 22 70 11 129 38 98 74 23 22 35 21 27 30 29 78 26 61 193 33 497 1014 25 22
internal_value=-4.13702e-05 -0.000200259 -0.017212 0.0335531 0.141664 0.258084 0.00224812 0.0759821 0.0188431 -0.0234639 0.0148988 0.0450968 0.0301778 0.0667535 0.127393 0.0190302 0.236077 -0.0315784 -0.0518043 0.0391927 0.0957543 0.0062465 0.00897476 0.0681189 0.105172 0.255415 -0.0122927 0.00506813 0.097438 0.252736
internal_weight=39315.9 38346.9 210.194 23.0477 5.17522 2.99303 17.8725 7.55988 6.25113 187.147 32.6739 23.7039 22.6841 15.1794 9.23556 4.62463 4.61093 154.473 10.3126 3.9863 3.41205 968.993 844.688 24.6079 19.0342 4.91362 124.306 87.3246 9.15827 3.57951
internal_count=806001 791801 3237 378 85 48 293 134 112 2859 430 301 290 192 118 60 58 2429 159 57 50 14200 12564 313 252 59 1636 1139 125 47
is_linear=0
shrinkage=0.1


Tree=71
num_leaves=31
num_cat=0
split_feature=8 29 29 17 10 10 14 16 15 18 20 5 10 14 5 13 28 26 29 28 14 13 12 4 14 14 16 10 10 14
split_gain=3.93266 14.3619 10.2747 14.0301 11.2957 14.0848 10.6115 15.0786 10.3191 12.3528 12.524 12.0209 17.3672 14.5778 13.6458 10.1135 10.0886 20.0215 14.0761 12.8951 11.7261 10.1817 10.4003 9.24631 15.914 8.65212 13.7483 8.64882 11.8613 12.5302
threshold=8.5000000000000018 39443.000000000007 5958.5000000000009 149.50000000000003 7.1872785205096408 5.6710003585639406 0.089441131809932975 0.046771875521572727 0.053533145467823263 100.50000000000001 155838.50000000003 4.5000000000000009 7.9370192758645315 0.063835961521838472 8.5000000000000018 0.0561620616977958 346.50000000000006 0.12060606060606062 4147.5000000000009 472.50000000000006 0.038607634498045461 0.057868277409416656 0.19722222222222227 92.500000000000014 0.049877437832697512 0.049663340476192995 0.049487014736199965 4.7790394524356454 4.6190653104788417 0.057283363467869462
decision_type=2 2 2 2 2 2 2 2 2 2 2 2 2 2 2 2 2 2 2 2 2 2 2 2 2 2 2 2 2 2
left_child=1 2 4 6 5 16 23 -8 -6 10 11 13 -13 -10 -14 -9 -1 18 20 -19 -18 22 -22 27 -25 26 -12 28 -4 -30
right_child=-2 -3 3 -5 8 -7 7 15 9 -11 25 12 14 -15 -16 -17 17 19 -20 -21 21 -23 -24 24 -26 -27 -28 -29 29 -31
leaf_value=0.00067082806124668746 0.00040543407390163344 -0.0061137208954519656 0.016662070967748757 0.33291930242096734 0.011526946892347609 -0.01855901468478777 0.44218398425822092 0.11248336787685509 -0.010113789457305615 0.40492721994021919 0.38546917518029189 0.082563411977442033 0.71429590140413168 0.42034674034006203 0.24490396901051331 -0.031120921108077161 0.18835837255321211 0.3525532938357559 0.30416933861550233 0.07107767367827629 0.0017310026570980124 -0.11035307727272672 0.22041006611093877 -0.024802879494017521 0.34523186448310861 -0.090149503176516974 0.013565581567474947 0.0022216557737720589 0.031464117377553245 0.17277679371999785
leaf_weight=1066.5008890964091 32805.824730397202 3911.1176400864497 278.30304338596761 1.3574452679604281 59.0046381726861 434.85914529301226 1.0891973115503812 13.601540159434082 5.2485012169927394 1.1733487769961346 1.1999821811914442 2.6547165419906378 1.0961605496704581 0.92544816248118866 1.4237884301692245 7.6695232037454835 3.3445063754916182 3.2324418164789668 1.6913221981376398 3.2782174833118916 25.256319938227538 7.5674631111323825 2.3797972798347464 2.4595754072070113 2.2034509014338255 5.5117571279406548 5.7908068969845772 632.7052129721269 15.996644106693568 10.324535755440591
leaf_count=18655 670608 87963 5097 23 1101 7963 16 220 122 23 18 56 21 13 34 110 45 39 25 39 369 99 22 53 37 82 101 12543 336 168
internal_value=-4.00641e-05 -0.00228542 0.00347817 0.011654 -0.00135935 -0.00329752 0.0112018 0.0792875 0.0343485 0.0881589 0.0725756 0.148633 0.261052 0.0544104 0.449086 0.0607052 0.00266393 0.0481323 0.0218088 0.210826 0.00942 -0.00757999 0.0205619 0.00958566 0.150052 0.00353765 0.0774035 0.00888686 0.0227305 0.0868943
internal_weight=39314.8 6508.97 2597.85 965.71 1632.14 1548.11 964.353 22.3603 84.0291 25.0245 23.8512 11.3486 5.17467 6.17395 2.51995 21.2711 1113.25 46.7501 40.2394 6.51066 38.5481 35.2036 27.6361 941.992 4.66303 12.5025 6.99079 937.329 304.624 26.3212
internal_count=806001 135393 47430 18603 28827 27256 18580 346 1571 470 447 246 111 135 55 330 19293 638 560 78 535 490 391 18234 90 201 119 18144 5601 504
is_linear=0
shrinkage=0.1


Tree=72
num_leaves=31
num_cat=0
split_feature=9 14 14 28 28 16 29 5 4 12 27 19 22 15 23 14 22 26 19 17 23 26 20 6 29 20 28 28 28 21
split_gain=3.87448 5.79229 9.79365 10.7307 26.9138 8.96933 5.57574 7.14448 5.3261 10.78 12.105 7.28367 7.21032 13.2407 7.69035 6.97562 6.6565 9.0617 8.43014 8.20302 7.20848 16.7389 15.5221 17.5187 17.8358 6.64895 8.0983 8.15517 11.4399 6.83487
threshold=4.5000000000000009 0.12801233853865435 0.10043101552535517 102.50000000000001 156.50000000000003 0.050321923658314664 868.50000000000011 3.5000000000000004 24.500000000000004 0.068573667711598757 1202.5000000000002 127.50000000000001 0.83333333333333337 0.050990900347843288 5.5000000000000009 0.072595520421607398 0.55000000000000016 0.15047169811320757 102.50000000000001 11.500000000000002 1.5000000000000002 0.40833333333333338 177.50000000000003 1.5000000000000002 312.50000000000006 1923.5000000000002 387.50000000000006 71.500000000000014 67.500000000000014 4.5000000000000009
decision_type=2 2 2 2 2 2 2 2 2 2 2 2 2 2 2 2 2 2 2 2 2 2 2 2 2 2 2 2 2 2
left_child=-1 2 8 -4 5 -5 7 -3 11 10 12 15 14 -14 -10 16 -2 19 20 -18 -19 -22 -23 -24 -25 29 27 28 -27 -17
right_child=1 6 3 4 -6 -7 -8 -9 9 -11 -12 -13 13 -15 -16 25 17 18 -20 -21 21 22 23 24 -26 26 -28 -29 -30 -31
leaf_value=0.00059187302830688529 -0.0010733712996982509 0.17541233655973643 0.01946963098780297 0.18776712323851 -0.026922595687707836 0.49479839644976842 -0.038708974383094091 -0.0081886143329399624 -0.003026622626007577 -0.024411898291362484 0.24608441499616229 -0.026725085954252305 0.41931229610468884 -0.036771756367245764 -0.047529420457031873 0.041347965145986244 0.42364521381756959 -0.0090397707520253733 0.24548027402030828 0.051547837980085623 -0.02959963128548089 -0.0038981293522292477 -0.028218612041960731 0.14932563058544132 0.60631399393922258 0.01015148997689571 0.16527529041950459 -0.038113468216199334 0.23190929775828306 0.31157630916546752
leaf_weight=27972.693450208753 8307.3941989466548 2.7966345548629752 98.874158774502575 2.0080886166542755 4.5464214663952589 1.8082543257623909 70.218920744024217 8.7527231536805612 1999.3859551418573 278.56184409651905 1.9423190094530571 105.24602664262056 1.1336166970431798 1.4516280703246591 39.599426708184183 51.307500941678882 1.1131433136761182 32.006636073812842 1.6863745655864466 1.2666004747152326 7.6909413887187821 2.8691532425582409 1.2619630619883535 1.5156122818589213 1.9565924294292925 271.36332323774695 3.2300564832985392 36.756883995607495 2.3464091308414927 0.95337636023759742
leaf_count=574465 170787 36 1622 26 47 20 1260 112 42195 4950 21 2126 19 33 1567 1076 17 509 25 33 151 47 22 19 34 4257 33 439 32 21
internal_value=-4.02388e-05 -0.00159934 -0.00140675 0.0286694 0.137439 0.333244 -0.0281186 0.0362697 -0.00169596 -0.00595752 -0.00344191 -0.00057527 -0.00367931 0.163219 -0.00389092 -0.000259825 -0.000851469 0.035036 0.0257786 0.225599 0.0179458 0.0744191 0.179636 0.290868 0.406839 0.0132538 0.00775211 0.00611326 0.0120525 0.0462776
internal_weight=39313.7 11341 11259.3 107.237 8.36276 3.81634 81.7683 11.5494 11152 2322.07 2043.51 8829.96 2041.57 2.58524 2038.99 8724.72 8358.76 51.367 48.9873 2.37974 47.3009 15.2943 7.60332 4.73417 3.4722 365.958 313.697 310.467 273.71 52.2609
internal_count=806001 231536 230128 1715 93 46 1408 148 228413 48785 43835 179628 43814 52 43762 177502 171644 857 807 50 782 273 122 75 53 5858 4761 4728 4289 1097
is_linear=0
shrinkage=0.1


Tree=73
num_leaves=31
num_cat=0
split_feature=20 29 19 20 11 13 25 8 27 19 13 20 29 11 16 13 10 29 18 20 11 9 16 14 17 5 16 14 14 27
split_gain=3.9809 8.39727 11.1486 9.61782 10.6906 9.08079 9.44732 13.4031 13.0358 18.5649 14.3546 12.3925 24.1058 13.017 10.0207 15.1689 9.16085 15.5968 8.88674 8.80123 8.57234 7.6382 12.7051 13.0446 11.9939 8.32667 8.57238 11.2793 20.9657 8.6859
threshold=393398.50000000006 3826.5000000000005 5.5000000000000009 216724.50000000003 0.096930786094581903 0.053287178693462563 1.0000000180025095e-35 22.500000000000004 37.500000000000007 20.500000000000004 0.055559914885942481 291535.50000000006 175871.50000000003 0.088303693570451453 0.048870032304600138 0.071586132401458114 1.7647073397314548 308916.50000000006 126.50000000000001 8974.0000000000018 0.096269694161260452 2.5000000000000004 0.049602462791504716 0.071764321186977592 141.50000000000003 2.5000000000000004 0.053635223982057077 0.04445937939153221 0.043989208999287391 32.500000000000007
decision_type=2 2 2 2 2 2 2 2 2 2 2 2 2 2 2 2 2 2 2 2 2 2 2 2 2 2 2 2 2 2
left_child=1 -1 3 -3 18 -4 7 16 9 10 -9 12 -12 -14 -11 -16 17 -7 20 -8 -5 -18 -23 25 -25 -24 29 28 -28 -27
right_child=-2 2 5 4 -6 6 19 8 -10 14 11 -13 13 -15 15 -17 21 -19 -20 -21 -22 22 23 24 -26 26 27 -29 -30 -31
leaf_value=0.0022501305314201136 0.00096027738468452994 -0.003274655340477529 -0.01514713280202587 -0.0071999212470667505 -0.034481226669685644 -0.0022798803410964854 -0.0061535712393661476 -0.010301967896269857 0.0022192401950010764 0.32768236562101022 0.70186802586402142 0.12761409790802131 0.056733644855020152 0.48128924094749809 -0.015425197942951758 0.33947205513404044 0.023506567543590661 0.3746703030957711 -0.062306237616397676 0.0038351810884483619 0.20457628396961858 -0.049583845089985638 -0.019762697000604294 0.049431025846400613 0.40218186128435163 0.02265867408214052 0.024660626529432086 0.037359058663288765 0.61872493532323247 -0.024603160459379658
leaf_weight=5522.2459354447201 19783.493364514783 7885.1357186045498 311.40121948253363 831.57491247262806 196.37688630819321 2.6924425885081282 1282.0838419813663 2.0690364763140696 17.187783975154161 1.1507091503590334 1.608231123536825 2.9810054656118155 1.8450658321380617 1.1866244077682493 12.019122961908577 1.3384527005255211 223.39437512867153 1.8531521558761594 29.781586222350597 2827.497827835381 1.9157739803194989 45.193140916526318 96.978932537138462 2.5125821605324736 1.5637913830578325 92.212555360049009 1.5418069083243602 63.554806992411613 0.96646538749337185 67.241943808272481
leaf_count=108118 345992 215098 8163 17380 3160 30 38956 36 258 22 30 50 37 18 216 19 3781 23 633 57410 28 835 1650 33 21 1788 37 1092 21 1066
internal_value=-3.95251e-05 -0.00105235 -0.00235436 -0.00447673 -0.0134217 0.00139589 0.00248027 0.0137708 0.0688115 0.116111 0.223288 0.286707 0.388919 0.222908 0.0445288 0.0201361 0.00997243 0.151396 -0.00863103 0.000718947 -0.00671315 0.0088923 0.000110577 0.00698759 0.184754 0.00474061 0.0152777 0.0455678 0.25356 0.00272836
internal_weight=39312.6 19529.1 14006.9 8944.78 1059.65 5062.07 4750.67 641.092 41.386 24.1982 9.68996 7.62093 4.63992 3.03169 14.5083 13.3576 599.706 4.54559 863.272 4109.58 833.491 595.16 371.766 326.573 4.07637 322.497 225.518 66.0631 2.50827 159.454
internal_count=806001 460009 351891 236299 21201 115592 107429 11063 686 428 171 135 85 55 257 235 10377 53 18041 96366 17408 10324 6543 5708 54 5654 4004 1150 58 2854
is_linear=0
shrinkage=0.1


Tree=74
num_leaves=31
num_cat=0
split_feature=15 29 4 27 27 6 4 8 9 15 10 13 14 8 20 24 13 11 28 19 14 28 14 9 17 14 14 7 29 11
split_gain=3.78876 7.59582 11.3193 9.07751 13.6968 15.1739 12.2609 10.7365 10.641 9.98566 9.14079 8.94896 10.0112 9.31414 10.5247 7.95729 6.95856 10.7368 10.5502 10.1201 11.4452 8.37235 9.83729 14.2538 13.6554 12.5432 19.9154 9.65875 9.25111 11.1792
threshold=0.052129262189818587 7.5000000000000009 18.500000000000004 89.500000000000014 134.50000000000003 1.5000000000000002 70.500000000000014 17.500000000000004 3.5000000000000004 0.050990900347843288 5.803626672146776 0.047206952904471855 0.062574104838482775 10.500000000000002 264946.00000000006 0.23303167420814483 0.045473343860440642 0.051752036603057702 11.500000000000002 53.500000000000007 0.12801233853865435 15.500000000000002 0.042127198339032737 5.5000000000000009 48.500000000000007 0.02936073877935266 0.036521357297997839 2.5000000000000004 24613.500000000004 0.063891637803067794
decision_type=2 2 2 2 2 2 2 2 2 2 2 2 2 2 2 2 2 2 2 2 2 2 2 2 2 2 2 2 2 2
left_child=1 2 11 15 5 -5 8 -6 -7 10 -9 12 -1 -14 -15 -4 17 19 -19 -3 -21 22 23 27 25 -25 -27 -20 29 -24
right_child=-2 16 3 4 7 6 -8 9 -10 -11 -12 -13 13 14 -16 -17 -18 18 21 20 -22 -23 28 24 -26 26 -28 -29 -30 -31
leaf_value=0.022195836972188892 0.0011925319918298623 -0.0007903503479348425 0.013527044200187252 -0.057543847350197012 -0.010787342818500646 0.21658304832156677 0.039947810482471591 0.407764120370946 0.49570822898675387 -0.015978126128928908 0.08179199728380479 -0.011231776295329017 -0.043369939959555584 0.44304630460581768 0.096520195857585298 0.23099541304398535 5.7131407737636574e-05 -0.022879676621188241 0.08403185484541037 -0.03072625801608346 0.32160121874743619 -0.0081977691620332919 0.0046313391737522252 0.078675956867160446 -0.029981300052158544 0.82541240087869339 0.1913442242744513 -0.040824492308186036 -0.027769761858921743 0.14715722068368051
leaf_weight=66.557186469435692 15262.739570616744 4986.2987636793405 42.596973964944482 1.9443770870566366 11.872839817777278 3.3589207306504267 1.9612396433949468 1.9144044890999787 2.3016887344419956 2.0736947096884251 1.5622492544353006 136.49219363555312 1.4587468653917302 1.6332686208188534 1.8915448896586895 1.7517632953822602 17071.470585866831 505.12033393327147 18.044462773017592 136.08228264190257 0.92828652448952098 968.01131397206336 18.172894764691595 1.0903446115553372 1.3548330925405023 0.96800167020410288 1.0145120713859794 9.4357237620279175 42.817058685235679 7.8937504217028609
leaf_count=1053 306929 121583 688 28 158 45 26 21 33 28 21 2007 18 26 18 23 331272 14982 517 3476 17 20944 425 29 43 27 27 264 1118 155
internal_value=-3.97677e-05 -0.000821879 0.0155712 0.0499448 0.0956711 0.191811 0.255423 0.0428851 0.33008 0.157697 0.261287 0.00378384 0.032432 0.16914 0.257088 0.022117 -0.00101456 -0.00374633 -0.0109703 -0.00152708 -0.0283391 -0.00534184 0.0220867 0.0679891 0.234498 0.351108 0.500941 0.0411606 0.000824109 0.0477924
internal_weight=39310.8 24048.1 279.371 71.3382 26.9894 9.56623 7.62185 17.4232 5.66061 5.55035 3.47665 208.033 71.5407 4.98356 3.52481 44.3487 23768.7 6697.23 1573.92 5123.31 137.011 1068.8 100.792 31.9079 4.42769 3.07286 1.98251 27.4802 68.8837 26.0666
internal_count=806001 499072 4193 1071 360 132 104 228 78 70 42 3122 1115 62 44 711 494879 163607 38531 125076 3493 23549 2605 907 126 83 54 781 1698 580
is_linear=0
shrinkage=0.1


Tree=75
num_leaves=31
num_cat=0
split_feature=25 10 20 23 25 26 10 14 14 17 24 18 15 14 27 13 19 21 4 28 17 28 13 11 8 20 27 17 1 12
split_gain=3.73907 6.26287 9.37781 12.1714 22.846 17.2453 17.1619 28.8774 44.9832 21.2711 11.4606 9.40666 7.91093 7.65875 9.31033 13.5619 4.80957 4.19554 4.19397 3.98714 9.1604 6.02571 14.7665 14.0699 9.58759 9.5098 13.6537 21.4919 17.8717 9.33355
threshold=25.500000000000004 5.5947299666169537 1923.5000000000002 13.500000000000002 43.500000000000007 0.12060606060606062 6.1323122662398957 0.054033686486103204 0.0575411591247912 8.5000000000000018 0.093073593073593086 46.500000000000007 0.053654993943599939 0.028289760876946211 3.5000000000000004 0.055418758262258727 144.50000000000003 4.5000000000000009 19.500000000000004 56.500000000000007 1.0000000180025095e-35 41.500000000000007 0.058727725617934476 0.058700467634752652 8.5000000000000018 1839.5000000000002 26.500000000000004 33.500000000000007 3.5000000000000004 0.097167584579071611
decision_type=2 2 2 2 2 2 2 2 2 2 2 2 2 2 2 2 2 2 2 2 2 2 2 2 2 2 2 2 2 2
left_child=-1 16 3 5 6 13 7 -5 -9 -8 -4 -12 -11 -3 15 -15 17 18 19 21 -21 24 29 -24 25 26 27 28 -2 -23
right_child=1 2 10 4 -6 -7 9 8 -10 12 11 -13 -14 14 -16 -17 -18 -19 -20 20 -22 22 23 -25 -26 -27 -28 -29 -30 -31
leaf_value=2.0996231589524911e-05 -0.10288498113428901 0.26359153552812115 -0.07271993941086162 -0.016932798319930591 -0.1053983625103744 0.48618963307220997 0.52525422783772069 1.2309245961040567 0.28487492348840132 -0.072828264513998806 0.0055187727712040849 0.32588541350126693 0.28293869293396534 -0.10228146500360552 -0.076810790508522728 0.73131536416118736 0.273620608763605 -0.10330727357098063 -0.066901651424081124 0.30427832681990236 -0.053790760302812352 -0.022422586370262475 0.76597563044819639 0.068330449809850577 -0.032027612485660342 -0.019512733727636854 -0.10340738023269834 0.75974912803856953 0.58053278475991099 0.39613453821651223
leaf_weight=39158.291950389743 1.1051820302382109 0.81344911735504943 16.183609327301387 1.1592810666188582 2.9618722982704631 0.67243808880448419 0.94198842905461777 0.74914251640439067 1.5271922610700128 3.1968550374731426 2.6846548235043874 1.3915973864495752 0.77692084480077017 0.42652938142418761 11.211324470117686 0.35980205144733191 0.52258911728858848 7.362683023326098 19.244637403637171 0.73323435429483907 27.910399102605879 4.9507881477475157 0.57535270042717435 0.58100145682692528 36.579262541607022 3.5621892148628831 0.98063678387552489 0.81174787785857905 0.5852850880473851 0.59701323509216297
leaf_count=800545 45 29 586 47 91 11 19 25 43 112 66 36 30 22 435 18 11 273 735 22 904 185 22 18 1438 126 35 36 23 13
internal_value=-3.95989e-05 -0.015737 0.0154988 0.0567362 0.133222 -0.00743849 0.21785 0.389324 0.59622 0.0980077 -0.0349733 0.114889 -0.00327156 -0.0333484 -0.0534811 0.279148 -0.0290014 -0.0304993 -0.0250414 -0.0148405 -0.0446247 0.00211074 0.0903759 0.415449 -0.0114538 0.0953695 0.212869 0.33682 0.133733 0.0226194
internal_weight=39309.5 151.159 45.0567 24.7968 11.3133 13.4835 8.35138 3.43562 2.27633 4.91576 20.2599 4.07625 3.97378 12.8111 11.9977 0.786331 106.102 105.579 98.2167 78.9721 28.6436 50.3285 6.70416 1.15635 43.6243 7.04504 3.48285 2.50221 1.69047 5.5478
internal_count=806001 5456 1570 882 367 515 276 115 68 161 688 102 142 504 475 40 3886 3875 3602 2867 926 1941 238 40 1703 265 139 104 68 198
is_linear=0
shrinkage=0.1


Tree=76
num_leaves=31
num_cat=0
split_feature=25 20 21 10 16 21 20 23 16 10 8 1 20 13 13 7 16 15 8 24 26 16 21 11 18 23 14 15 23 13
split_gain=3.68695 5.3656 5.52906 5.99926 9.79063 6.71499 8.09214 6.37416 5.62137 6.47108 16.6194 6.71327 6.0975 5.86644 15.1646 5.61115 5.32153 4.80979 11.1676 4.78003 4.16127 6.2953 8.65159 15.346 6.63843 5.4564 7.41994 12.3008 4.075 5.94782
threshold=25.500000000000004 31852.500000000004 4.5000000000000009 7.3727461691239187 0.053832704934823276 1.0000000180025095e-35 87.500000000000014 13.500000000000002 0.049696442601886638 5.2935560178973224 8.5000000000000018 4.5000000000000009 42.500000000000007 0.041717854217854226 0.042873266688165115 3.5000000000000004 0.049487014736199965 0.053339504532637243 21.500000000000004 0.093073593073593086 0.037386443046820407 0.048300115083844276 1.5000000000000002 0.040956108470785575 43.500000000000007 12.500000000000002 0.055100341623171727 0.050888225526544539 9.5000000000000018 0.071586132401458114
decision_type=2 2 2 2 2 2 2 2 2 2 2 2 2 2 2 2 2 2 2 2 2 2 2 2 2 2 2 2 2 2
left_child=-1 2 3 8 5 -5 -7 -8 9 20 16 12 -12 17 -15 -14 -11 -10 19 -19 21 22 23 -2 -23 26 27 -26 -16 -30
right_child=1 -3 -4 4 -6 6 7 -9 13 10 11 -13 15 14 28 -17 -18 18 -20 -21 -22 24 -24 -25 25 -27 -28 -29 29 -31
leaf_value=1.8896231404155515e-05 0.028543904500296993 -0.079201467747285481 -0.083054478198573381 -0.10421848265440972 0.36776016303592168 -0.10324696467710757 0.060196881237105648 0.3873168149588872 -0.096362494297649454 0.20106197146635713 0.17772432163713447 0.32240310558721075 -0.10416045120932485 0.45122379827755604 -0.043748368074025476 0.22045243663038527 0.53744328600512647 -0.084805533794018562 0.3250431601225619 0.12985443814136577 -0.083909609797564816 -0.1034089998362716 -0.10297542582065262 0.69813015904780062 0.036199405333406438 -0.051815721720723219 -0.017210058386519258 0.63027264883626299 0.020393249466156206 -0.076727798899419775
leaf_weight=39159.014028204605 0.75980118289590171 12.212363025173543 9.6506296219304186 2.1366994604468337 1.0518925525248048 1.1010794360190632 1.1855655256658795 1.1971901543438432 15.451581384986641 0.95887663681059876 1.4028623020276425 0.7010234473273157 3.9645044347271323 0.71657450869679351 25.163264593109488 0.61512202210724343 0.92299906723201275 5.4948573298752299 0.93131021969020356 1.2787726791575549 4.654374858364462 3.9421037491410953 0.69181417208164919 0.62288276851177216 0.71497016400098823 1.941733739338815 1.1509019508957861 0.68006646540015936 41.759257675148547 7.4271772373467675
leaf_count=800545 33 421 365 75 21 45 34 30 693 26 42 25 136 23 923 21 15 223 33 35 132 154 29 21 29 75 41 21 1478 257
internal_value=-4.11398e-05 -0.0156639 -0.0100521 -0.00457456 0.0877547 0.0353512 0.120952 0.224555 -0.00962644 0.0340601 0.103539 0.0296245 -0.00468311 -0.0201782 -0.00660457 -0.0605594 0.366046 -0.0641796 0.00036029 -0.0442805 -0.0051987 0.0296776 0.185732 0.330185 -0.00872617 0.074446 0.170743 0.325804 -0.0110171 0.00572792
internal_weight=39309.5 150.482 138.27 128.619 6.67243 5.62053 3.48384 2.38276 121.947 23.724 8.56539 6.68351 5.98249 98.2228 75.0663 4.57963 1.88188 23.1565 7.70494 6.77363 15.1586 10.5043 2.0745 1.38268 8.42978 4.48767 2.54594 1.39504 74.3497 49.1864
internal_count=806001 5456 5035 4670 205 184 109 64 4465 800 265 224 199 3665 2681 157 41 984 291 258 535 403 83 54 320 166 91 50 2658 1735
is_linear=0
shrinkage=0.1


Tree=77
num_leaves=31
num_cat=0
split_feature=1 19 19 20 12 29 11 13 9 14 16 8 10 14 29 19 14 20 13 19 9 19 19 11 11 27 8 16 25 14
split_gain=3.60474 6.9522 6.21073 23.0509 13.5982 6.35574 10.6108 20.4526 8.96249 9.612 7.93525 9.85227 18.8892 9.12535 7.74185 6.21579 6.87661 7.00063 6.81985 6.606 11.7629 6.01289 5.968 5.76659 7.78665 9.47739 9.16023 13.4373 9.08039 13.7226
threshold=4.5000000000000009 139.50000000000003 136.50000000000003 67.500000000000014 0.089898989898989909 1037323.5000000001 0.080681325039780136 0.10733486943164364 1.0000000180025095e-35 0.067451088962716885 0.053832704934823276 19.500000000000004 5.062911388621198 0.043989208999287391 1180963.0000000002 92.500000000000014 0.062501599038018732 19737.500000000004 0.031348270440251576 114.50000000000001 2.5000000000000004 120.50000000000001 42.500000000000007 0.072343673335877462 0.074657831176069875 118.50000000000001 9.5000000000000018 0.056963106343955149 14.500000000000002 0.056165167347280547
decision_type=2 2 2 2 2 2 2 2 2 2 2 2 2 2 2 2 2 2 2 2 2 2 2 2 2 2 2 2 2 2
left_child=23 2 5 -4 -5 15 21 8 -8 10 -10 13 -13 -12 -11 -2 -17 -18 -19 20 -20 -7 -15 -1 25 26 27 -25 -28 -30
right_child=1 -3 3 4 -6 6 7 -9 9 14 11 12 -14 22 -16 16 17 18 19 -21 -22 -23 -24 24 -26 -27 28 -29 29 -31
leaf_value=-0.0013601020322611304 0.0029355922794231191 -0.036152210489468588 0.49298766190512966 -0.0044574876349188696 0.32829949926602514 -0.034241081087093568 -0.079453561162439221 -0.10674116105733207 -0.0042890914294615992 0.096587717669176787 0.3115390280625765 0.44380879120962508 0.0054345836235881548 -0.025728200724243273 0.38346063189862545 -0.024888531875262028 -0.056172839268978585 0.22907825820984737 0.34263447176254214 0.01278842182715691 0.0079105597712963265 0.1705807806963015 0.21474625352542562 0.053929332003285771 0.0011161764129627952 -0.032536255877802962 0.012853731562040203 0.33099783187421022 0.48895987730852924 0.019522395100605112
leaf_weight=22673.437034649774 7226.9100258825347 47.695540643297136 1.1712749665603031 11.826746350154279 1.3703852891921986 122.18174517806619 3.6352430041879442 8.6837881412357074 9.7878722678870016 1.9367257133126252 1.2005323879420737 2.1795200780034061 1.7903610207140443 6.1868060957640409 1.8292681332677601 156.58272484038025 9.9711497239768487 1.7799495756626118 1.7707303836941708 31.838886136189103 2.5789997167885303 1.450290823355316 1.2386467978358267 45.722826251760125 8709.9851255984977 32.193537641316652 187.07580648176372 1.8200732991099347 1.011287143453955 1.6205870695412157
leaf_count=502367 146658 905 32 251 23 3301 68 162 197 27 29 39 36 119 28 3247 220 30 25 457 39 38 19 740 143396 428 3016 27 29 48
internal_value=-3.97374e-05 0.00190746 0.00214607 0.0678296 0.0300959 0.00202178 -0.0175669 0.0282992 0.0676702 0.0881228 0.0632544 0.115741 0.246108 0.0557423 0.235931 0.00244907 -0.0147426 0.0183965 0.0379796 0.0285804 0.144173 -0.0318384 0.0143856 -0.000510689 0.00163411 0.0183768 0.0252854 0.0645363 0.0154487 0.199902
internal_weight=39308.5 7655.6 7607.9 14.3684 13.1971 7593.53 162.101 38.4688 29.785 26.1497 22.3837 12.5959 3.96988 8.62599 3.76599 7431.43 204.522 47.9397 37.9686 36.1886 4.34973 123.632 7.42545 31652.9 8979.43 269.444 237.251 47.5429 189.708 2.63187
internal_count=806001 155950 155045 306 274 154739 4063 724 562 494 439 242 75 167 55 150676 4018 771 551 521 64 3339 138 650051 147684 4288 3860 767 3093 77
is_linear=0
shrinkage=0.1


end of trees

feature_importances:
interest_recency=271
price=250
cate_id_te=215
ad_ctr_cv=166
brand_te=156
total_interactions=156
user_ctr_cv=125
time_since_last_click=116
affinity_score=88
user_count_3D=79
age_cate=67
pid_te=64
hour=63
cms_group_id_te=63
brand_cate=63
gender_cate=57
weekday=54
cms_segid=53
user_count_1D=52
age_level=31
cms_group_id=28
user_count_1H=27
user_ctr_3D=25
new_user_class_level=18
user_ctr_1H=16
user_ctr_1D=13
pvalue_level=12
shopping_level=9
occupation=3

parameters:
[boosting: gbdt]
[objective: binary]
[metric: binary_logloss]
[tree_learner: serial]
[device_type: cpu]
[data_sample_strategy: bagging]
[data: ]
[valid: ]
[num_iterations: 100]
[learning_rate: 0.1]
[num_leaves: 31]
[num_threads: 1]
[seed: 0]
[deterministic: 0]
[force_col_wise: 0]
[force_row_wise: 0]
[histogram_pool_size: -1]
[max_depth: -1]
[min_data_in_leaf: 20]
[min_sum_hessian_in_leaf: 0.001]
[bagging_fraction: 1]
[pos_bagging_fraction: 1]
[neg_bagging_fraction: 1]
[bagging_freq: 0]
[bagging_seed: 3]
[bagging_by_query: 0]
[feature_fraction: 1]
[feature_fraction_bynode: 1]
[feature_fraction_seed: 2]
[extra_trees: 0]
[extra_seed: 6]
[early_stopping_round: 0]
[early_stopping_min_delta: 0]
[first_metric_only: 0]
[max_delta_step: 0]
[lambda_l1: 0]
[lambda_l2: 0]
[linear_lambda: 0]
[min_gain_to_split: 0]
[drop_rate: 0.1]
[max_drop: 50]
[skip_drop: 0.5]
[xgboost_dart_mode: 0]
[uniform_drop: 0]
[drop_seed: 4]
[top_rate: 0.2]
[other_rate: 0.1]
[min_data_per_group: 100]
[max_cat_threshold: 32]
[cat_l2: 10]
[cat_smooth: 10]
[max_cat_to_onehot: 4]
[top_k: 20]
[monotone_constraints: ]
[monotone_constraints_method: basic]
[monotone_penalty: 0]
[feature_contri: ]
[forcedsplits_filename: ]
[refit_decay_rate: 0.9]
[cegb_tradeoff: 1]
[cegb_penalty_split: 0]
[cegb_penalty_feature_lazy: ]
[cegb_penalty_feature_coupled: ]
[path_smooth: 0]
[interaction_constraints: ]
[verbosity: 1]
[saved_feature_importance_type: 0]
[use_quantized_grad: 0]
[num_grad_quant_bins: 4]
[quant_train_renew_leaf: 0]
[stochastic_rounding: 1]
[linear_tree: 0]
[max_bin: 255]
[max_bin_by_feature: ]
[min_data_in_bin: 3]
[bin_construct_sample_cnt: 200000]
[data_random_seed: 1]
[is_enable_sparse: 1]
[enable_bundle: 1]
[use_missing: 1]
[zero_as_missing: 0]
[feature_pre_filter: 1]
[pre_partition: 0]
[two_round: 0]
[header: 0]
[label_column: ]
[weight_column: ]
[group_column: ]
[ignore_column: ]
[categorical_feature: ]
[forcedbins_filename: ]
[precise_float_parser: 0]
[parser_config_file: ]
[objective_seed: 5]
[num_class: 1]
[is_unbalance: 0]
[scale_pos_weight: 1]
[sigmoid: 1]
[boost_from_average: 1]
[reg_sqrt: 0]
[alpha: 0.9]
[fair_c: 1]
[poisson_max_delta_step: 0.7]
[tweedie_variance_power: 1.5]
[lambdarank_truncation_level: 30]
[lambdarank_norm: 1]
[label_gain: ]
[lambdarank_position_bias_regularization: 0]
[eval_at: ]
[multi_error_top_k: 1]
[auc_mu_weights: ]
[num_machines: 1]
[local_listen_port: 12400]
[time_out: 120]
[machine_list_filename: ]
[machines: ]
[gpu_platform_id: -1]
[gpu_device_id: -1]
[gpu_use_dp: 0]
[num_gpu: 1]

end of parameters

pandas_categorical:[]
